Date,Open,High,Low,Close,Volume,Dividends,Stock Splits,Capital Gains
2000-01-03 00:00:00-05:00,93.66473938171885,93.66473938171885,90.90060289069005,91.8877944946289,8164300,0.0,0.0,0.0
2000-01-04 00:00:00-05:00,90.68341421526532,91.01905933646269,88.22530729826107,88.2944107055664,8089800,0.0,0.0,0.0
2000-01-05 00:00:00-05:00,88.4128743989127,89.41980977058411,86.71490494864328,88.45236206054688,12177900,0.0,0.0,0.0
2000-01-06 00:00:00-05:00,88.21540642823152,89.40003587892397,87.03077697753906,87.03077697753906,6227200,0.0,0.0,0.0
2000-01-07 00:00:00-05:00,88.64977198644935,92.08519744873047,88.49182139048241,92.08519744873047,8066500,0.0,0.0,0.0
2000-01-10 00:00:00-05:00,92.40115356445312,92.81577412531927,91.63114395141602,92.40115356445312,5741700,0.0,0.0,0.0
2000-01-11 00:00:00-05:00,92.12471206295449,92.30240653542911,90.66366862260759,91.29547119140625,7503700,0.0,0.0,0.0
2000-01-12 00:00:00-05:00,91.35469275658285,91.35469275658285,90.26878220944387,90.38724517822266,6907700,0.0,0.0,0.0
2000-01-13 00:00:00-05:00,91.27575158579596,92.08524884191053,90.52548583622637,91.61139678955078,5158300,0.0,0.0,0.0
2000-01-14 00:00:00-05:00,92.57878058610153,93.17109524116296,92.22339179306468,92.85519409179688,7437300,0.0,0.0,0.0
2000-01-18 00:00:00-05:00,91.82858305472035,92.63808034675294,91.72986387276516,92.12474060058594,6488500,0.0,0.0,0.0
2000-01-19 00:00:00-05:00,91.80881782453888,92.87498474121094,91.61137950663664,92.87498474121094,6157900,0.0,0.0,0.0
2000-01-20 00:00:00-05:00,92.8552267604953,92.8552267604953,90.86110005354017,91.45341491699219,5800100,0.0,0.0,0.0
2000-01-21 00:00:00-05:00,91.92729471587144,91.92729471587144,91.01907831618715,91.2560043334961,6244800,0.0,0.0,0.0
2000-01-24 00:00:00-05:00,92.0259598277773,92.14442276683901,88.07719519238672,88.66950988769531,7896900,0.0,0.0,0.0
2000-01-25 00:00:00-05:00,88.77813126325921,89.67647552490234,87.82055551183743,89.67647552490234,9942500,0.0,0.0,0.0
2000-01-26 00:00:00-05:00,89.08416886209014,89.42968591773875,88.51159774130099,88.96570587158203,5158100,0.0,0.0,0.0
2000-01-27 00:00:00-05:00,89.61721021478826,89.85413608449028,87.26769534024325,88.61027526855469,10922700,0.0,0.0,0.0
2000-01-28 00:00:00-05:00,88.0969728541791,88.4918494693928,85.62899400909339,85.84617614746094,11916200,0.0,0.0,0.0
2000-01-31 00:00:00-05:00,85.80668195629674,88.24504486968898,85.29334239558258,88.17594146728516,10768700,0.0,0.0,0.0
2000-02-01 00:00:00-05:00,88.29442728723497,89.51854501796139,87.52441774693932,89.04469299316406,8419900,0.0,0.0,0.0
2000-02-02 00:00:00-05:00,89.26188697358599,89.87394591987689,88.68931570124933,89.1236801147461,6205900,0.0,0.0,0.0
2000-02-03 00:00:00-05:00,89.00518132130271,90.50571232849414,88.45235410812691,90.46622467041016,7997500,0.0,0.0,0.0
2000-02-04 00:00:00-05:00,90.46624305753522,90.97958271696253,89.79495273366874,90.09111022949219,4925400,0.0,0.0,0.0
2000-02-07 00:00:00-05:00,90.07133618858009,90.20954297361298,89.36055843698236,89.95287322998047,5845800,0.0,0.0,0.0
2000-02-08 00:00:00-05:00,90.95986550233228,91.33499844015392,90.74268327517238,91.17704772949219,4936400,0.0,0.0,0.0
2000-02-09 00:00:00-05:00,91.27568774612519,91.27568774612519,89.25194602127598,89.2618179321289,8511500,0.0,0.0,0.0
2000-02-10 00:00:00-05:00,89.47899417161415,90.07130878440064,89.00514248138495,89.43950653076172,6690600,0.0,0.0,0.0
2000-02-11 00:00:00-05:00,89.617226717976,89.67645819630908,87.20847993243004,87.62310028076172,9849800,0.0,0.0,0.0
2000-02-14 00:00:00-05:00,88.31413853553033,88.31413853553033,87.38617866270003,88.13644409179688,8528800,0.0,0.0,0.0
2000-02-15 00:00:00-05:00,87.97850042874003,89.22236163318587,87.06041239688716,89.13351440429688,11078300,0.0,0.0,0.0
2000-02-16 00:00:00-05:00,88.68926205394936,89.04465090456625,87.69219888971863,87.8205337524414,8845400,0.0,0.0,0.0
2000-02-17 00:00:00-05:00,88.72877946239406,88.72877946239406,87.32696741481286,87.366455078125,7584200,0.0,0.0,0.0
2000-02-18 00:00:00-05:00,87.74156464539278,87.74156464539278,85.05640425120436,85.49076843261719,9409200,0.0,0.0,0.0
2000-02-22 00:00:00-05:00,85.41180452071673,86.14232619599794,84.36538158044905,85.27359771728516,16415400,0.0,0.0,0.0
2000-02-23 00:00:00-05:00,85.6881876581048,86.85307315852604,84.97741006462743,86.28050231933594,12119000,0.0,0.0,0.0
2000-02-24 00:00:00-05:00,86.35946106498679,86.5766430658361,84.08892196519861,84.54302978515625,17375000,0.0,0.0,0.0
2000-02-25 00:00:00-05:00,85.41182630506083,86.37927417583012,84.10873325463687,84.23706817626953,10559900,0.0,0.0,0.0
2000-02-28 00:00:00-05:00,84.26668533171066,86.35953178090497,83.85206480875706,86.00414276123047,13397800,0.0,0.0,0.0
2000-02-29 00:00:00-05:00,85.96463030042732,86.83335876464844,85.76719201310432,86.83335876464844,8242500,0.0,0.0,0.0
2000-03-01 00:00:00-05:00,86.95183220512442,87.82056077393129,86.6951624007042,87.46517181396484,6868000,0.0,0.0,0.0
2000-03-02 00:00:00-05:00,87.62312559217732,87.89953923757851,86.77414082415937,87.52440643310547,7600200,0.0,0.0,0.0
2000-03-03 00:00:00-05:00,88.72875229165658,89.53824914166947,88.27464430262496,89.16311645507812,12770300,0.0,0.0,0.0
2000-03-06 00:00:00-05:00,88.96570094796114,89.30134606915851,87.66260812448901,88.2944107055664,11967100,0.0,0.0,0.0
2000-03-07 00:00:00-05:00,88.45233159167996,88.55105071175997,85.43152651723197,86.58654022216797,20062000,0.0,0.0,0.0
2000-03-08 00:00:00-05:00,86.2212356915757,87.08996350710795,85.31302024806472,86.4779052734375,11808500,0.0,0.0,0.0
2000-03-09 00:00:00-05:00,86.71487391555638,89.00515747070312,86.00409626051083,89.00515747070312,5500900,0.0,0.0,0.0
2000-03-10 00:00:00-05:00,88.57079868503811,89.71594053161239,88.15617836127846,88.53131103515625,7924600,0.0,0.0,0.0
2000-03-13 00:00:00-05:00,86.3594772631313,88.74847972057046,85.72767496033748,87.56385040283203,10540500,0.0,0.0,0.0
2000-03-14 00:00:00-05:00,87.99821697978503,88.51155636535253,86.02383472760228,86.31999206542969,8263900,0.0,0.0,0.0
2000-03-15 00:00:00-05:00,86.47792057315313,88.728715766153,85.96458131860929,88.3338394165039,10300800,0.0,0.0,0.0
2000-03-16 00:00:00-05:00,89.47903927874927,92.77625895208358,89.00518734964733,92.46035766601562,25601400,0.0,0.0,0.0
2000-03-17 00:00:00-05:00,92.35881181373742,93.74439193096023,92.12128379364209,93.07139587402344,10272900,0.371,0.0,0.0
2000-03-20 00:00:00-05:00,93.03186570746922,93.32877591717391,91.70566677078828,92.59639739990234,12502300,0.0,0.0,0.0
2000-03-21 00:00:00-05:00,92.18066850845216,94.85285881307767,91.52746643398814,94.49656677246094,13612600,0.0,0.0,0.0
2000-03-22 00:00:00-05:00,94.73411194711781,95.54566618653107,94.17987978361607,95.07061004638672,8260000,0.0,0.0,0.0
2000-03-23 00:00:00-05:00,94.4768489513573,97.20842346535002,94.4768489513573,96.69377899169922,11654500,0.0,0.0,0.0
2000-03-24 00:00:00-05:00,96.83230062320943,98.65334961285278,96.0999222252007,97.26776885986328,11462900,0.0,0.0,0.0
2000-03-27 00:00:00-05:00,97.14898099785525,97.40630307466293,96.15928070244108,96.23845672607422,8798600,0.0,0.0,0.0
2000-03-28 00:00:00-05:00,95.80299866707502,96.90156611046812,95.38732449930465,95.68423461914062,6334400,0.0,0.0,0.0
2000-03-29 00:00:00-05:00,96.00092956265478,96.58485274246887,94.79349519083583,95.78319549560547,6747500,0.0,0.0,0.0
2000-03-30 00:00:00-05:00,95.11019649401388,96.22855780554599,93.19017795917114,94.17987823486328,9491900,0.0,0.0,0.0
2000-03-31 00:00:00-05:00,94.77370785834486,96.47599250241706,94.02153557375482,95.24876403808594,9249100,0.0,0.0,0.0
2000-04-03 00:00:00-04:00,95.09043224114032,95.80301666259767,94.1799077026115,95.80301666259766,8508200,0.0,0.0,0.0
2000-04-04 00:00:00-04:00,96.11968125113837,96.91144139324001,89.55796907347109,95.09039306640625,19585500,0.0,0.0,0.0
2000-04-05 00:00:00-04:00,93.66521867768856,95.52585488979817,93.50686665963667,94.49656677246094,8387200,0.0,0.0,0.0
2000-04-06 00:00:00-04:00,95.16960674321932,96.08013126696892,94.37784628778488,95.31806182861328,6378500,0.0,0.0,0.0
2000-04-07 00:00:00-04:00,96.00092895356674,96.35722106102327,95.32793275059328,95.9217529296875,6023600,0.0,0.0,0.0
2000-04-10 00:00:00-04:00,96.11969574524646,96.98073502962006,95.20917144452955,95.54566955566406,9624200,0.0,0.0,0.0
2000-04-11 00:00:00-04:00,95.01123259921047,96.0405209523686,93.98194424605236,95.2685546875,9006400,0.0,0.0,0.0
2000-04-12 00:00:00-04:00,95.24873783964806,95.74358789076842,92.57654756359808,92.65572357177734,10779200,0.0,0.0,0.0
2000-04-13 00:00:00-04:00,93.40786884479753,93.84333676481991,91.07217727376849,91.36908721923828,12225800,0.0,0.0,0.0
2000-04-14 00:00:00-04:00,90.33983792978174,90.45860195861142,84.55998852673699,86.14350891113281,29604000,0.0,0.0,0.0
2000-04-17 00:00:00-04:00,85.6289098580396,89.1522445678711,85.31220561445924,89.1522445678711,23918200,0.0,0.0,0.0
2000-04-18 00:00:00-04:00,89.03345450719611,91.50770568847656,88.53860427094001,91.50770568847656,11069200,0.0,0.0,0.0
2000-04-19 00:00:00-04:00,91.52746840564444,91.92334845930208,90.2804462366229,90.65653228759766,6553700,0.0,0.0,0.0
2000-04-20 00:00:00-04:00,90.9336813073322,91.1712094256796,90.18150893256541,91.09203338623047,8537600,0.0,0.0,0.0
2000-04-24 00:00:00-04:00,89.6272464745493,90.77529865995652,88.99383837225567,90.10230255126953,12893100,0.0,0.0,0.0
2000-04-25 00:00:00-04:00,91.6066610790511,93.8433837890625,91.48789704135137,93.8433837890625,14102000,0.0,0.0,0.0
2000-04-26 00:00:00-04:00,93.72460078938802,94.21945084635416,92.47757864583333,92.78438568115234,7711100,0.0,0.0,0.0
2000-04-27 00:00:00-04:00,90.57739038336767,93.32875779230301,90.57739038336767,92.47761535644531,15595300,0.0,0.0,0.0
2000-04-28 00:00:00-04:00,93.11100647774539,93.65534165592099,91.88377807604041,91.90357208251953,8743400,0.0,0.0,0.0
2000-05-01 00:00:00-04:00,92.83387730084122,94.05120852770726,92.37861521599702,93.15058135986328,7328300,0.0,0.0,0.0
2000-05-02 00:00:00-04:00,92.16089139807669,93.19017970406895,91.28995513916016,91.28995513916016,9411900,0.0,0.0,0.0
2000-05-03 00:00:00-04:00,91.21082215114343,91.21082215114343,88.53863009593415,89.1522445678711,12630700,0.0,0.0,0.0
2000-05-04 00:00:00-04:00,89.94396698280492,90.1715980612165,89.15220671006895,89.82520294189453,5963600,0.0,0.0,0.0
2000-05-05 00:00:00-04:00,89.35018274401519,91.21082013389942,89.27100668487117,90.91390991210938,7862400,0.0,0.0,0.0
2000-05-08 00:00:00-04:00,90.41903062916461,90.81491079829405,89.84500438392692,90.23098754882812,5064100,0.0,0.0,0.0
2000-05-09 00:00:00-04:00,90.61697897896309,90.83471309184395,88.84541506052334,89.50851440429688,5620300,0.0,0.0,0.0
2000-05-10 00:00:00-04:00,88.99393169696515,89.29084205627441,87.25205758901743,87.48958587646484,10293900,0.0,0.0,0.0
2000-05-11 00:00:00-04:00,88.75631507986601,89.62725126709039,88.12290694370283,89.48869323730469,7091100,0.0,0.0,0.0
2000-05-12 00:00:00-04:00,89.8252250487747,90.8743076683395,89.70646097863528,90.45863342285156,5960800,0.0,0.0,0.0
2000-05-15 00:00:00-04:00,90.41901679807233,92.23016829479378,89.94396066778474,92.02233123779297,4441300,0.0,0.0,0.0
2000-05-16 00:00:00-04:00,92.83387940337316,93.56625755644882,92.04211923788597,92.91305541992188,8192200,0.0,0.0,0.0
2000-05-17 00:00:00-04:00,92.27969741082167,92.59640164903985,91.50773083016486,91.94319915771484,5907200,0.0,0.0,0.0
2000-05-18 00:00:00-04:00,92.2400717498327,92.67553989972461,90.81490325927734,90.81490325927734,4325600,0.0,0.0,0.0
2000-05-19 00:00:00-04:00,90.30025664972351,90.72582778474522,88.93447021639801,89.38973236083984,6518400,0.0,0.0,0.0
2000-05-22 00:00:00-04:00,89.46886960548356,89.60742758938586,86.77688591823893,88.7166976928711,10839400,0.0,0.0,0.0
2000-05-23 00:00:00-04:00,88.95426421580108,89.19179229114367,87.13321563817453,87.41033172607422,7979200,0.0,0.0,0.0
2000-05-24 00:00:00-04:00,87.41032662621156,89.11261106684883,86.46021438027448,88.83549499511719,11081500,0.0,0.0,0.0
2000-05-25 00:00:00-04:00,89.11260224945337,89.82518636339836,87.23217194876523,87.31134796142578,8278900,0.0,0.0,0.0
2000-05-26 00:00:00-04:00,87.9249758893165,88.47920806511588,86.9847605910854,87.41033172607422,4814000,0.0,0.0,0.0
2000-05-30 00:00:00-04:00,88.6771529348273,90.53778962587056,88.3406548098514,90.26067352294922,5362700,0.0,0.0,0.0
2000-05-31 00:00:00-04:00,90.30028132933234,91.21080586706782,90.0033711539838,90.45863342285156,6056500,0.0,0.0,0.0
2000-06-01 00:00:00-04:00,91.01281855429373,92.12128263411984,90.57735052293347,92.04210662841797,8961600,0.0,0.0,0.0
2000-06-02 00:00:00-04:00,94.33822933399408,94.43719936057191,93.41780808682019,93.64543914794922,8962200,0.0,0.0,0.0
2000-06-05 00:00:00-04:00,93.40793491969599,93.88299116849292,93.03184872273175,93.19020080566406,6998100,0.0,0.0,0.0
2000-06-06 00:00:00-04:00,92.87352910742771,93.60590774702166,92.41826670984229,92.7745590209961,4858900,0.0,0.0,0.0
2000-06-07 00:00:00-04:00,92.87351889357197,93.74445555838807,92.47763859138283,93.41785430908203,4919500,0.0,0.0,0.0
2000-06-08 00:00:00-04:00,93.42770659043622,93.58605863550474,92.51718233129213,93.05162048339844,5723100,0.0,0.0,0.0
2000-06-09 00:00:00-04:00,93.42770197731528,93.72461204715844,92.24006169794262,92.85367584228516,3085300,0.0,0.0,0.0
2000-06-12 00:00:00-04:00,93.09122083102761,93.09122083102761,91.76502227783203,91.76502227783203,3678900,0.0,0.0,0.0
2000-06-13 00:00:00-04:00,91.72540205988419,93.58603818280804,91.606638052038,93.48706817626953,6558700,0.0,0.0,0.0
2000-06-14 00:00:00-04:00,93.90276121705159,94.29864132336294,93.2297650363223,93.64543914794922,6420500,0.0,0.0,0.0
2000-06-15 00:00:00-04:00,93.82358978277922,94.21946990844495,93.01203552516446,93.8433837890625,5881200,0.0,0.0,0.0
2000-06-16 00:00:00-04:00,94.16352962964736,94.16352962964736,92.61596213889463,93.07229614257812,5567900,0.348,0.0,0.0
2000-06-19 00:00:00-04:00,92.99291942887896,94.69921152849142,92.85403518821283,94.2627182006836,5106900,0.0,0.0,0.0
2000-06-20 00:00:00-04:00,94.08415514837603,94.5206484873183,93.33021210838481,93.92543029785156,6480000,0.0,0.0,0.0
2000-06-21 00:00:00-04:00,93.29054678484029,94.24289605018957,93.26078587029812,93.8857650756836,3115000,0.0,0.0,0.0
2000-06-22 00:00:00-04:00,93.68735499238764,93.76671742778991,92.06042506664096,92.45723724365234,7490500,0.0,0.0,0.0
2000-06-23 00:00:00-04:00,92.57630348370704,92.77470962062026,91.3461854348451,91.66363525390625,4863300,0.0,0.0,0.0
2000-06-26 00:00:00-04:00,92.29848437426959,92.85402125356443,91.98103472895826,92.84410095214844,5201300,0.0,0.0,0.0
2000-06-27 00:00:00-04:00,92.68543665776083,93.15169112879956,92.0703775683055,92.15966033935547,4159500,0.0,0.0,0.0
2000-06-28 00:00:00-04:00,92.45726087872384,93.32032758435142,92.25885473949911,92.4175796508789,5347700,0.0,0.0,0.0
2000-06-29 00:00:00-04:00,91.90169422958235,92.53659367158292,91.1179902308629,91.54456329345703,6345700,0.0,0.0,0.0
2000-06-30 00:00:00-04:00,91.38585215974915,92.43740451851309,91.35609124393508,92.23899841308594,7420200,0.0,0.0,0.0
2000-07-03 00:00:00-04:00,92.33820821372359,93.60800738125224,92.17948331778251,93.50880432128906,1436600,0.0,0.0,0.0
2000-07-05 00:00:00-04:00,92.93340062147188,93.11196607954047,91.66360180853972,91.82232666015625,2748200,0.0,0.0,0.0
2000-07-06 00:00:00-04:00,92.02075755739293,92.99294753589923,91.56442348584916,92.53661346435547,5963200,0.0,0.0,0.0
2000-07-07 00:00:00-04:00,93.13183068273239,94.46115165753918,92.85406212083245,94.024658203125,3034800,0.0,0.0,0.0
2000-07-10 00:00:00-04:00,93.88577689148866,94.5405170938173,93.6675301573791,93.86593627929688,2816100,0.0,0.0,0.0
2000-07-11 00:00:00-04:00,93.6278300451292,94.67938227916011,93.42942396323657,94.06432342529297,5431600,0.0,0.0,0.0
2000-07-12 00:00:00-04:00,94.77859300260073,95.31428946713291,94.40162141644845,94.67938995361328,5883000,0.0,0.0,0.0
2000-07-13 00:00:00-04:00,95.22501041643957,95.4730180485274,94.71907484698042,95.0960464477539,5356000,0.0,0.0,0.0
2000-07-14 00:00:00-04:00,95.51273129360735,96.0285873413086,95.02663617173502,96.0285873413086,5341900,0.0,0.0,0.0
2000-07-17 00:00:00-04:00,95.85992985134882,96.49482952127393,95.6714440118398,95.8698501586914,4208300,0.0,0.0,0.0
2000-07-18 00:00:00-04:00,95.63174503746292,95.63174503746292,94.81827998631438,95.08612823486328,4262100,0.0,0.0,0.0
2000-07-19 00:00:00-04:00,94.89762799780962,95.17539650961588,94.12384428634932,94.32225036621094,8506800,0.0,0.0,0.0
2000-07-20 00:00:00-04:00,94.6000477137902,95.63175964355469,94.48100402958661,95.63175964355469,4538900,0.0,0.0,0.0
2000-07-21 00:00:00-04:00,95.07622711142896,95.07622711142896,93.7667465209961,93.7667465209961,5656900,0.0,0.0,0.0
2000-07-24 00:00:00-04:00,94.0444983957067,94.51075276539007,93.05246782191233,93.23103332519531,5628500,0.0,0.0,0.0
2000-07-25 00:00:00-04:00,93.80641695458756,93.86593879275672,93.19135796017297,93.52864837646484,4757100,0.0,0.0,0.0
2000-07-26 00:00:00-04:00,93.31040351495032,93.4294471936851,92.46717745724558,92.61598205566406,12062500,0.0,0.0,0.0
2000-07-27 00:00:00-04:00,92.65571522077198,93.09220895414607,91.86209025100092,92.298583984375,7652600,0.0,0.0,0.0
2000-07-28 00:00:00-04:00,92.51678219810537,92.63582588096804,89.8482196406005,90.21527099609375,6229500,0.0,0.0,0.0
2000-07-31 00:00:00-04:00,90.7509300558717,91.50487306901624,90.19539309881783,90.79061126708984,5265500,0.0,0.0,0.0
2000-08-01 00:00:00-04:00,91.18744363793076,91.88186498852421,90.86999387765945,91.3461685180664,3946600,0.0,0.0,0.0
2000-08-02 00:00:00-04:00,91.34617144813645,92.3183613701518,91.18744656290944,91.80250549316406,7439800,0.0,0.0,0.0
2000-08-03 00:00:00-04:00,90.71127525668564,92.57629272696745,90.55255036559782,92.43740844726562,4607100,0.0,0.0,0.0
2000-08-04 00:00:00-04:00,92.89376755803187,93.15169557560009,92.31838967268737,92.9334487915039,3686600,0.0,0.0,0.0
2000-08-07 00:00:00-04:00,93.1517124900335,94.24294660866009,92.93346566630818,94.04454040527344,4159800,0.0,0.0,0.0
2000-08-08 00:00:00-04:00,93.64766823639134,94.4809737588338,93.64766823639134,94.401611328125,3658700,0.0,0.0,0.0
2000-08-09 00:00:00-04:00,94.68933814963631,94.73893968874037,93.56834336588473,93.60802459716797,5383800,0.0,0.0,0.0
2000-08-10 00:00:00-04:00,93.667535941517,93.8758623823952,92.8739114048382,93.15167999267578,4193400,0.0,0.0,0.0
2000-08-11 00:00:00-04:00,93.09215758022222,93.96514456520299,92.41757672819163,93.58817291259766,5089400,0.0,0.0,0.0
2000-08-14 00:00:00-04:00,93.8262456806479,94.95716046258848,93.36991164582979,94.77859497070312,2966700,0.0,0.0,0.0
2000-08-15 00:00:00-04:00,94.81827767190508,95.11588682969511,94.32226240892169,94.69923400878906,5564600,0.0,0.0,0.0
2000-08-16 00:00:00-04:00,94.79846254289401,95.19527485994254,93.86595359782997,94.36196899414062,5191600,0.0,0.0,0.0
2000-08-17 00:00:00-04:00,94.40165430419007,95.51272883992665,94.18340752038468,95.35400390625,5652200,0.0,0.0,0.0
2000-08-18 00:00:00-04:00,95.47300766723887,95.47300766723887,94.7389051560818,95.03651428222656,4626400,0.0,0.0,0.0
2000-08-21 00:00:00-04:00,95.2547894664777,95.69128298204998,94.85797717959382,95.55239868164062,2380600,0.0,0.0,0.0
2000-08-22 00:00:00-04:00,95.59207526221252,96.06824998331942,95.2944660615207,95.39366912841797,3075300,0.0,0.0,0.0
2000-08-23 00:00:00-04:00,95.11588213857173,96.0483907869891,94.77859177637822,95.77062225341797,5483200,0.0,0.0,0.0
2000-08-24 00:00:00-04:00,95.96899614330168,96.18724277501066,95.55234348276636,96.06819915771484,4529000,0.0,0.0,0.0
2000-08-25 00:00:00-04:00,95.96906548965076,96.26667474793993,95.8301811691158,96.0285873413086,2822200,0.0,0.0,0.0
2000-08-28 00:00:00-04:00,96.02858684881086,97.08013955603958,96.02858684881086,96.35595703125,5518700,0.0,0.0,0.0
2000-08-29 00:00:00-04:00,96.14762637010261,96.42539499766792,95.81033589377333,96.37579345703125,3561900,0.0,0.0,0.0
2000-08-30 00:00:00-04:00,96.0682526966857,96.18729638032471,95.45319366455078,95.45319366455078,3964800,0.0,0.0,0.0
2000-08-31 00:00:00-04:00,95.90954947603666,97.19918967379056,95.81034638390173,96.72301483154297,4863100,0.0,0.0,0.0
2000-09-01 00:00:00-04:00,97.29834869885053,97.51659540270195,96.50472432120901,96.82217407226562,3191200,0.0,0.0,0.0
2000-09-05 00:00:00-04:00,96.42539547780555,96.63372194951685,95.75081452178797,96.04842376708984,3470800,0.0,0.0,0.0
2000-09-06 00:00:00-04:00,95.98888811046889,96.47498314120608,94.93733559499663,94.9571762084961,4322200,0.0,0.0,0.0
2000-09-07 00:00:00-04:00,95.39365067214287,95.91942682497394,95.12580244334214,95.77062225341797,4265500,0.0,0.0,0.0
2000-09-08 00:00:00-04:00,95.41349201894671,95.55237628680544,94.80835342327654,95.11588287353516,3518200,0.0,0.0,0.0
2000-09-11 00:00:00-04:00,95.07619278531048,95.98886074610436,94.40161211863673,94.97698974609375,3937500,0.0,0.0,0.0
2000-09-12 00:00:00-04:00,95.07618651727233,95.39363622183751,94.24288104278872,94.28256225585938,4769100,0.0,0.0,0.0
2000-09-13 00:00:00-04:00,93.96514402580281,94.81829039259114,93.74689728081044,94.53060150146484,7691600,0.0,0.0,0.0
2000-09-14 00:00:00-04:00,95.1555260097332,95.19520721324017,94.0642929132913,95.00672149658203,3397100,0.0,0.0,0.0
2000-09-15 00:00:00-04:00,94.32057024681406,94.36035117057905,92.92823791503906,92.92823791503906,4085700,0.375,0.0,0.0
2000-09-18 00:00:00-04:00,93.16687368383467,93.54479225770163,91.78448732153183,92.0728988647461,5109300,0.0,0.0,0.0
2000-09-19 00:00:00-04:00,92.37126009726111,93.12709728151948,92.1027389923272,92.9083023071289,6588200,0.0,0.0,0.0
2000-09-20 00:00:00-04:00,92.72932894659522,92.94812401703977,91.11820160968526,92.22212219238281,6508100,0.0,0.0,0.0
2000-09-21 00:00:00-04:00,91.95358023724951,92.64974621352114,90.7800433058202,90.81982421875,5972300,0.0,0.0,0.0
2000-09-22 00:00:00-04:00,90.7800298351502,92.49060883730246,90.6507418873131,92.47071838378906,7791300,0.0,0.0,0.0
2000-09-25 00:00:00-04:00,92.88836148623992,92.96792325196688,91.47614014458615,91.81427764892578,9726300,0.0,0.0,0.0
2000-09-26 00:00:00-04:00,91.89389136529738,92.2917004188268,90.64079284667969,90.64079284667969,5302400,0.0,0.0,0.0
2000-09-27 00:00:00-04:00,91.37673229724658,91.63530816138767,90.46177154720884,91.11815643310547,7186200,0.0,0.0,0.0
2000-09-28 00:00:00-04:00,91.13808612823486,93.13707732332163,90.94912676153511,92.29173278808594,7036400,0.0,0.0,0.0
2000-09-29 00:00:00-04:00,92.59007131046997,92.90831860176266,91.41653442382812,91.41653442382812,9333600,0.0,0.0,0.0
2000-10-02 00:00:00-04:00,91.8342372638206,92.23204639210225,91.10823560470656,91.55577087402344,5517800,0.0,0.0,0.0
2000-10-03 00:00:00-04:00,91.99335721501133,92.76908498395954,90.56124441079926,90.70047760009766,9347200,0.0,0.0,0.0
2000-10-04 00:00:00-04:00,90.93916983187535,91.81434994399314,90.22311337650625,91.4563217163086,6148900,0.0,0.0,0.0
2000-10-05 00:00:00-04:00,91.2772976478871,92.19225857440765,91.21762628311401,91.7745590209961,4566900,0.0,0.0,0.0
2000-10-06 00:00:00-04:00,91.57568692675089,92.06300324510566,88.95014594622718,89.7855453491211,10014900,0.0,0.0,0.0
2000-10-09 00:00:00-04:00,89.944629073143,89.944629073143,88.71142097881862,89.1092300415039,4508000,0.0,0.0,0.0
2000-10-10 00:00:00-04:00,89.16894820252712,89.90489535476748,87.63738250732422,87.63738250732422,6104700,0.0,0.0,0.0
2000-10-11 00:00:00-04:00,87.59756362855667,88.23405818716562,86.0063272320343,86.90139770507812,10346000,0.0,0.0,0.0
2000-10-12 00:00:00-04:00,87.37877575690757,87.57768032270978,84.51455000935586,84.73334503173828,12336900,0.0,0.0,0.0
2000-10-13 00:00:00-04:00,84.61399024987642,87.6174487660333,84.57420934237766,87.55777740478516,11778800,0.0,0.0,0.0
2000-10-16 00:00:00-04:00,87.45832793478618,87.98542497601244,87.00084748391056,87.9555892944336,5659000,0.0,0.0,0.0
2000-10-17 00:00:00-04:00,88.1146814208305,88.19424320992378,85.54881372257154,85.76760864257812,7831700,0.0,0.0,0.0
2000-10-18 00:00:00-04:00,84.41504534929159,86.64277510403255,82.84370025442965,85.44934844970703,10897300,0.0,0.0,0.0
2000-10-19 00:00:00-04:00,87.10033019020076,88.76118371175403,86.84175419283319,88.67167663574219,8767300,0.0,0.0,0.0
2000-10-20 00:00:00-04:00,88.07496605234698,89.8651076387768,88.07496605234698,89.04959869384766,7373500,0.0,0.0,0.0
2000-10-23 00:00:00-04:00,89.06947659862976,89.76564267298261,88.4329819020786,89.44739532470703,5290000,0.0,0.0,0.0
2000-10-24 00:00:00-04:00,89.72581913531535,90.34242307971675,88.47272079669311,88.85063934326172,5750700,0.0,0.0,0.0
2000-10-25 00:00:00-04:00,88.31361668309943,88.83076849250496,86.64281852963538,86.76216125488281,9137600,0.0,0.0,0.0
2000-10-26 00:00:00-04:00,87.27932852983584,87.61746631128689,85.31017321432678,87.00086212158203,9345800,0.0,0.0,0.0
2000-10-27 00:00:00-04:00,87.75669338062843,88.65176391601562,86.96107512695093,88.65176391601562,9762900,0.0,0.0,0.0
2000-10-30 00:00:00-05:00,88.114734553803,89.80542359151706,87.93572042039798,89.44739532470703,10154100,0.0,0.0,0.0
2000-10-31 00:00:00-05:00,89.75567579503944,91.45630965220862,89.14901693371009,90.98888397216797,7752400,0.0,0.0,0.0
2000-11-01 00:00:00-05:00,90.54135457829808,91.1778491623283,89.88496953851693,90.68058776855469,6753600,0.0,0.0,0.0
2000-11-02 00:00:00-05:00,91.11818457908049,91.59555555264477,90.71043020582768,90.82977294921875,11395100,0.0,0.0,0.0
2000-11-03 00:00:00-05:00,91.3170990788407,91.49611321338864,90.62093300004318,90.87950897216797,5187100,0.0,0.0,0.0
2000-11-06 00:00:00-05:00,91.11818967345383,91.84419140300656,91.03862784007819,91.51599884033203,4042500,0.0,0.0,0.0
2000-11-07 00:00:00-05:00,91.10823747137319,91.6552250339674,90.74026402017346,91.49610137939453,5231300,0.0,0.0,0.0
2000-11-08 00:00:00-05:00,91.69500093981657,91.69500093981657,89.46726989746094,89.46726989746094,6123300,0.0,0.0,0.0
2000-11-09 00:00:00-05:00,89.10927518620285,89.88500325143988,87.35891442361672,89.12916564941406,10635300,0.0,0.0,0.0
2000-11-10 00:00:00-05:00,88.47273398187328,88.7710907736287,86.90138821196142,86.9610595703125,8569500,0.0,0.0,0.0
2000-11-13 00:00:00-05:00,86.32458621315716,87.18982112105401,84.66373299914825,86.28480529785156,17285300,0.0,0.0,0.0
2000-11-14 00:00:00-05:00,87.49816576639812,88.87060801188152,87.19980875651042,88.55236053466797,7668900,0.0,0.0,0.0
2000-11-15 00:00:00-05:00,88.51257833300608,89.17890897888375,87.67717871727882,88.83082580566406,8837700,0.0,0.0,0.0
2000-11-16 00:00:00-05:00,88.20424400621158,89.02969808812787,87.39868038410052,87.43846130371094,6684100,0.0,0.0,0.0
2000-11-17 00:00:00-05:00,87.39866838667855,88.47275306871784,86.40414553293846,86.97102355957031,6551100,0.0,0.0,0.0
2000-11-20 00:00:00-05:00,86.40415033397984,86.80195949758011,85.48918925769921,85.72787475585938,5458500,0.0,0.0,0.0
2000-11-21 00:00:00-05:00,85.84723417470549,86.68263358048344,84.98199907586405,86.16548156738281,7684300,0.0,0.0,0.0
2000-11-22 00:00:00-05:00,85.50907346381072,85.84721122814773,84.09685103628559,84.10679626464844,5736900,0.0,0.0,0.0
2000-11-24 00:00:00-05:00,85.05160363331039,85.90689337985678,85.05160363331039,85.82733154296875,3411600,0.0,0.0,0.0
2000-11-27 00:00:00-05:00,86.86161149399817,87.00084467019647,86.12566470552143,86.58314514160156,5992000,0.0,0.0,0.0
2000-11-28 00:00:00-05:00,86.00633830408896,86.94118980739427,85.06154157202508,85.09137725830078,5336100,0.0,0.0,0.0
2000-11-29 00:00:00-05:00,85.52897236665463,86.50360484246069,84.82286108316248,84.93225860595703,6914100,0.0,0.0,0.0
2000-11-30 00:00:00-05:00,84.33555280404707,84.97204754219082,82.58519227415175,84.19631958007812,11201600,0.0,0.0,0.0
2000-12-01 00:00:00-05:00,84.7731442037865,85.33007710798782,83.3808119432832,84.15653991699219,7587200,0.0,0.0,0.0
2000-12-04 00:00:00-05:00,83.93772244146118,85.21071159697149,83.699036974803,84.87257385253906,6996600,0.0,0.0,0.0
2000-12-05 00:00:00-05:00,85.84718786369032,87.9953566054138,85.5488310940065,87.65721893310547,8883400,0.0,0.0,0.0
2000-12-06 00:00:00-05:00,87.69701711064623,88.05504530479266,85.94665705037477,86.25495910644531,12888000,0.0,0.0,0.0
2000-12-07 00:00:00-05:00,85.8471921787436,86.48368665272872,85.07146453857422,85.07146453857422,6529100,0.0,0.0,0.0
2000-12-08 00:00:00-05:00,87.23955651744419,88.77112191914121,85.21072962168967,85.27040100097656,10276300,0.0,0.0,0.0
2000-12-11 00:00:00-05:00,87.43846664222325,88.83079891359623,87.02076696081136,88.23408508300781,6405600,0.0,0.0,0.0
2000-12-12 00:00:00-05:00,87.95559241217349,88.35340151399245,87.43844057980883,87.85614013671875,5022900,0.0,0.0,0.0
2000-12-13 00:00:00-05:00,88.6318713551231,88.7313236344713,86.58315440055,86.65277099609375,6070500,0.0,0.0,0.0
2000-12-14 00:00:00-05:00,86.48370244253017,86.88151156140106,85.31016554186107,85.5488510131836,7678400,0.0,0.0,0.0
2000-12-15 00:00:00-05:00,84.99322802489709,84.99322802489709,83.35720814272771,83.6165771484375,9065300,0.411,0.0,0.0
2000-12-18 00:00:00-05:00,84.31489828858399,85.21271429023716,84.12535935490166,84.73387908935547,7235400,0.0,0.0,0.0
2000-12-19 00:00:00-05:00,84.57427748194281,86.17039500932083,83.00808715820312,83.00808715820312,9616600,0.0,0.0,0.0
2000-12-20 00:00:00-05:00,82.1202468947609,82.31976158595322,80.50417789610306,80.60393524169922,9994300,0.0,0.0,0.0
2000-12-21 00:00:00-05:00,80.44432945589048,82.26988901571538,80.1450573969028,81.16258239746094,14331500,0.0,0.0,0.0
2000-12-22 00:00:00-05:00,82.35965066331669,83.70637460221539,82.25989333450937,83.59664154052734,10182900,0.0,0.0,0.0
2000-12-26 00:00:00-05:00,83.5367529480629,84.49442291259766,83.17762671136236,84.49442291259766,4665300,0.0,0.0,0.0
2000-12-27 00:00:00-05:00,84.11538743503318,85.38230562813673,83.7961639533063,85.11296081542969,4854100,0.0,0.0,0.0
2000-12-28 00:00:00-05:00,84.79372199714447,85.47207177312163,84.65406174914918,85.372314453125,8358700,0.0,0.0,0.0
2000-12-29 00:00:00-05:00,85.59177542255287,85.73143566217009,83.75624084472656,83.75624084472656,8774600,0.0,0.0,0.0
2001-01-02 00:00:00-05:00,84.27500966612081,84.37476701657786,81.44190091314042,82.23995971679688,8737500,0.0,0.0,0.0
2001-01-03 00:00:00-05:00,81.92076041963367,86.82882351345486,81.50177942381966,86.19037628173828,19431600,0.0,0.0,0.0
2001-01-04 00:00:00-05:00,86.15042101403796,86.48959589991999,84.91343025376229,85.26258087158203,9219000,0.0,0.0,0.0
2001-01-05 00:00:00-05:00,85.21272916198642,85.3124865129136,82.47937774658203,82.47937774658203,12911400,0.0,0.0,0.0
2001-01-08 00:00:00-05:00,82.91830604761996,83.1178207397461,81.52170320273704,83.1178207397461,6625300,0.0,0.0,0.0
2001-01-09 00:00:00-05:00,83.6664928321517,83.95578915886357,82.62901635015055,82.89836120605469,5702400,0.0,0.0,0.0
2001-01-10 00:00:00-05:00,82.35966568209703,84.35481262207031,82.23995686569864,84.35481262207031,8746100,0.0,0.0,0.0
2001-01-11 00:00:00-05:00,83.69638905408026,85.2226760058412,83.69638905408026,84.4345932006836,7245100,0.0,0.0,0.0
2001-01-12 00:00:00-05:00,84.71389547983806,85.37229363123576,83.81607981884119,84.27496337890625,7244000,0.0,0.0,0.0
2001-01-16 00:00:00-05:00,84.27499297040403,85.03314868367944,83.96574524525222,84.81368255615234,8542200,0.0,0.0,0.0
2001-01-17 00:00:00-05:00,86.09054530592269,86.22022978900229,84.68396745098235,85.20270538330078,7851400,0.0,0.0,0.0
2001-01-18 00:00:00-05:00,85.19279915137217,86.63928110417649,84.87357554799466,86.05071258544922,8107000,0.0,0.0,0.0
2001-01-19 00:00:00-05:00,86.94849372535538,86.94849372535538,85.47208515819698,85.5618667602539,7782500,0.0,0.0,0.0
2001-01-22 00:00:00-05:00,85.71148953096497,86.68911126909748,85.27255732200751,86.1304702758789,7050900,0.0,0.0,0.0
2001-01-23 00:00:00-05:00,85.85116741975622,87.24777018977318,85.65165273832524,86.808837890625,8463100,0.0,0.0,0.0
2001-01-24 00:00:00-05:00,86.98840853711206,87.66675851194275,86.72903942908856,87.0682144165039,6199900,0.0,0.0,0.0
2001-01-25 00:00:00-05:00,86.98838461576428,87.62683147532952,86.60930679289741,86.84872436523438,10818300,0.0,0.0,0.0
2001-01-26 00:00:00-05:00,86.29008633561823,86.90858175212786,85.84117837202253,86.74897003173828,7136800,0.0,0.0,0.0
2001-01-29 00:00:00-05:00,86.50954995175498,87.40337166334218,86.42654874213402,87.21184539794922,6705900,0.0,0.0,0.0
2001-01-30 00:00:00-05:00,87.02033389126474,88.05461498329335,86.69471966456777,87.9780044555664,7069100,0.0,0.0,0.0
2001-01-31 00:00:00-05:00,87.7226295238059,88.55261271998484,87.21187962640028,87.48002624511719,9706900,0.0,0.0,0.0
2001-02-01 00:00:00-05:00,87.531102113685,88.0737763085299,86.98841817691036,88.06100463867188,8239100,0.0,0.0,0.0
2001-02-02 00:00:00-05:00,87.7226010705084,88.09929214926856,86.0307206647806,86.0626449584961,8276600,0.0,0.0,0.0
2001-02-05 00:00:00-05:00,86.06265351230753,86.79048266849743,86.03072921541907,86.69470977783203,4352900,0.0,0.0,0.0
2001-02-06 00:00:00-05:00,86.38183504637634,87.2756564736071,86.3307581445456,86.43929290771484,7106700,0.0,0.0,0.0
2001-02-07 00:00:00-05:00,86.01156900989655,86.44570823517289,85.34757876403926,85.99241638183594,5748700,0.0,0.0,0.0
2001-02-08 00:00:00-05:00,86.062670342976,86.44573275476749,84.97731223000581,84.99007415771484,5943300,0.0,0.0,0.0
2001-02-09 00:00:00-05:00,85.1368896332742,85.1368896332742,83.80252833972723,84.1728286743164,9913000,0.0,0.0,0.0
2001-02-12 00:00:00-05:00,84.08343597277657,85.23264208409304,84.08343597277657,85.13687896728516,5804400,0.0,0.0,0.0
2001-02-13 00:00:00-05:00,85.36034404980511,85.66041485622837,84.27498632581243,84.44097900390625,6587600,0.0,0.0,0.0
2001-02-14 00:00:00-05:00,84.68994412444115,84.68994412444115,83.41944152729124,84.31326293945312,8400100,0.0,0.0,0.0
2001-02-15 00:00:00-05:00,84.8113001702423,85.2454492115468,84.26862604602223,85.13052368164062,5929800,0.0,0.0,0.0
2001-02-16 00:00:00-05:00,83.63655873803256,83.82170408543166,82.5512007638636,83.25348663330078,6434900,0.0,0.0,0.0
2001-02-20 00:00:00-05:00,83.66205666385304,83.72590523473006,81.78503142831259,81.97017669677734,5760000,0.0,0.0,0.0
2001-02-21 00:00:00-05:00,81.65738747237567,82.25752445181843,80.12511341299395,80.20172882080078,10910800,0.0,0.0,0.0
2001-02-22 00:00:00-05:00,80.66778292285414,80.7890894197538,78.54175310026379,80.3230209350586,21281600,0.0,0.0,0.0
2001-02-23 00:00:00-05:00,79.85696513766483,80.15065022172574,77.76285941064636,79.78034973144531,20173000,0.0,0.0,0.0
2001-02-26 00:00:00-05:00,80.31659623982576,81.47856903076172,79.48661358731648,81.47856903076172,11503700,0.0,0.0,0.0
2001-02-27 00:00:00-05:00,80.95506862895432,81.61904911654285,80.13147154587459,80.72522735595703,11415000,0.0,0.0,0.0
2001-02-28 00:00:00-05:00,80.92314366578043,80.98060154807249,78.7013463355198,79.13549041748047,14825800,0.0,0.0,0.0
2001-03-01 00:00:00-05:00,79.1993484227694,79.55049133300781,77.73091844624133,79.55049133300781,14672000,0.0,0.0,0.0
2001-03-02 00:00:00-05:00,78.20977270440773,80.2208821195712,78.0820852279702,78.91844940185547,12564300,0.0,0.0,0.0
2001-03-05 00:00:00-05:00,79.26322630109232,79.66544631118492,79.04615170527305,79.63990783691406,5293200,0.0,0.0,0.0
2001-03-06 00:00:00-05:00,80.66779331450817,81.56162026419925,80.11872839702501,80.49541473388672,6917000,0.0,0.0,0.0
2001-03-07 00:00:00-05:00,81.01890751819774,81.10828968893173,80.2910784873849,81.06998443603516,6371700,0.0,0.0,0.0
2001-03-08 00:00:00-05:00,80.82739050814533,81.2359962049508,80.53370546800166,81.15938568115234,6055000,0.0,0.0,0.0
2001-03-09 00:00:00-05:00,80.50817853328806,80.50817853328806,78.59922306347566,78.75883483886719,10020300,0.0,0.0,0.0
2001-03-12 00:00:00-05:00,78.10756627705985,78.20972008625453,75.17709828699161,75.38778686523438,13972900,0.0,0.0,0.0
2001-03-13 00:00:00-05:00,76.23059257139559,76.89457820834939,75.0366946177914,76.62642669677734,12888000,0.0,0.0,0.0
2001-03-14 00:00:00-05:00,74.73021407148988,76.16033381104391,73.90023112558178,75.11328125,19883400,0.0,0.0,0.0
2001-03-15 00:00:00-05:00,75.62402531840182,75.88579085764067,74.92812060943315,75.1324234008789,10370300,0.0,0.0,0.0
2001-03-16 00:00:00-05:00,74.98262144789399,75.15546895601311,73.49743692680276,73.62547302246094,58514600,0.316,0.0,0.0
2001-03-19 00:00:00-05:00,74.10563517129334,75.34115604082068,73.50387742511604,75.12349700927734,10067800,0.0,0.0,0.0
2001-03-20 00:00:00-05:00,75.47557365241248,75.83406505556599,73.04934388531781,73.1069564819336,15083900,0.0,0.0,0.0
2001-03-21 00:00:00-05:00,73.09414578984322,73.7855261636514,71.63456825674494,71.86502838134766,19004600,0.0,0.0,0.0
2001-03-22 00:00:00-05:00,71.71139944942908,72.0826969341156,69.1635412814451,71.13525390625,28624800,0.0,0.0,0.0
2001-03-23 00:00:00-05:00,72.49880274223678,73.40143918696171,71.37851219213599,73.28620910644531,12861700,0.0,0.0,0.0
2001-03-26 00:00:00-05:00,74.06719711236332,74.43209150185426,73.47184259434353,74.22084045410156,9943800,0.0,0.0,0.0
2001-03-27 00:00:00-05:00,74.01597899660645,75.95568078419191,73.79832006300047,75.73802185058594,12880700,0.0,0.0,0.0
2001-03-28 00:00:00-05:00,74.8353927721526,74.86739813588682,73.55506100490987,73.64468383789062,10953300,0.0,0.0,0.0
2001-03-29 00:00:00-05:00,73.4270199960729,74.57932046330006,71.78819700630785,73.92635345458984,12060300,0.0,0.0,0.0
2001-03-30 00:00:00-05:00,73.9711619831365,74.7009506225586,73.29898592278992,74.7009506225586,9183600,0.0,0.0,0.0
2001-04-02 00:00:00-04:00,74.45130901191739,75.14268459170216,72.85089398486912,73.1069564819336,10561000,0.0,0.0,0.0
2001-04-03 00:00:00-04:00,72.96609777608407,73.07492478653937,70.45664420580496,70.66790008544922,12836000,0.0,0.0,0.0
2001-04-04 00:00:00-04:00,70.7831338092239,71.76258672250802,69.97012537500535,70.9623794555664,14884300,0.0,0.0,0.0
2001-04-05 00:00:00-04:00,72.53080966013552,73.93276987715461,72.0186749071641,73.6511001586914,21522800,0.0,0.0,0.0
2001-04-06 00:00:00-04:00,72.97251102433178,73.23498139290788,71.73699061740346,72.53079986572266,14937800,0.0,0.0,0.0
2001-04-09 00:00:00-04:00,72.97891101046324,73.6126738701175,72.19790784802157,73.33740234375,9034300,0.0,0.0,0.0
2001-04-10 00:00:00-04:00,73.9071821889479,75.37956632991593,73.7279364432468,74.67538452148438,17873600,0.0,0.0,0.0
2001-04-11 00:00:00-04:00,76.03886852048083,76.17330270921414,74.34883174201089,74.72653198242188,12722300,0.0,0.0,0.0
2001-04-12 00:00:00-04:00,74.45129720786541,76.14133481775116,74.23363825897496,76.0837173461914,9233200,0.0,0.0,0.0
2001-04-16 00:00:00-04:00,75.72520130890948,76.10929975244828,74.84177440036254,75.28348541259766,7350000,0.0,0.0,0.0
2001-04-17 00:00:00-04:00,75.0978423783,76.60223579422954,74.91219372518366,76.3461685180664,10924700,0.0,0.0,0.0
2001-04-18 00:00:00-04:00,77.49847275138487,80.66089347101027,77.2616145233511,79.38056182861328,32481600,0.0,0.0,0.0
2001-04-19 00:00:00-04:00,79.540625751213,80.55848735006981,79.11171570203733,80.43685913085938,13809900,0.0,0.0,0.0
2001-04-20 00:00:00-04:00,79.95674336997251,80.27682640597394,79.16293880823125,79.70067596435547,7626700,0.0,0.0,0.0
2001-04-23 00:00:00-04:00,79.15655827114223,79.31019680453478,78.04267035690465,78.25392150878906,8451800,0.0,0.0,0.0
2001-04-24 00:00:00-04:00,78.43315084163584,79.15654168275397,77.52411612378322,77.8313980102539,10044700,0.0,0.0,0.0
2001-04-25 00:00:00-04:00,77.72896773281906,79.16934147714656,77.42808888032899,78.84925842285156,8249000,0.0,0.0,0.0
2001-04-26 00:00:00-04:00,79.20772748931397,80.1615732951098,79.06048718604598,79.20132446289062,10590400,0.0,0.0,0.0
2001-04-27 00:00:00-04:00,79.96949951675991,80.55845079922304,79.50857942297945,80.5200424194336,7938700,0.0,0.0,0.0
2001-04-30 00:00:00-04:00,80.94898065525281,81.4739165274206,79.80948607060166,81.08341979980469,10766900,0.0,0.0,0.0
2001-05-01 00:00:00-04:00,80.06555340441992,81.39709972321704,79.7646746331065,81.33308410644531,10578000,0.0,0.0,0.0
2001-05-02 00:00:00-04:00,81.56353720131175,81.74278286644858,80.66090096520082,81.18583679199219,9572900,0.0,0.0,0.0
2001-05-03 00:00:00-04:00,80.7441334150321,80.75693946973462,79.521418931198,80.15518188476562,9926200,0.0,0.0,0.0
2001-05-04 00:00:00-04:00,79.15649889170318,81.525110300669,79.02206466532074,81.51870727539062,12145300,0.0,0.0,0.0
2001-05-07 00:00:00-04:00,81.21146464162756,81.5443488351399,80.80816179262771,80.81455993652344,7185200,0.0,0.0,0.0
2001-05-08 00:00:00-04:00,81.21144366864499,81.36508211181336,80.37922607366666,80.77613067626953,6952600,0.0,0.0,0.0
2001-05-09 00:00:00-04:00,80.18079175323484,81.01300950949482,80.05915864994542,80.43685913085938,9507400,0.0,0.0,0.0
2001-05-10 00:00:00-04:00,81.46754611970607,81.62118462911255,80.51369503377717,80.67373657226562,6872400,0.0,0.0,0.0
2001-05-11 00:00:00-04:00,80.66091563340647,80.97459560443872,79.63665101487742,80.11677551269531,7734400,0.0,0.0,0.0
2001-05-14 00:00:00-04:00,79.9567267230225,80.30241691602106,79.6750521470803,80.27680969238281,7914000,0.0,0.0,0.0
2001-05-15 00:00:00-04:00,80.37285308578659,80.98100890655179,79.92473390051998,80.64812469482422,9782200,0.0,0.0,0.0
2001-05-16 00:00:00-04:00,79.9183177877659,82.70944182296562,79.7774853762214,82.54940032958984,14909000,0.0,0.0,0.0
2001-05-17 00:00:00-04:00,82.58139297214288,83.27277324827435,82.29971844096092,82.67741394042969,11824600,0.0,0.0,0.0
2001-05-18 00:00:00-04:00,82.63904666053305,83.05516052246094,82.00528841827665,83.05516052246094,6683100,0.0,0.0,0.0
2001-05-21 00:00:00-04:00,83.11914843010253,84.39948038904369,82.6774323413626,84.27784729003906,11531500,0.0,0.0,0.0
2001-05-22 00:00:00-04:00,84.39306831073672,84.55950792137969,83.90654576321081,84.16900634765625,8342700,0.0,0.0,0.0
2001-05-23 00:00:00-04:00,83.89373261894494,83.89373261894494,82.7414321899414,82.7414321899414,12330800,0.0,0.0,0.0
2001-05-24 00:00:00-04:00,82.88229704254924,83.22158425845797,82.29334546459147,82.98472595214844,7902800,0.0,0.0,0.0
2001-05-25 00:00:00-04:00,82.99752143828687,83.02953169324734,81.87723577585842,82.0052719116211,7425000,0.0,0.0,0.0
2001-05-29 00:00:00-04:00,82.08206836174934,82.16529305038438,81.23704961150341,81.35227966308594,9003900,0.0,0.0,0.0
2001-05-30 00:00:00-04:00,81.03860117872986,81.35868413758557,80.02073971392633,80.2127914428711,10041800,0.0,0.0,0.0
2001-05-31 00:00:00-04:00,80.29600688112377,81.1474286774918,80.18717985321817,80.62889099121094,9874200,0.0,0.0,0.0
2001-06-01 00:00:00-04:00,80.78893520184417,81.36508549276385,80.09755973681881,81.12822723388672,8848300,0.0,0.0,0.0
2001-06-04 00:00:00-04:00,81.17302205559422,81.57632473474152,80.712101917096,81.51870727539062,5623500,0.0,0.0,0.0
2001-06-05 00:00:00-04:00,81.61478625689273,82.72867406078731,81.47394891353402,82.45340728759766,9115400,0.0,0.0,0.0
2001-06-06 00:00:00-04:00,82.4725990851787,82.4725990851787,81.53155414528375,81.76841735839844,12064900,0.0,0.0,0.0
2001-06-07 00:00:00-04:00,81.33306993255276,82.16528745779026,81.30105968770607,82.06285858154297,7355300,0.0,0.0,0.0
2001-06-08 00:00:00-04:00,81.74917001075912,81.85800190773192,80.75051293416155,81.30105590820312,8170600,0.0,0.0,0.0
2001-06-11 00:00:00-04:00,81.11543911782462,81.29468482928564,80.28322618831572,80.72493743896484,7012200,0.0,0.0,0.0
2001-06-12 00:00:00-04:00,79.93109377062619,81.13460358975888,79.40615806520826,80.58406066894531,9364400,0.0,0.0,0.0
2001-06-13 00:00:00-04:00,80.76973199892394,81.03220236737721,79.79668196102709,79.89270782470703,7629400,0.0,0.0,0.0
2001-06-14 00:00:00-04:00,79.49579675668244,79.57261841821477,77.94019352021765,78.10023498535156,12603000,0.0,0.0,0.0
2001-06-15 00:00:00-04:00,77.6225873721281,78.57914585249955,77.29517289705991,78.2260513305664,16821100,0.346,0.0,0.0
2001-06-18 00:00:00-04:00,78.09770267014746,78.60487287841806,77.62263376413578,77.84732818603516,11368300,0.0,0.0,0.0
2001-06-19 00:00:00-04:00,78.56630783930062,78.893722332952,77.60974930463742,78.18753814697266,7732300,0.0,0.0,0.0
2001-06-20 00:00:00-04:00,77.80235718138611,78.87447362181084,77.74457584076895,78.59841918945312,8787200,0.0,0.0,0.0
2001-06-21 00:00:00-04:00,78.46362113287623,79.8053710853183,78.41868225643009,79.49079895019531,12259100,0.0,0.0,0.0
2001-06-22 00:00:00-04:00,79.27891296788718,79.34311063947119,78.42507462968,78.8680419921875,12212000,0.0,0.0,0.0
2001-06-25 00:00:00-04:00,79.14410615721859,79.24682636280684,78.00137080887878,78.14260864257812,8406800,0.0,0.0,0.0
2001-06-26 00:00:00-04:00,77.61617031185126,78.57272884368781,77.40431358729299,78.03346252441406,8005800,0.0,0.0,0.0
2001-06-27 00:00:00-04:00,78.06556827603218,78.47643930132953,77.62260086005254,77.98853302001953,10105100,0.0,0.0,0.0
2001-06-28 00:00:00-04:00,78.32240215684199,79.5678583158672,78.2774632695561,78.418701171875,10269300,0.0,0.0,0.0
2001-06-29 00:00:00-04:00,78.83596558128838,79.61276886961298,78.4892921893306,78.70756530761719,9824200,0.0,0.0,0.0
2001-07-02 00:00:00-04:00,78.8359881661672,79.81180603577172,78.720430335743,79.68982696533203,8522200,0.0,0.0,0.0
2001-07-03 00:00:00-04:00,79.59351983904156,79.6705551147461,78.99647196248023,79.6705551147461,3303100,0.0,0.0,0.0
2001-07-05 00:00:00-04:00,79.0093044977577,79.3816579664559,78.104105780234,78.116943359375,5517900,0.0,0.0,0.0
2001-07-06 00:00:00-04:00,77.87938332594945,77.99494109569386,76.42849731445312,76.42849731445312,11665900,0.0,0.0,0.0
2001-07-09 00:00:00-04:00,76.71097807840835,77.38506597300757,76.52480137515742,76.84579467773438,8339300,0.0,0.0,0.0
2001-07-10 00:00:00-04:00,77.22457302974638,77.44926737274538,75.8892396513961,75.92134094238281,8630700,0.0,0.0,0.0
2001-07-11 00:00:00-04:00,75.81863469025592,76.32580481382253,75.17022669709226,75.9983901977539,15328600,0.0,0.0,0.0
2001-07-12 00:00:00-04:00,76.71739404968933,77.98210835870232,76.59541503573314,77.80235290527344,12002800,0.0,0.0,0.0
2001-07-13 00:00:00-04:00,77.5776959222677,78.52783870501891,77.43646291623826,78.47647857666016,10433800,0.0,0.0,0.0
2001-07-16 00:00:00-04:00,78.17468279754252,78.5020972372649,77.22454565595073,77.49417877197266,6915300,0.0,0.0,0.0
2001-07-17 00:00:00-04:00,77.16679256538147,78.29026919115515,76.92926064206117,78.21965026855469,7469800,0.0,0.0,0.0
2001-07-18 00:00:00-04:00,77.39790119339872,78.09124788136654,77.07690790059534,77.68679809570312,7709300,0.0,0.0,0.0
2001-07-19 00:00:00-04:00,78.43793612937962,78.95152745464033,77.52631618011327,78.36731719970703,10082900,0.0,0.0,0.0
2001-07-20 00:00:00-04:00,77.77667700055824,78.28384699860392,77.62901792853216,77.89865112304688,6705800,0.0,0.0,0.0
2001-07-23 00:00:00-04:00,78.19395368035173,78.24530887528266,76.36428833007812,76.36428833007812,8065200,0.0,0.0,0.0
2001-07-24 00:00:00-04:00,76.39644282403651,76.52483824774546,74.95197226643917,75.62606048583984,12269000,0.0,0.0,0.0
2001-07-25 00:00:00-04:00,75.7030725429523,76.70457515275102,75.40775924069433,76.46061706542969,12088500,0.0,0.0,0.0
2001-07-26 00:00:00-04:00,76.43492867804876,77.58408536474063,76.11393535432376,77.26309204101562,12898200,0.0,0.0,0.0
2001-07-27 00:00:00-04:00,77.57123785991058,77.90506871875687,76.98061139535318,77.55839538574219,8478800,0.0,0.0,0.0
2001-07-30 00:00:00-04:00,77.80235390826104,77.90506921241509,77.23098625336688,77.58407592773438,8547700,0.0,0.0,0.0
2001-07-31 00:00:00-04:00,77.6803883440454,78.75892616325342,77.55199296712742,77.90508270263672,11918100,0.0,0.0,0.0
2001-08-01 00:00:00-04:00,78.30311237326954,78.77175988424288,78.0334791561641,78.39299011230469,11940800,0.0,0.0,0.0
2001-08-02 00:00:00-04:00,79.11203810890092,79.12487569021411,78.25177322179478,78.71400451660156,11070100,0.0,0.0,0.0
2001-08-03 00:00:00-04:00,78.55347717830706,78.55347717830706,77.6161773728936,78.28384399414062,10816300,0.0,0.0,0.0
2001-08-06 00:00:00-04:00,77.90509360713818,78.00781384142623,77.10261014415165,77.23101043701172,8550100,0.0,0.0,0.0
2001-08-07 00:00:00-04:00,77.2117215631387,77.80876926099448,76.9806109072298,77.53271484375,8865100,0.0,0.0,0.0
2001-08-08 00:00:00-04:00,77.11543442776272,77.7831010991943,76.03047547444027,76.09467315673828,15183800,0.0,0.0,0.0
2001-08-09 00:00:00-04:00,76.20380866932673,76.37714779693839,75.66454226779967,76.31936645507812,14118500,0.0,0.0,0.0
2001-08-10 00:00:00-04:00,76.2680161082001,76.93567791511639,75.33071128740148,76.58258819580078,11173300,0.0,0.0,0.0
2001-08-13 00:00:00-04:00,76.78159261370976,76.94208925583624,76.27442263683386,76.60183715820312,7431600,0.0,0.0,0.0
2001-08-14 00:00:00-04:00,77.12824735041633,77.2630639095378,76.26798790707906,76.56971740722656,13178100,0.0,0.0,0.0
2001-08-15 00:00:00-04:00,76.54404021290597,76.78799328031756,75.80575487730752,75.9084701538086,8520600,0.0,0.0,0.0
2001-08-16 00:00:00-04:00,75.62603470044637,76.23592010207506,75.11244338478132,76.17172241210938,10734700,0.0,0.0,0.0
2001-08-17 00:00:00-04:00,75.52975448120856,75.67099237300424,74.4768964306948,74.95196533203125,11604600,0.0,0.0,0.0
2001-08-20 00:00:00-04:00,74.98406379619732,75.69024833047911,74.82356708849825,75.64530944824219,10417400,0.0,0.0,0.0
2001-08-21 00:00:00-04:00,75.62605559721803,76.1011245117975,74.34208185124129,74.35491943359375,14480800,0.0,0.0,0.0
2001-08-22 00:00:00-04:00,74.95193280825555,75.38848387620526,74.3292050453599,75.1252670288086,11752300,0.0,0.0,0.0
2001-08-23 00:00:00-04:00,75.08672155276679,75.44623233492736,74.784987190039,74.85560607910156,8744100,0.0,0.0,0.0
2001-08-24 00:00:00-04:00,75.24723155154678,76.47984436551883,74.94549713502938,76.40922546386719,11687700,0.0,0.0,0.0
2001-08-27 00:00:00-04:00,76.37714366661247,76.5247978361066,75.92133378578939,75.95343017578125,7425100,0.0,0.0,0.0
2001-08-28 00:00:00-04:00,75.93420251003985,76.06901915843214,74.84282684326172,74.84282684326172,12046600,0.0,0.0,0.0
2001-08-29 00:00:00-04:00,75.19590456871218,75.22800586467643,73.93761115484062,74.1751480102539,16180000,0.0,0.0,0.0
2001-08-30 00:00:00-04:00,73.73218564985824,74.30355353055181,71.92820424438554,72.74994659423828,17692600,0.0,0.0,0.0
2001-08-31 00:00:00-04:00,72.80124800294318,73.68076610653357,72.62790895764522,73.2827377319336,15985400,0.0,0.0,0.0
2001-09-04 00:00:00-04:00,73.09016420130746,74.579572729321,72.78201341508034,72.8141098022461,24473400,0.0,0.0,0.0
2001-09-05 00:00:00-04:00,72.99388885498047,73.30846587755181,71.87041208343435,72.99388885498047,21477100,0.0,0.0,0.0
2001-09-06 00:00:00-04:00,72.31979971358413,72.73709203074657,71.11286163330078,71.11286163330078,21653000,0.0,0.0,0.0
2001-09-07 00:00:00-04:00,70.63136308264414,71.4210087502249,69.73900210672605,69.79678344726562,33133900,0.0,0.0,0.0
2001-09-10 00:00:00-04:00,69.14196217759803,70.84322782722428,69.14196217759803,70.650634765625,23408700,0.0,0.0,0.0
2001-09-17 00:00:00-04:00,64.8406626235022,68.30739209979835,64.19867586485366,66.95922088623047,32388700,0.0,0.0,0.0
2001-09-18 00:00:00-04:00,66.97845386468876,67.60118156400159,66.35572616537593,66.79869842529297,22029200,0.0,0.0,0.0
2001-09-19 00:00:00-04:00,66.830810946658,67.08760659263521,63.27420422949306,65.4505386352539,42771800,0.0,0.0,0.0
2001-09-20 00:00:00-04:00,64.45546537213269,65.36066406815134,63.27420730245662,63.370506286621094,36210900,0.0,0.0,0.0
2001-09-21 00:00:00-04:00,60.753607755482996,63.78871001059219,60.44430066455398,62.68679428100586,49782100,0.369,0.0,0.0
2001-09-24 00:00:00-04:00,64.25912016202047,65.18705125691817,63.83381677140985,64.890625,25549600,0.0,0.0,0.0
2001-09-25 00:00:00-04:00,64.92287261363036,65.72836731106995,64.37513720264134,65.56726837158203,25466200,0.0,0.0,0.0
2001-09-26 00:00:00-04:00,65.95386216244323,65.98608389602899,64.7166242877521,65.33524322509766,18587500,0.0,0.0,0.0
2001-09-27 00:00:00-04:00,65.24504721578565,65.9152191549268,64.43955280571421,65.90232849121094,20536800,0.0,0.0,0.0
2001-09-28 00:00:00-04:00,66.35985750274646,70.63864366463996,66.050545468093,67.30067443847656,21687200,0.0,0.0,0.0
2001-10-01 00:00:00-04:00,66.9527159524614,67.22336097356802,66.26321273220454,67.1911392211914,20457400,0.0,0.0,0.0
2001-10-02 00:00:00-04:00,67.0171397618629,68.03528594970703,66.79160229401084,68.03528594970703,19833100,0.0,0.0,0.0
2001-10-03 00:00:00-04:00,67.40378474580366,69.5174017143634,67.24268583153724,69.17587280273438,32045800,0.0,0.0,0.0
2001-10-04 00:00:00-04:00,69.7815914095791,70.21978055957439,68.78922171940303,69.23385620117188,32674100,0.0,0.0,0.0
2001-10-05 00:00:00-04:00,69.1113964850997,69.34982451791655,67.99659044387275,69.0985107421875,29796100,0.0,0.0,0.0
2001-10-08 00:00:00-04:00,68.4798786548212,69.14360986879484,68.22212449692921,68.64742279052734,12970300,0.0,0.0,0.0
2001-10-09 00:00:00-04:00,68.69900177856564,68.78921675148932,68.04816097417572,68.28014373779297,15976300,0.0,0.0,0.0
2001-10-10 00:00:00-04:00,68.17702922000085,69.94911641231674,67.99659439432507,69.8009033203125,19987400,0.0,0.0,0.0
2001-10-11 00:00:00-04:00,70.20691218612588,71.07685034688858,70.20691218612588,70.88352966308594,23006300,0.0,0.0,0.0
2001-10-12 00:00:00-04:00,70.33580278455956,70.81265430154967,69.14367153390936,70.56134033203125,31360500,0.0,0.0,0.0
2001-10-15 00:00:00-04:00,70.00069291892537,70.5290971192596,69.6333876201119,70.43244171142578,16873000,0.0,0.0,0.0
2001-10-16 00:00:00-04:00,70.75464336660792,71.27660226272114,70.20690313853764,70.8770751953125,15877100,0.0,0.0,0.0
2001-10-17 00:00:00-04:00,71.57302601593251,71.62457884884087,69.36919403076172,69.36919403076172,28542300,0.0,0.0,0.0
2001-10-18 00:00:00-04:00,69.47874467772382,69.69784177380322,68.78924147041207,69.22098541259766,16510000,0.0,0.0,0.0
2001-10-19 00:00:00-04:00,68.9503353060311,69.5367377138083,68.3123849821137,69.17587280273438,21912500,0.0,0.0,0.0
2001-10-22 00:00:00-04:00,69.14365481494428,70.60643076886066,69.08565665027565,70.5419921875,17540600,0.0,0.0,0.0
2001-10-23 00:00:00-04:00,70.85770339318337,71.06390968320294,69.83955768531051,70.18109130859375,22062500,0.0,0.0,0.0
2001-10-24 00:00:00-04:00,70.22623788591127,70.52909970212897,69.73649583077557,69.99425506591797,16065200,0.0,0.0,0.0
2001-10-25 00:00:00-04:00,69.24030044300952,71.2701474252561,68.78278018875741,71.25081634521484,27467900,0.0,0.0,0.0
2001-10-26 00:00:00-04:00,70.85130114400864,72.03699171982248,70.67087114507689,71.08972930908203,18623300,0.0,0.0,0.0
2001-10-29 00:00:00-05:00,70.98660374246757,71.23791756974099,69.24028778076172,69.24028778076172,18727500,0.0,0.0,0.0
2001-10-30 00:00:00-05:00,69.17584666931205,69.40138408081123,68.02237828896271,68.40901947021484,26178600,0.0,0.0,0.0
2001-10-31 00:00:00-05:00,68.88591265045993,69.50453203430993,68.17707824707031,68.17707824707031,28124200,0.0,0.0,0.0
2001-11-01 00:00:00-05:00,68.69258735293222,70.24558350161907,68.11263018295892,69.92338562011719,29806800,0.0,0.0,0.0
2001-11-02 00:00:00-05:00,69.8782411712761,70.48396952515543,69.51093597719883,70.40019989013672,17575900,0.0,0.0,0.0
2001-11-05 00:00:00-05:00,70.96083351726527,71.58589301625624,70.85128254694132,71.32169342041016,15929500,0.0,0.0,0.0
2001-11-06 00:00:00-05:00,71.10904099625157,72.48160652981295,70.78684325280109,72.4300537109375,23245800,0.0,0.0,0.0
2001-11-07 00:00:00-05:00,72.02410769002836,72.89404584787151,71.94033801604793,72.33341979980469,19716000,0.0,0.0,0.0
2001-11-08 00:00:00-05:00,72.73294956538034,73.51266782748316,72.10788490562162,72.5589599609375,22563500,0.0,0.0,0.0
2001-11-09 00:00:00-05:00,72.33341710979695,72.79093746547387,71.81145816758155,72.63628387451172,15895800,0.0,0.0,0.0
2001-11-12 00:00:00-05:00,71.52793115715912,72.59118517114356,70.8835353809685,72.19165802001953,26068800,0.0,0.0,0.0
2001-11-13 00:00:00-05:00,73.10024925447526,73.8155288696289,72.93270499710484,73.8155288696289,15296200,0.0,0.0,0.0
2001-11-14 00:00:00-05:00,74.21502118925316,74.36323430273596,73.27420444259072,73.88638305664062,17571300,0.0,0.0,0.0
2001-11-15 00:00:00-05:00,73.69951550508635,74.22147428968947,73.4159799103155,74.02171325683594,19470200,0.0,0.0,0.0
2001-11-16 00:00:00-05:00,74.15704268006688,74.1699284281529,73.07445793596561,73.69307708740234,18134900,0.0,0.0,0.0
2001-11-19 00:00:00-05:00,74.05394923395299,74.65323740384837,73.7510824823657,74.6016845703125,13625400,0.0,0.0,0.0
2001-11-20 00:00:00-05:00,74.34392886371234,74.62101919341946,73.87351786998676,73.97662353515625,16209700,0.0,0.0,0.0
2001-11-21 00:00:00-05:00,73.78328351770479,73.89282957095179,73.14533335993684,73.48686218261719,11470200,0.0,0.0,0.0
2001-11-23 00:00:00-05:00,73.48687748399627,74.58879341007092,73.46110106909792,74.54368591308594,6717100,0.0,0.0,0.0
2001-11-26 00:00:00-05:00,74.58876632368283,74.96895724358566,74.15057726223326,74.70475769042969,13726000,0.0,0.0,0.0
2001-11-27 00:00:00-05:00,74.50500507035987,75.32983047492758,73.51907588397948,74.382568359375,19261400,0.0,0.0,0.0
2001-11-28 00:00:00-05:00,73.93795196927623,74.21504228218184,72.97780387326077,73.03579711914062,20195500,0.0,0.0,0.0
2001-11-29 00:00:00-05:00,73.24199528756364,74.05393008220238,72.81669189540736,74.02171325683594,16354700,0.0,0.0,0.0
2001-11-30 00:00:00-05:00,73.71884646358419,74.04748954641116,73.47397302619066,73.4933090209961,13680300,0.0,0.0,0.0
2001-12-03 00:00:00-05:00,73.2355599839529,73.51265028505289,72.82314719855036,73.05513000488281,15220400,0.0,0.0,0.0
2001-12-04 00:00:00-05:00,73.40955740246339,74.2988266202373,73.04225204792388,74.2923812866211,17239900,0.0,0.0,0.0
2001-12-05 00:00:00-05:00,74.49857746250655,76.03868258944246,74.46635571520895,75.65204620361328,25204000,0.0,0.0,0.0
2001-12-06 00:00:00-05:00,75.61336517333984,76.00000640418425,75.34916557636681,75.61336517333984,17972900,0.0,0.0,0.0
2001-12-07 00:00:00-05:00,75.3298529994564,75.45228483070265,74.55657526419448,75.11075592041016,18857800,0.0,0.0,0.0
2001-12-10 00:00:00-05:00,74.65323313169083,75.00120736362139,73.68663968177765,73.70597076416016,13862700,0.0,0.0,0.0
2001-12-11 00:00:00-05:00,74.04101279135268,74.56941668245021,73.39661756238765,73.5577163696289,20833300,0.0,0.0,0.0
2001-12-12 00:00:00-05:00,73.81549188409468,73.96370006661097,72.88756097449294,73.6415023803711,16171500,0.0,0.0,0.0
2001-12-13 00:00:00-05:00,73.10670066367453,73.26779961173582,72.1981051531107,72.21099090576172,19026700,0.0,0.0,0.0
2001-12-14 00:00:00-05:00,72.38496857881134,73.13246501797187,72.17231682253548,72.90048217773438,16721900,0.0,0.0,0.0
2001-12-17 00:00:00-05:00,72.81025736735585,73.69308110802793,72.75226412328271,73.6544189453125,13925900,0.0,0.0,0.0
2001-12-18 00:00:00-05:00,73.86707081201023,74.20215929963797,73.68019548551564,74.09261322021484,13663700,0.0,0.0,0.0
2001-12-19 00:00:00-05:00,73.51906502690059,74.69830972788385,73.46107180374395,74.61454010009766,20143400,0.0,0.0,0.0
2001-12-20 00:00:00-05:00,74.42769440232695,74.62101505562562,73.8155205274619,73.87995910644531,14867900,0.0,0.0,0.0
2001-12-21 00:00:00-05:00,74.37976358151829,74.40562864864462,73.84307453847549,74.32803344726562,14037700,0.393,0.0,0.0
2001-12-24 00:00:00-05:00,74.25044358777357,74.38623149099125,74.10818818442444,74.18578338623047,5728800,0.0,0.0,0.0
2001-12-26 00:00:00-05:00,74.13407617983691,75.14278944900373,74.13407617983691,74.59317016601562,10304800,0.0,0.0,0.0
2001-12-27 00:00:00-05:00,74.55436244912073,75.0587189986645,74.5220298771724,75.04578399658203,9407300,0.0,0.0,0.0
2001-12-28 00:00:00-05:00,75.19450658869503,75.49194750292547,74.95525838380502,75.00698852539062,10593800,0.0,0.0,0.0
2001-12-31 00:00:00-05:00,75.10399194752152,75.25917746100559,73.8624979731319,73.90776062011719,14619500,0.0,0.0,0.0
2002-01-02 00:00:00-05:00,74.43151098507661,74.84534228859914,73.59091337483872,74.70308685302734,18651900,0.0,0.0,0.0
2002-01-03 00:00:00-05:00,74.78070569616426,75.62129863869316,74.70957795590861,75.5501708984375,15743000,0.0,0.0,0.0
2002-01-04 00:00:00-05:00,75.7635184375141,76.28727745393181,75.36262219934505,76.05449676513672,20140700,0.0,0.0,0.0
2002-01-07 00:00:00-05:00,76.10623666858993,76.2937547559603,75.36909932279387,75.517822265625,13106500,0.0,0.0,0.0
2002-01-08 00:00:00-05:00,75.51781156397989,75.69239462292467,74.98758995296161,75.34322357177734,12683700,0.0,0.0,0.0
2002-01-09 00:00:00-05:00,75.44670563833571,76.15797801460045,74.58024279457892,74.72896575927734,16610300,0.0,0.0,0.0
2002-01-10 00:00:00-05:00,74.80655276374247,75.23331416925069,74.55437444838337,75.05873107910156,12823400,0.0,0.0,0.0
2002-01-11 00:00:00-05:00,75.142781697592,75.1880443413276,74.16639617328624,74.32158660888672,13708400,0.0,0.0,0.0
2002-01-14 00:00:00-05:00,74.13403842919699,74.25689130758832,73.68787474121916,73.85599517822266,12301100,0.0,0.0,0.0
2002-01-15 00:00:00-05:00,74.06940835009888,74.61256007516428,73.64910955336505,74.4573745727539,20219900,0.0,0.0,0.0
2002-01-16 00:00:00-05:00,73.90779411970753,73.97245436852904,72.8667478339206,72.9508056640625,17067000,0.0,0.0,0.0
2002-01-17 00:00:00-05:00,73.55859438321046,73.8689654307201,73.32581363094882,73.50039672851562,17283400,0.0,0.0,0.0
2002-01-18 00:00:00-05:00,73.06716125910158,73.61678051200951,72.85377809976113,73.16415405273438,17028000,0.0,0.0,0.0
2002-01-22 00:00:00-05:00,73.55210507326547,73.66849541488753,72.43346429360585,72.65978240966797,11689300,0.0,0.0,0.0
2002-01-23 00:00:00-05:00,72.82791018824199,73.42279699715668,72.4334764605602,73.21588134765625,12438900,0.0,0.0,0.0
2002-01-24 00:00:00-05:00,73.48097195210971,73.87540558446413,73.274056352617,73.44217681884766,12142800,0.0,0.0,0.0
2002-01-25 00:00:00-05:00,73.14473198432914,73.83013894547533,73.09300185394841,73.42277526855469,12810700,0.0,0.0,0.0
2002-01-28 00:00:00-05:00,73.64911031213572,73.83662839055683,73.01542835977273,73.62324523925781,10589200,0.0,0.0,0.0
2002-01-29 00:00:00-05:00,73.6167772026055,73.79782777817653,71.15965449616448,71.3083724975586,27720800,0.0,0.0,0.0
2002-01-30 00:00:00-05:00,71.37948382090887,73.31931942781809,70.09272758297107,72.33647155761719,34711800,0.0,0.0,0.0
2002-01-31 00:00:00-05:00,72.51753082828193,73.26113555383562,72.17482728576131,73.18354034423828,19909200,0.0,0.0,0.0
2002-02-01 00:00:00-05:00,73.12534146849141,73.26113431630733,72.5304596714003,72.84083557128906,15838500,0.0,0.0,0.0
2002-02-04 00:00:00-05:00,72.56925875783597,72.56925875783597,70.76521088901805,71.03031921386719,24243400,0.0,0.0,0.0
2002-02-05 00:00:00-05:00,70.73936015104535,71.4441649264925,70.17680588445965,70.59063720703125,33614000,0.0,0.0,0.0
2002-02-06 00:00:00-05:00,70.90102770525554,70.95922043446083,69.87291175662654,70.2867431640625,29486000,0.0,0.0,0.0
2002-02-07 00:00:00-05:00,70.29964667154921,71.03678384408639,69.83408531347158,69.84701538085938,23445400,0.0,0.0,0.0
2002-02-08 00:00:00-05:00,70.24144832463921,71.61226731697283,70.02807014872646,71.18550109863281,19277800,0.0,0.0,0.0
2002-02-11 00:00:00-05:00,71.159650897931,72.18776158576145,71.01092797079897,72.05844116210938,18792400,0.0,0.0,0.0
2002-02-12 00:00:00-05:00,71.7480802618748,72.23303935200097,71.14673079278799,71.83213806152344,13942500,0.0,0.0,0.0
2002-02-13 00:00:00-05:00,72.08428145173949,72.76968834132474,72.00021876533329,72.59510040283203,16781100,0.0,0.0,0.0
2002-02-14 00:00:00-05:00,72.75031367178637,73.04775458413833,72.15542691382468,72.45933532714844,20453800,0.0,0.0,0.0
2002-02-15 00:00:00-05:00,72.51752163775545,72.57571433763513,71.58639897362421,71.70278930664062,18366800,0.0,0.0,0.0
2002-02-19 00:00:00-05:00,71.22430594608755,71.31483122273264,70.22852296973413,70.32551574707031,15988100,0.0,0.0,0.0
2002-02-20 00:00:00-05:00,70.5130339061042,71.5088119506836,69.71769905067173,71.5088119506836,29242800,0.0,0.0,0.0
2002-02-21 00:00:00-05:00,71.08203638616109,71.53466267932058,70.00219584872589,70.02806091308594,26288600,0.0,0.0,0.0
2002-02-22 00:00:00-05:00,70.06040881217983,71.08852445158698,69.75003781658152,70.89453887939453,26572900,0.0,0.0,0.0
2002-02-25 00:00:00-05:00,70.9591898521882,72.29767631289825,70.93332478371345,72.06489562988281,17458700,0.0,0.0,0.0
2002-02-26 00:00:00-05:00,72.16187893126235,72.44638971388194,71.49586953854534,71.91616821289062,22346500,0.0,0.0,0.0
2002-02-27 00:00:00-05:00,72.39470021445601,72.97665217222082,71.54763982403469,72.19425201416016,28597900,0.0,0.0,0.0
2002-02-28 00:00:00-05:00,72.31060691534205,72.90548865430456,71.79331544382686,71.87091064453125,23755400,0.0,0.0,0.0
2002-03-01 00:00:00-05:00,72.23948511897787,73.61676674456415,72.1036972065897,73.54563903808594,26273600,0.0,0.0,0.0
2002-03-04 00:00:00-05:00,73.64911324150918,75.00053005363867,73.48746022953627,74.84534454345703,27184600,0.0,0.0,0.0
2002-03-05 00:00:00-05:00,74.57374384049083,75.2656183040681,74.34096318608572,74.60607147216797,22718900,0.0,0.0,0.0
2002-03-06 00:00:00-05:00,74.42503268070664,75.75058911984878,74.40563511199117,75.491943359375,20143200,0.0,0.0,0.0
2002-03-07 00:00:00-05:00,75.88634767369747,75.97687291485046,74.72891216666353,75.33026123046875,19330800,0.0,0.0,0.0
2002-03-08 00:00:00-05:00,75.89931880161764,76.23555982204044,75.31737191741979,75.64714050292969,19930100,0.0,0.0,0.0
2002-03-11 00:00:00-05:00,75.58247128648274,76.23555074460177,75.28503037814579,75.80878448486328,15621800,0.0,0.0,0.0
2002-03-12 00:00:00-05:00,75.07165983300456,75.8152646951309,74.96820446779819,75.76353454589844,17153600,0.0,0.0,0.0
2002-03-13 00:00:00-05:00,75.41434319179281,75.49193839480932,74.77419879999253,75.03284454345703,17175300,0.0,0.0,0.0
2002-03-14 00:00:00-05:00,75.03284259221695,75.28502082889116,74.7677293554144,74.92938232421875,11168100,0.0,0.0,0.0
2002-03-15 00:00:00-05:00,75.20240043201647,75.83789263127758,75.15700813206925,75.64335632324219,21220100,0.331,0.0,0.0
2002-03-18 00:00:00-05:00,75.93515081696958,76.23344373166009,75.28668666832358,75.65631103515625,17548900,0.0,0.0,0.0
2002-03-19 00:00:00-05:00,76.06480561606784,76.35012632345932,75.75354081563896,76.16207122802734,17912000,0.0,0.0,0.0
2002-03-20 00:00:00-05:00,75.54610864790297,75.59798699142992,74.69662179906167,74.72904205322266,17114500,0.0,0.0,0.0
2002-03-21 00:00:00-05:00,74.76794537968885,75.1570230202232,74.00275720943533,74.76145935058594,25846800,0.0,0.0,0.0
2002-03-22 00:00:00-05:00,74.89760472560874,75.18293051725158,74.37883145851058,74.59931182861328,15235400,0.0,0.0,0.0
2002-03-25 00:00:00-05:00,74.6317674137635,74.8068555769768,73.47102046047785,73.67204284667969,17499600,0.0,0.0,0.0
2002-03-26 00:00:00-05:00,73.61365792630136,74.5863542807299,73.58123768292077,74.10000610351562,19947600,0.0,0.0,0.0
2002-03-27 00:00:00-05:00,73.94438434361078,74.57988154310985,73.76930115707994,74.2945556640625,19020300,0.0,0.0,0.0
2002-03-28 00:00:00-05:00,74.55391966763881,75.07268798824495,74.24914074374607,74.2621078491211,17532900,0.0,0.0,0.0
2002-04-01 00:00:00-05:00,74.07408017380959,74.63824095615678,73.6006990515165,74.2945556640625,17711000,0.0,0.0,0.0
2002-04-02 00:00:00-05:00,73.91194074475857,74.54094676978107,73.77575892922778,73.88600158691406,15669500,0.0,0.0,0.0
2002-04-03 00:00:00-05:00,73.93139117787516,74.06108201497563,72.7317336188367,73.36722564697266,25658500,0.0,0.0,0.0
2002-04-04 00:00:00-05:00,73.017077180567,73.53585058524261,72.77714856250115,73.06246948242188,23549000,0.0,0.0,0.0
2002-04-05 00:00:00-05:00,73.39967158494663,73.68499249672467,72.7447212933978,73.075439453125,19404900,0.0,0.0,0.0
2002-04-08 00:00:00-04:00,72.18704358366821,73.29591691080854,72.12868417310865,73.23107147216797,16470100,0.0,0.0,0.0
2002-04-09 00:00:00-04:00,73.39322243126045,73.39322243126045,72.58264169445442,72.71881866455078,15122700,0.0,0.0,0.0
2002-04-10 00:00:00-04:00,72.69282132535365,73.62661117018922,72.68633529937888,73.54231262207031,17199300,0.0,0.0,0.0
2002-04-11 00:00:00-04:00,73.20512320468163,73.308879851517,71.65529416115015,71.71365356445312,25453700,0.0,0.0,0.0
2002-04-12 00:00:00-04:00,71.9925433869028,72.40107928341935,71.35705079937675,72.2519302368164,14950600,0.0,0.0,0.0
2002-04-15 00:00:00-04:00,72.38158835978447,72.53721840955282,71.46076527579571,71.70069885253906,17394900,0.0,0.0,0.0
2002-04-16 00:00:00-04:00,72.43346197518672,73.48397594609237,72.41400883732756,73.40615844726562,15040900,0.0,0.0,0.0
2002-04-17 00:00:00-04:00,73.52936627395307,73.71093548561196,73.01707888540696,73.25052642822266,12920100,0.0,0.0,0.0
2002-04-18 00:00:00-04:00,73.21164021510728,73.57477873793277,72.07682738388628,72.93280029296875,25204800,0.0,0.0,0.0
2002-04-19 00:00:00-04:00,73.40616256927156,73.4321017370037,72.99114578033782,73.19865417480469,10499200,0.0,0.0,0.0
2002-04-22 00:00:00-04:00,72.87443237355282,72.90685757468161,71.87579653695695,71.97955322265625,13922900,0.0,0.0,0.0
2002-04-23 00:00:00-04:00,72.03785237502538,72.29075784796811,71.44126677358025,71.66822814941406,16967000,0.0,0.0,0.0
2002-04-24 00:00:00-04:00,71.69417781868474,72.50475781373096,70.94196215592342,70.94844818115234,18902700,0.0,0.0,0.0
2002-04-25 00:00:00-04:00,70.81876367161532,71.16244885256873,70.50101764831345,70.98736572265625,25451500,0.0,0.0,0.0
2002-04-26 00:00:00-04:00,71.19488782158716,71.33755074259963,69.57372725988071,69.6385726928711,19769800,0.0,0.0,0.0
2002-04-29 00:00:00-04:00,69.98874021332,70.20273458335892,69.14573478750016,69.29488372802734,17724400,0.0,0.0,0.0
2002-04-30 00:00:00-04:00,69.39868464350619,70.44919915722481,69.15226985764794,69.94339752197266,19473500,0.0,0.0,0.0
2002-05-01 00:00:00-04:00,70.0146678301451,70.84470106476803,69.25596604044023,70.79930877685547,24575600,0.0,0.0,0.0
2002-05-02 00:00:00-04:00,70.74744536958727,71.27270475169328,69.89147279760232,70.52696990966797,15666800,0.0,0.0,0.0
2002-05-03 00:00:00-04:00,70.42319568848066,70.52695231247625,69.51534501807171,69.76176452636719,18185500,0.0,0.0,0.0
2002-05-06 00:00:00-04:00,69.80069038305088,70.02765187752497,68.28976751679684,68.39352416992188,23630400,0.0,0.0,0.0
2002-05-07 00:00:00-04:00,68.8020361460019,68.94469903155013,68.02388124877832,68.15357208251953,21910000,0.0,0.0,0.0
2002-05-08 00:00:00-04:00,69.41807514359446,70.91602544282472,69.24947311355422,70.6890640258789,27917400,0.0,0.0,0.0
2002-05-09 00:00:00-04:00,70.45565875020449,70.7474657541504,69.76180203319927,69.87203979492188,18085600,0.0,0.0,0.0
2002-05-10 00:00:00-04:00,70.01468573410784,70.06656406138505,68.4778236834006,68.5556411743164,18958900,0.0,0.0,0.0
2002-05-13 00:00:00-04:00,68.87984724745714,70.00168720304187,68.60100752804,69.94981384277344,14677700,0.0,0.0,0.0
2002-05-14 00:00:00-04:00,71.08466201343376,71.57101026351842,70.68261234563663,71.47373962402344,34201200,0.0,0.0,0.0
2002-05-15 00:00:00-04:00,71.0068148233596,71.92115152596837,70.87063796396029,71.19486999511719,29535300,0.0,0.0,0.0
2002-05-16 00:00:00-04:00,71.1365178018189,71.6423240125847,70.89658922412885,71.56450653076172,28092000,0.0,0.0,0.0
2002-05-17 00:00:00-04:00,71.7590580717342,72.14164961404138,71.39591471844076,71.91468811035156,27823700,0.0,0.0,0.0
2002-05-20 00:00:00-04:00,71.74609370323012,71.77851889896995,71.00035872772645,71.13653564453125,13833800,0.0,0.0,0.0
2002-05-21 00:00:00-04:00,71.40242012396024,71.6423537486267,70.24166817877551,70.48808288574219,16877200,0.0,0.0,0.0
2002-05-22 00:00:00-04:00,70.17678183986959,70.76040048729824,70.03411895412167,70.6436767578125,15844200,0.0,0.0,0.0
2002-05-23 00:00:00-04:00,70.85122729455512,71.56453720110667,70.34542581440748,71.39593505859375,13879800,0.0,0.0,0.0
2002-05-24 00:00:00-04:00,71.3180866983829,71.46074465018452,70.42968906539993,70.4815673828125,11877000,0.0,0.0,0.0
2002-05-28 00:00:00-04:00,70.71502776468643,70.76690114417389,69.67748101670446,70.09898376464844,24236900,0.0,0.0,0.0
2002-05-29 00:00:00-04:00,69.78772381456615,70.04710555460473,69.46997277245666,69.58021545410156,14773300,0.0,0.0,0.0
2002-05-30 00:00:00-04:00,69.09387419187404,69.71639933562882,68.67237140100328,69.38568115234375,18217900,0.0,0.0,0.0
2002-05-31 00:00:00-04:00,69.64506697285302,70.39728298997478,69.28840962806036,69.5283432006836,19826300,0.0,0.0,0.0
2002-06-03 00:00:00-04:00,69.44404031828205,69.77475850038985,67.52458656168996,67.68022155761719,26056300,0.0,0.0,0.0
2002-06-04 00:00:00-04:00,67.5375786169108,68.21846337299635,67.14850090666314,67.84883880615234,25856200,0.0,0.0,0.0
2002-06-05 00:00:00-04:00,68.05632515930809,68.52322023902339,67.66724757534196,68.48431396484375,19695900,0.0,0.0,0.0
2002-06-06 00:00:00-04:00,68.43889425920212,68.47780051780349,66.88906562466738,67.090087890625,22998500,0.0,0.0,0.0
2002-06-07 00:00:00-04:00,66.00067331351067,67.38838604981727,65.96176705184978,67.01227569580078,24011600,0.0,0.0,0.0
2002-06-10 00:00:00-04:00,66.9474430079974,67.73857012813242,66.80478009159414,67.27167510986328,18759900,0.0,0.0,0.0
2002-06-11 00:00:00-04:00,67.52459045226666,67.79046320841866,65.9682799824445,66.11742401123047,19990700,0.0,0.0,0.0
2002-06-12 00:00:00-04:00,65.95531204785817,66.6686218823472,65.35223997151759,66.51947784423828,31266000,0.0,0.0,0.0
2002-06-13 00:00:00-04:00,66.22766042301782,66.79182617272168,65.71537300722953,65.85155487060547,21043900,0.0,0.0,0.0
2002-06-14 00:00:00-04:00,65.04745144056963,65.85803180423895,63.873732657141254,65.75428009033203,39267500,0.0,0.0,0.0
2002-06-17 00:00:00-04:00,66.09148012782788,67.66076254311115,66.04608782482019,67.51810455322266,17647200,0.0,0.0,0.0
2002-06-18 00:00:00-04:00,67.2716845313789,68.10820406503558,67.20035306318717,68.06929779052734,21628500,0.0,0.0,0.0
2002-06-19 00:00:00-04:00,67.11603440996953,67.71910622140392,66.2989682579707,66.48053741455078,21540700,0.0,0.0,0.0
2002-06-20 00:00:00-04:00,66.31194709346873,66.82423437901417,65.46894169753035,65.63105773925781,25691000,0.0,0.0,0.0
2002-06-21 00:00:00-04:00,65.37924874107149,65.67858579888976,64.21443423245086,64.60487365722656,31190700,0.353,0.0,0.0
2002-06-24 00:00:00-04:00,64.16886246919452,65.52239000804954,63.283864075689706,64.9432373046875,37169700,0.0,0.0,0.0
2002-06-25 00:00:00-04:00,65.26861402959666,65.65254465855972,63.472587023919196,63.485599517822266,33355000,0.0,0.0,0.0
2002-06-26 00:00:00-04:00,61.94987679637483,63.86954513662377,61.943373030755346,63.58972930908203,37913600,0.0,0.0,0.0
2002-06-27 00:00:00-04:00,64.09727105850617,64.74149604755569,62.84135478740107,64.70245361328125,31616400,0.0,0.0,0.0
2002-06-28 00:00:00-04:00,64.5788493421181,65.39877568107342,64.34458467384515,64.39664459228516,28184200,0.0,0.0,0.0
2002-07-01 00:00:00-04:00,64.53979168722522,64.94324851306497,63.04961038457425,63.14071273803711,20270200,0.0,0.0,0.0
2002-07-02 00:00:00-04:00,63.03006089810545,63.251307953105865,61.67002500604303,61.800174713134766,34213900,0.0,0.0,0.0
2002-07-03 00:00:00-04:00,61.572465971437964,62.36635745004431,60.986804253853386,62.15161895751953,30565800,0.0,0.0,0.0
2002-07-05 00:00:00-04:00,62.97804835151722,64.76756721028084,62.89996343327482,64.62440490722656,19013500,0.0,0.0,0.0
2002-07-08 00:00:00-04:00,64.40964075639275,64.87816497330816,63.48559488610478,63.81747055053711,19118600,0.0,0.0,0.0
2002-07-09 00:00:00-04:00,63.59622177432973,63.993164857980766,61.82622489602704,62.21015548706055,28620400,0.0,0.0,0.0
2002-07-10 00:00:00-04:00,62.47042802210603,62.515979177284,59.89352346195858,59.94558334350586,50522500,0.0,0.0,0.0
2002-07-11 00:00:00-04:00,59.71133604121288,60.74600042030839,58.7742777622547,60.433650970458984,59476500,0.0,0.0,0.0
2002-07-12 00:00:00-04:00,60.73296627124536,61.09737548769024,59.5551351143162,59.76987838745117,39018600,0.0,0.0,0.0
2002-07-15 00:00:00-04:00,59.63324867406002,60.127807782358836,57.192996775138845,60.08876037597656,77317200,0.0,0.0,0.0
2002-07-16 00:00:00-04:00,59.29487625274782,60.11479741286633,58.48145885720549,58.93046188354492,53282400,0.0,0.0,0.0
2002-07-17 00:00:00-04:00,60.1668669163572,60.71348607501287,58.403378317250144,59.047603607177734,48880600,0.0,0.0,0.0
2002-07-18 00:00:00-04:00,59.02156187136571,59.28185642045787,57.10189888063404,57.134437561035156,32656700,0.0,0.0,0.0
2002-07-19 00:00:00-04:00,56.457671258980355,56.97175160574087,54.85686655417558,55.12366485595703,77572600,0.0,0.0,0.0
2002-07-22 00:00:00-04:00,54.72672136150122,55.90455312586668,53.00227549056634,53.490325927734375,78134000,0.0,0.0,0.0
2002-07-23 00:00:00-04:00,53.71808866630454,54.167091708347996,51.8960316506804,52.02617645263672,74484100,0.0,0.0,0.0
2002-07-24 00:00:00-04:00,50.84181999178195,55.39045193237078,50.548991825345794,55.130157470703125,107022800,0.0,0.0,0.0
2002-07-25 00:00:00-04:00,54.83735524666831,55.86551621915437,53.09989655518924,54.661659240722656,87176600,0.0,0.0,0.0
2002-07-26 00:00:00-04:00,55.0846208440912,55.91755936940135,54.531498070068544,55.702816009521484,41206800,0.0,0.0,0.0
2002-07-29 00:00:00-04:00,56.93918827556554,58.787269260537784,56.8090435453884,58.416351318359375,53492900,0.0,0.0,0.0
2002-07-30 00:00:00-04:00,58.12355505386468,59.47708283434508,57.733115684608464,59.1777458190918,47532200,0.0,0.0,0.0
2002-07-31 00:00:00-04:00,58.88491587204786,59.574697259959855,58.07800713502354,59.3209114074707,44669900,0.0,0.0,0.0
2002-08-01 00:00:00-04:00,59.138695980399035,59.44454171259103,57.47932748796788,57.77215576171875,66571900,0.0,0.0,0.0
2002-08-02 00:00:00-04:00,57.58995011225205,57.856753394135886,55.7158382687745,56.477195739746094,51772900,0.0,0.0,0.0
2002-08-05 00:00:00-04:00,56.28196732435458,56.56829179702793,54.36881324838796,54.51197052001953,47191300,0.0,0.0,0.0
2002-08-06 00:00:00-04:00,55.46206738297632,57.19952617126606,55.38397750670116,56.34706115722656,64730000,0.0,0.0,0.0
2002-08-07 00:00:00-04:00,57.17998106972019,57.58994157840831,55.81343611134996,57.329647064208984,43289400,0.0,0.0,0.0
2002-08-08 00:00:00-04:00,57.5378938035037,59.2818609619052,57.13444193797364,59.18424987792969,48339800,0.0,0.0,0.0
2002-08-09 00:00:00-04:00,58.631127337585326,59.828480375704906,58.143076879784054,59.40550231933594,41879200,0.0,0.0,0.0
2002-08-12 00:00:00-04:00,58.55955494570175,59.3924937236328,58.27323534372966,58.969520568847656,25841700,0.0,0.0,0.0
2002-08-13 00:00:00-04:00,58.663691011683675,59.64630107543812,57.68758968025702,57.89582443237305,49690500,0.0,0.0,0.0
2002-08-14 00:00:00-04:00,57.92831127840825,60.27746031185721,57.27757758414991,60.01066207885742,57423600,0.0,0.0,0.0
2002-08-15 00:00:00-04:00,60.414148689723284,61.16249386333788,59.99767928200345,60.84363555908203,45551500,0.0,0.0,0.0
2002-08-16 00:00:00-04:00,60.401116748193935,61.22104280274739,59.86751518103811,60.66141128540039,36517300,0.0,0.0,0.0
2002-08-19 00:00:00-04:00,60.8176103793349,62.30779211283762,60.583345698496466,62.08003616333008,33669900,0.0,0.0,0.0
2002-08-20 00:00:00-04:00,61.702602553328454,62.08002949465889,60.921723677554354,61.422786712646484,30508300,0.0,0.0,0.0
2002-08-21 00:00:00-04:00,61.85877316559157,62.32730244535481,60.88918088451326,62.30778121948242,39628900,0.0,0.0,0.0
2002-08-22 00:00:00-04:00,62.13859257947232,63.21881347744957,61.86528547204679,62.912967681884766,38399800,0.0,0.0,0.0
2002-08-23 00:00:00-04:00,62.476970270333105,62.56807262956979,61.26660468080997,61.55943298339844,33716400,0.0,0.0,0.0
2002-08-26 00:00:00-04:00,61.76116241180811,62.23619542148932,60.84362514685542,61.98891830444336,33830100,0.0,0.0,0.0
2002-08-27 00:00:00-04:00,62.2752353226333,62.63314097120828,60.843622657745186,61.273109436035156,35335700,0.0,0.0,0.0
2002-08-28 00:00:00-04:00,60.70043735822051,60.83709083634154,59.7373542844045,59.93257141113281,38970600,0.0,0.0,0.0
2002-08-29 00:00:00-04:00,59.392462797238345,60.55077295715311,59.09312589008199,59.95860290527344,42965700,0.0,0.0,0.0
2002-08-30 00:00:00-04:00,59.659292827851544,60.77204736293364,59.47708810370332,59.724365234375,30366700,0.0,0.0,0.0
2002-09-03 00:00:00-04:00,59.041097687500965,59.216793682086895,57.36220278498479,57.44679641723633,76586400,0.0,0.0,0.0
2002-09-04 00:00:00-04:00,57.66153325703973,58.728736492525215,57.30362761386223,58.26671600341797,51099500,0.0,0.0,0.0
2002-09-05 00:00:00-04:00,57.58344233196824,58.195133796352245,56.939217150892894,57.77215576171875,67250900,0.0,0.0,0.0
2002-09-06 00:00:00-04:00,58.40337941911486,58.93698112719706,58.136576082720424,58.566062927246094,38622200,0.0,0.0,0.0
2002-09-09 00:00:00-04:00,57.98038106248144,59.444532124487054,57.785163899703655,58.99552917480469,33998400,0.0,0.0,0.0
2002-09-10 00:00:00-04:00,59.30791177359669,59.724381244637044,58.93048476399521,59.67232131958008,41416600,0.0,0.0,0.0
2002-09-11 00:00:00-04:00,60.173362318410085,60.732993849042664,59.28185512084296,59.30137634277344,27711200,0.0,0.0,0.0
2002-09-12 00:00:00-04:00,59.05409732403988,59.11266098791427,57.90880434945617,58.2081413269043,43601700,0.0,0.0,0.0
2002-09-13 00:00:00-04:00,57.713594254243,58.50098171942428,57.42726973428402,58.35131072998047,41131000,0.0,0.0,0.0
2002-09-16 00:00:00-04:00,58.117041843080614,58.494468688964844,57.56391903222575,58.494468688964844,28167600,0.0,0.0,0.0
2002-09-17 00:00:00-04:00,59.14520932864655,59.340431502863765,57.10190508791915,57.15396499633789,47609700,0.0,0.0,0.0
2002-09-18 00:00:00-04:00,56.620353864647406,57.58994591421559,56.145315968116314,56.58130645751953,54719400,0.0,0.0,0.0
2002-09-19 00:00:00-04:00,55.95661589160538,56.48371381346223,55.11716842651367,55.11716842651367,48510500,0.0,0.0,0.0
2002-09-20 00:00:00-04:00,55.50804844493651,55.69106994918588,54.939375197727685,55.135467529296875,46325600,0.378,0.0,0.0
2002-09-23 00:00:00-04:00,54.67792177818069,54.94591616667106,54.05041724870759,54.6844596862793,46893800,0.0,0.0,0.0
2002-09-24 00:00:00-04:00,53.88700268290785,54.67791998009785,53.50134590917572,53.802024841308594,69507000,0.0,0.0,0.0
2002-09-25 00:00:00-04:00,54.49489226442409,55.409999785670934,53.62553513227761,55.135467529296875,59294400,0.0,0.0,0.0
2002-09-26 00:00:00-04:00,55.57341704072714,56.19438860821909,55.200836095016925,56.037513732910156,53638000,0.0,0.0,0.0
2002-09-27 00:00:00-04:00,55.560337308670455,55.972135660475615,54.089622497558594,54.089622497558594,64648300,0.0,0.0,0.0
2002-09-30 00:00:00-04:00,53.59939000290941,54.12231287577142,52.88037479294573,53.46212387084961,73096400,0.0,0.0,0.0
2002-10-01 00:00:00-04:00,53.88044052821523,56.06363200440006,53.25293630176163,56.03095245361328,67198100,0.0,0.0,0.0
2002-10-02 00:00:00-04:00,55.357716646343015,55.90678121023988,53.99158317042593,54.35109329223633,56749100,0.0,0.0,0.0
2002-10-03 00:00:00-04:00,54.34455649550949,55.29888658105187,53.56671002712417,53.802024841308594,55547000,0.0,0.0,0.0
2002-10-04 00:00:00-04:00,54.12232397826157,54.200758934407304,52.01756621432339,52.81502151489258,68483700,0.0,0.0,0.0
2002-10-07 00:00:00-04:00,52.33129186571466,53.07645352703956,51.34428255191816,51.72339630126953,53188000,0.0,0.0,0.0
2002-10-08 00:00:00-04:00,52.16790651624833,53.14838342601045,51.11552756747991,52.53395462036133,79531000,0.0,0.0,0.0
2002-10-09 00:00:00-04:00,51.69726890489518,52.095996519583245,50.84098746366148,51.05015563964844,79956400,0.0,0.0,0.0
2002-10-10 00:00:00-04:00,50.94556982015087,52.991496027694474,50.37689155120882,52.703887939453125,76749000,0.0,0.0,0.0
2002-10-11 00:00:00-04:00,53.66475165467425,55.383857154185336,53.48173015365297,55.01127624511719,82308300,0.0,0.0,0.0
2002-10-14 00:00:00-04:00,54.383771581582,55.462296934755784,54.279189994847854,55.3184928894043,40631900,0.0,0.0,0.0
2002-10-15 00:00:00-04:00,56.86106736875449,57.991885162092345,56.7695566787686,57.97880935668945,82320300,0.0,0.0,0.0
2002-10-16 00:00:00-04:00,57.13563419573642,57.390557677374176,56.16169065105764,56.57349395751953,62977800,0.0,0.0,0.0
2002-10-17 00:00:00-04:00,58.08995605696714,58.37102613753608,57.4232293602871,57.69776153564453,68534100,0.0,0.0,0.0
2002-10-18 00:00:00-04:00,57.29253054709479,58.24686073180315,56.82190086982205,57.93964385986328,47448700,0.0,0.0,0.0
2002-10-21 00:00:00-04:00,57.59972716924963,59.155414733793606,57.24021712912162,58.9397087097168,45859100,0.0,0.0,0.0
2002-10-22 00:00:00-04:00,58.207657728571654,58.83516245865289,57.86121830606958,58.514869689941406,40966800,0.0,0.0,0.0
2002-10-23 00:00:00-04:00,58.02462143466532,59.005098346272774,57.31214393930636,58.95934295654297,54905800,0.0,0.0,0.0
2002-10-24 00:00:00-04:00,59.31884441656287,59.41689309067701,57.58666779708887,57.75661849975586,54987400,0.0,0.0,0.0
2002-10-25 00:00:00-04:00,57.65857831682684,59.083538294508216,57.48209466700142,58.95934295654297,43672100,0.0,0.0,0.0
2002-10-28 00:00:00-05:00,59.580315903821315,59.67182668519226,58.07691594650395,58.573692321777344,39416100,0.0,0.0,0.0
2002-10-29 00:00:00-05:00,58.22722705442809,58.49522134717158,56.86763189950045,57.893863677978516,59508200,0.0,0.0,0.0
2002-10-30 00:00:00-05:00,57.965793359197,58.80246616575333,57.67165228991068,58.456031799316406,41688600,0.0,0.0,0.0
2002-10-31 00:00:00-05:00,58.60634215192927,59.0246783294306,57.64547452996319,57.861175537109375,41620600,0.0,0.0,0.0
2002-11-01 00:00:00-05:00,57.7500648248375,59.36458359197495,57.55397251710862,59.00507354736328,51878900,0.0,0.0,0.0
2002-11-04 00:00:00-05:00,60.00518799068927,60.75035003220421,59.41690085608185,59.567237854003906,49080600,0.0,0.0,0.0
2002-11-05 00:00:00-05:00,59.37763027113273,60.18162286805659,59.37763027113273,60.037818908691406,37270800,0.0,0.0,0.0
2002-11-06 00:00:00-05:00,60.449612000428054,60.83526347547731,59.34494084823865,60.81565475463867,65013100,0.0,0.0,0.0
2002-11-07 00:00:00-05:00,60.148975257581036,60.279708476778346,58.9724062065796,59.32537841796875,51572000,0.0,0.0,0.0
2002-11-08 00:00:00-05:00,59.175011066581845,59.85480855377302,58.51482230711422,58.59980010986328,37905400,0.0,0.0,0.0
2002-11-11 00:00:00-05:00,58.50832149335515,58.54100106183929,57.39057851715235,57.69125747680664,33505100,0.0,0.0,0.0
2002-11-12 00:00:00-05:00,57.952715166674544,58.78284995889444,57.76315572880579,58.148807525634766,37724500,0.0,0.0,0.0
2002-11-13 00:00:00-05:00,57.73045889557343,58.65864216331964,57.16178070293148,58.20762634277344,63891500,0.0,0.0,0.0
2002-11-14 00:00:00-05:00,58.87436250939118,59.48225831583371,58.66519432797885,59.3057746887207,31896800,0.0,0.0,0.0
2002-11-15 00:00:00-05:00,58.82859330077401,59.841754402405336,58.79590875415559,59.74370574951172,39152100,0.0,0.0,0.0
2002-11-18 00:00:00-05:00,60.233964726149495,60.233964726149495,59.0573904610249,59.14236831665039,28934800,0.0,0.0,0.0
2002-11-19 00:00:00-05:00,58.84168648135388,59.547631066024145,58.67174073786787,59.06393051147461,32806600,0.0,0.0,0.0
2002-11-20 00:00:00-05:00,58.8155024614192,60.410407057081976,58.79588874794503,60.37772750854492,36688400,0.0,0.0,0.0
2002-11-21 00:00:00-05:00,60.52809818782149,61.56740615582063,60.41697868424453,61.502037048339844,55128200,0.0,0.0,0.0
2002-11-22 00:00:00-05:00,61.10328646982046,61.61966627660646,60.96601539646571,61.064064025878906,32513800,0.0,0.0,0.0
2002-11-25 00:00:00-05:00,61.07062126751043,61.6131528666768,60.63920915628069,61.10330581665039,33846400,0.0,0.0,0.0
2002-11-26 00:00:00-05:00,60.835296267404566,61.08368184351162,59.88750434495492,59.93979263305664,42284700,0.0,0.0,0.0
2002-11-27 00:00:00-05:00,60.47578221885486,61.86806189991686,60.41695602853662,61.6262092590332,37764000,0.0,0.0,0.0
2002-11-29 00:00:00-05:00,61.96613522894772,62.064178918545416,61.292870309612134,61.43014144897461,19385700,0.0,0.0,0.0
2002-12-02 00:00:00-05:00,62.40406267049783,62.78318145285196,60.93334789922608,61.528167724609375,49911900,0.0,0.0,0.0
2002-12-03 00:00:00-05:00,60.95296784835061,61.05101651520424,60.36468083419122,60.70458221435547,34407700,0.0,0.0,0.0
2002-12-04 00:00:00-05:00,59.985563105516036,60.88106696533922,59.763324110983795,60.43004608154297,64040800,0.0,0.0,0.0
2002-12-05 00:00:00-05:00,60.613065487947004,60.65882086304588,59.5476110597045,59.7633171081543,36724900,0.0,0.0,0.0
2002-12-06 00:00:00-05:00,58.90702773408716,60.24700924229329,58.815516996432535,60.15549850463867,49824100,0.0,0.0,0.0
2002-12-09 00:00:00-05:00,59.5280136317187,59.782937196681374,58.48871063409592,58.50178146362305,36789600,0.0,0.0,0.0
2002-12-10 00:00:00-05:00,58.84168030346722,59.54762481401919,58.6717345778241,59.286163330078125,33319900,0.0,0.0,0.0
2002-12-11 00:00:00-05:00,59.10313656942242,59.88752095199536,58.933190858783135,59.33845138549805,39201000,0.0,0.0,0.0
2002-12-12 00:00:00-05:00,59.612964025957126,59.8025233979233,58.95931308274724,59.33189392089844,34465600,0.0,0.0,0.0
2002-12-13 00:00:00-05:00,58.7697453166956,59.142326070015386,58.35140422028761,58.397159576416016,36862200,0.0,0.0,0.0
2002-12-16 00:00:00-05:00,58.71093713218475,59.99863049905183,58.60635555736805,59.90711975097656,37098400,0.0,0.0,0.0
2002-12-17 00:00:00-05:00,59.72411775841061,59.96596553431833,59.31231427063108,59.38421630859375,32353900,0.0,0.0,0.0
2002-12-18 00:00:00-05:00,59.03777622120731,59.090069514110894,58.39066292915481,58.697879791259766,35612600,0.0,0.0,0.0
2002-12-19 00:00:00-05:00,58.40373134743965,59.28615943416042,57.913492967376705,58.279541015625,39264200,0.0,0.0,0.0
2002-12-20 00:00:00-05:00,58.59217687814056,59.13080433108812,58.52649158123806,59.11109924316406,31176900,0.436,0.0,0.0
2002-12-23 00:00:00-05:00,58.8483660638389,59.42640883198905,58.66444518723405,59.13081741333008,22599300,0.0,0.0,0.0
2002-12-24 00:00:00-05:00,58.84835770243604,59.025713530725625,58.62502667299561,58.690711975097656,10937000,0.0,0.0,0.0
2002-12-26 00:00:00-05:00,58.920632691225826,59.518380666108754,58.35572988408312,58.71700668334961,17485600,0.0,0.0,0.0
2002-12-27 00:00:00-05:00,58.43453905353391,58.65130507290169,57.39669418334961,57.39669418334961,22205700,0.0,0.0,0.0
2002-12-30 00:00:00-05:00,57.66601706427772,58.11268421079833,57.29160526583163,57.87621307373047,29968000,0.0,0.0,0.0
2002-12-31 00:00:00-05:00,57.79738920819796,58.086410608083526,57.21935141989513,57.955039978027344,34036600,0.0,0.0,0.0
2003-01-02 00:00:00-05:00,58.36226681617996,59.97158390471704,58.158640923802686,59.82050323486328,44516300,0.0,0.0,0.0
2003-01-03 00:00:00-05:00,59.7154391505572,60.02416066163814,59.446122818471274,60.00445556640625,32222600,0.0,0.0,0.0
2003-01-06 00:00:00-05:00,59.932217274147106,61.4101599749807,59.88623703502442,61.0620231628418,40984500,0.0,0.0,0.0
2003-01-07 00:00:00-05:00,61.02260000361904,61.33132654851786,60.562792698557494,60.91093444824219,38640400,0.0,0.0,0.0
2003-01-08 00:00:00-05:00,60.562800368296564,60.69417604843848,59.807411506227076,60.03074264526367,38702200,0.0,0.0,0.0
2003-01-09 00:00:00-05:00,60.31318108451513,61.20651547092124,60.04386976838302,60.96347427368164,34804900,0.0,0.0,0.0
2003-01-10 00:00:00-05:00,60.39857078988947,61.50867123013003,60.300045316528525,61.127689361572266,37768900,0.0,0.0,0.0
2003-01-13 00:00:00-05:00,61.44298810599752,61.65318414245858,60.72043954387944,61.10798645019531,31649900,0.0,0.0,0.0
2003-01-14 00:00:00-05:00,60.884654017846444,61.63347769452266,60.700733116412806,61.30504608154297,30733000,0.0,0.0,0.0
2003-01-15 00:00:00-05:00,61.44296479697488,61.46266988487577,60.37227992546873,60.69414138793945,33511800,0.0,0.0,0.0
2003-01-16 00:00:00-05:00,60.75985377131465,61.04230518389953,60.07014531851207,60.444557189941406,44812100,0.0,0.0,0.0
2003-01-17 00:00:00-05:00,59.76796184391196,60.62845576554317,59.21619933978223,59.55120086669922,35618300,0.0,0.0,0.0
2003-01-21 00:00:00-05:00,59.68917382633149,59.72201398662383,58.4279923981293,58.62505340576172,36826200,0.0,0.0,0.0
2003-01-22 00:00:00-05:00,58.30975112071032,58.98632450828207,57.80396860050233,57.91563415527344,42286500,0.0,0.0,0.0
2003-01-23 00:00:00-05:00,58.29659601585806,58.71041793556068,57.771103568311254,58.270320892333984,55919800,0.0,0.0,0.0
2003-01-24 00:00:00-05:00,58.191508533067,58.250628827082004,56.60190079043798,56.73984146118164,68633900,0.0,0.0,0.0
2003-01-27 00:00:00-05:00,56.31286709338856,57.0157103016611,55.504923399801605,55.964725494384766,57884400,0.0,0.0,0.0
2003-01-28 00:00:00-05:00,56.24719871347533,56.75298622617558,55.91876708602231,56.37857437133789,46929100,0.0,0.0,0.0
2003-01-29 00:00:00-05:00,56.10925969879868,57.26534046500148,55.68229756812734,56.805538177490234,53712200,0.0,0.0,0.0
2003-01-30 00:00:00-05:00,57.00915123370864,57.068266509468124,55.43924876550205,55.458953857421875,49845900,0.0,0.0,0.0
2003-01-31 00:00:00-05:00,55.275034206916,56.6281706710005,55.275034206916,56.529640197753906,55317000,0.0,0.0,0.0
2003-02-03 00:00:00-05:00,56.58219135602772,57.02228846389939,56.4376806611521,56.64131164550781,39696000,0.0,0.0,0.0
2003-02-04 00:00:00-05:00,56.03700850684162,56.326029972762754,55.37358015856912,56.08298873901367,43633400,0.0,0.0,0.0
2003-02-05 00:00:00-05:00,56.32601440827143,56.844936891659664,55.491800423247355,55.73483657836914,55270600,0.0,0.0,0.0
2003-02-06 00:00:00-05:00,55.4195464308935,55.76111306792309,54.94660415541546,55.47209167480469,53638000,0.0,0.0,0.0
2003-02-07 00:00:00-05:00,55.774254331556534,55.826799576592656,54.499938174400164,54.79552459716797,43165000,0.0,0.0,0.0
2003-02-10 00:00:00-05:00,54.82178684284405,55.2618838618464,54.2897294023029,55.18306350708008,45455900,0.0,0.0,0.0
2003-02-11 00:00:00-05:00,55.41957348216733,55.7545702479253,54.408003123955744,54.802120208740234,46861000,0.0,0.0,0.0
2003-02-12 00:00:00-05:00,54.62472972898706,54.926886108957845,53.9218815048459,53.92845153808594,35873600,0.0,0.0,0.0
2003-02-13 00:00:00-05:00,53.961330280482876,54.296332023705176,53.205936354635384,54.09270095825195,57934100,0.0,0.0,0.0
2003-02-14 00:00:00-05:00,54.10579783238204,55.30785310745685,53.74452123977155,55.2750129699707,59580900,0.0,0.0,0.0
2003-02-18 00:00:00-05:00,55.52466271450233,56.358882043648244,55.43270223889932,56.24721145629883,39492700,0.0,0.0,0.0
2003-02-19 00:00:00-05:00,56.04357865911424,56.14210916010639,55.360440200096605,55.95161819458008,31432000,0.0,0.0,0.0
2003-02-20 00:00:00-05:00,55.971314040619426,56.109254714619546,55.20935531593278,55.39327621459961,29280100,0.0,0.0,0.0
2003-02-21 00:00:00-05:00,55.42612553026822,56.319460052716714,54.8218124743382,55.95161819458008,60955800,0.0,0.0,0.0
2003-02-24 00:00:00-05:00,55.787358144870375,55.83333834069233,54.90715938153741,55.04510498046875,30628600,0.0,0.0,0.0
2003-02-25 00:00:00-05:00,54.48680221848602,55.49837218096574,54.00729487321657,55.48523712158203,56770600,0.0,0.0,0.0
2003-02-26 00:00:00-05:00,55.18963281768896,55.52463438587956,54.57218494101446,54.67728042602539,37787200,0.0,0.0,0.0
2003-02-27 00:00:00-05:00,54.97943410768914,55.66914230006444,54.62473247834628,55.39982604980469,51126000,0.0,0.0,0.0
2003-02-28 00:00:00-05:00,55.48522597815337,55.98444332944058,55.281600024055074,55.767677307128906,43666800,0.0,0.0,0.0
2003-03-03 00:00:00-05:00,56.0041561353957,56.34572278398247,54.99258623672224,55.23562240600586,42923100,0.0,0.0,0.0
2003-03-04 00:00:00-05:00,55.14365671005302,55.183071904901546,54.289737664175775,54.35542297363281,31440500,0.0,0.0,0.0
2003-03-05 00:00:00-05:00,54.2634610953176,54.874343978814586,54.09924532030731,54.815223693847656,43974700,0.0,0.0,0.0
2003-03-06 00:00:00-05:00,54.43424835186198,54.86120536906667,54.17150210256595,54.35542297363281,41217700,0.0,0.0,0.0
2003-03-07 00:00:00-05:00,53.60662258353795,55.169955674576435,53.48838697083957,54.7298583984375,63538000,0.0,0.0,0.0
2003-03-10 00:00:00-05:00,54.25690276948113,54.42768861555755,53.27160790679757,53.41611862182617,41014100,0.0,0.0,0.0
2003-03-11 00:00:00-05:00,53.52121038964696,53.86277701444876,52.86434725532441,52.89061737060547,48102700,0.0,0.0,0.0
2003-03-12 00:00:00-05:00,52.7986674048537,53.27160975720464,52.1418041402483,53.24533462524414,62459800,0.0,0.0,0.0
2003-03-13 00:00:00-05:00,53.980999870391386,55.11737503027962,53.55403793130736,55.084529876708984,72117800,0.0,0.0,0.0
2003-03-14 00:00:00-05:00,55.30784772036831,55.68225932921163,54.7495153228252,55.26186752319336,63951800,0.0,0.0,0.0
2003-03-17 00:00:00-05:00,54.82179712330942,57.114248081219294,54.664151372747114,57.00258255004883,88217500,0.0,0.0,0.0
2003-03-18 00:00:00-05:00,57.2456211997803,57.37699181756261,56.674148488344784,57.337581634521484,50792300,0.0,0.0,0.0
2003-03-19 00:00:00-05:00,57.33101232122694,57.9090550742618,56.93689545145548,57.777679443359375,49630800,0.0,0.0,0.0
2003-03-20 00:00:00-05:00,57.36385355791554,58.19149742438129,56.72012553919685,57.90248107910156,67321600,0.0,0.0,0.0
2003-03-21 00:00:00-05:00,58.56462541053485,59.27689403319369,57.990848572599205,59.138397216796875,71165300,0.354,0.0,0.0
2003-03-24 00:00:00-05:00,58.05022732795047,58.12937055658878,56.9488438123653,57.17308044433594,65398900,0.0,0.0,0.0
2003-03-25 00:00:00-05:00,57.206040688269695,58.20850124162722,57.00819020682327,57.720458984375,61040100,0.0,0.0,0.0
2003-03-26 00:00:00-05:00,57.74684540508681,57.938104410377264,57.245620113644776,57.43028259277344,45740800,0.0,0.0,0.0
2003-03-27 00:00:00-05:00,56.981836954658654,57.812823471107976,56.71143462349513,57.476470947265625,53120200,0.0,0.0,0.0
2003-03-28 00:00:00-05:00,57.02798262474247,57.5621855395738,56.88288923264621,57.18626403808594,32583000,0.0,0.0,0.0
2003-03-31 00:00:00-05:00,56.28933033537865,57.10712354705692,55.66279614682304,55.887027740478516,61119500,0.0,0.0,0.0
2003-04-01 00:00:00-05:00,56.22337372150671,56.975216674310154,55.99914215353993,56.744388580322266,53574000,0.0,0.0,0.0
2003-04-02 00:00:00-05:00,57.73362069078716,58.544816784485555,57.707239634582145,58.11613845825195,50431200,0.0,0.0,0.0
2003-04-03 00:00:00-05:00,58.610797122308796,58.689935293252695,57.806192173218136,57.83916473388672,48755500,0.0,0.0,0.0
2003-04-04 00:00:00-05:00,58.320641068669204,58.42616036262116,57.78643800728484,58.18214416503906,36250100,0.0,0.0,0.0
2003-04-07 00:00:00-04:00,59.580280778726625,59.91663313323316,58.01724136927053,58.070003509521484,69776200,0.0,0.0,0.0
2003-04-08 00:00:00-04:00,58.234896404516206,58.46572453789955,57.845781809662064,58.162349700927734,39712700,0.0,0.0,0.0
2003-04-09 00:00:00-04:00,58.27447570040752,58.762513129478556,57.22584909430658,57.39732360839844,55647300,0.0,0.0,0.0
2003-04-10 00:00:00-04:00,57.43685707508404,57.79299390720909,56.52673296965804,57.7138557434082,41812400,0.0,0.0,0.0
2003-04-11 00:00:00-04:00,58.14257946617929,58.4987115129804,57.285211866323,57.476470947265625,47730100,0.0,0.0,0.0
2003-04-14 00:00:00-04:00,57.68746578447301,58.696517470756554,57.37749460624517,58.66353988647461,36711700,0.0,0.0,0.0
2003-04-15 00:00:00-04:00,58.59102154677157,59.21096420288086,58.31402781893883,59.21096420288086,49709800,0.0,0.0,0.0
2003-04-16 00:00:00-04:00,59.29669995980981,59.39562269046681,58.05681473104199,58.201908111572266,51788000,0.0,0.0,0.0
2003-04-17 00:00:00-04:00,58.23489475050196,59.171400311730125,58.16234804897399,59.06587600708008,37403100,0.0,0.0,0.0
2003-04-21 00:00:00-04:00,59.26372574433558,59.46158128029237,58.73611433623433,59.12522888183594,32052700,0.0,0.0,0.0
2003-04-22 00:00:00-04:00,58.76250206329763,60.38490053414632,58.62400518511643,60.23980712890625,59763600,0.0,0.0,0.0
2003-04-23 00:00:00-04:00,60.4244601752942,60.90590086995151,60.17384252391263,60.793785095214844,44227100,0.0,0.0,0.0
2003-04-24 00:00:00-04:00,60.36511032846989,60.727843807582154,59.98918882815145,60.252994537353516,49692400,0.0,0.0,0.0
2003-04-25 00:00:00-04:00,60.21337870494104,60.32549440903415,59.36920008440371,59.5077018737793,43917200,0.0,0.0,0.0
2003-04-28 00:00:00-04:00,59.6462581424782,60.80040397321237,59.55392687855359,60.536598205566406,46432900,0.0,0.0,0.0
2003-04-29 00:00:00-04:00,60.767400357771535,61.20268044284501,60.279363167089386,60.747615814208984,52017100,0.0,0.0,0.0
2003-04-30 00:00:00-04:00,60.61572265625,61.05099776101818,60.2859668068264,60.61572265625,48709100,0.0,0.0,0.0
2003-05-01 00:00:00-04:00,60.62229598728009,61.156503724830365,59.685790863106995,60.609107971191406,50240400,0.0,0.0,0.0
2003-05-02 00:00:00-04:00,60.38485823319583,61.64452734019368,60.33869263947547,61.473052978515625,50201500,0.0,0.0,0.0
2003-05-05 00:00:00-04:00,61.64458369254036,61.849030789958206,61.00485628641451,61.35439682006836,35437800,0.0,0.0,0.0
2003-05-06 00:00:00-04:00,61.360983919060935,62.24472739425242,61.334602840919615,61.93476104736328,44401000,0.0,0.0,0.0
2003-05-07 00:00:00-04:00,61.611596684498686,62.08644602823432,61.314818360502,61.59181213378906,41413100,0.0,0.0,0.0
2003-05-08 00:00:00-04:00,61.01802841686554,61.55223638672912,60.859746996601636,60.97186279296875,40570700,0.0,0.0,0.0
2003-05-09 00:00:00-04:00,61.22248977755203,61.86221711405245,61.07739635710743,61.8160514831543,33608100,0.0,0.0,0.0
2003-05-12 00:00:00-04:00,61.66433487526768,62.732745483439736,61.51924151755211,62.574459075927734,35662300,0.0,0.0,0.0
2003-05-13 00:00:00-04:00,62.34360617791892,62.77228955534129,62.165540330018175,62.462318420410156,39253600,0.0,0.0,0.0
2003-05-14 00:00:00-04:00,62.7129534116445,62.811881154481846,61.934734581564854,62.330440521240234,32195100,0.0,0.0,0.0
2003-05-15 00:00:00-04:00,62.58107998662519,62.87126681513263,62.15899279880138,62.726173400878906,43879200,0.0,0.0,0.0
2003-05-16 00:00:00-04:00,62.58107819011891,62.95040321094354,62.165587541691195,62.56789016723633,38905000,0.0,0.0,0.0
2003-05-19 00:00:00-04:00,62.093058323303524,62.27112435658351,60.89274663591547,61.103790283203125,41606000,0.0,0.0,0.0
2003-05-20 00:00:00-04:00,61.21585241081054,61.3543492111095,60.404651115718885,60.97842788696289,55404600,0.0,0.0,0.0
2003-05-21 00:00:00-04:00,60.74765318496569,61.255475231612486,60.61575279228995,61.103790283203125,49333800,0.0,0.0,0.0
2003-05-22 00:00:00-04:00,61.301626341639654,62.02709342442812,61.123560350567374,61.71052551269531,38421800,0.0,0.0,0.0
2003-05-23 00:00:00-04:00,61.68412933737855,61.980912625432005,61.4269201734039,61.835819244384766,26155900,0.0,0.0,0.0
2003-05-27 00:00:00-04:00,61.53242716683079,63.207582008964124,61.38073730246078,62.91740036010742,43719200,0.0,0.0,0.0
2003-05-28 00:00:00-04:00,63.214175068084586,63.6230740017211,62.937181450946944,63.095462799072266,37727100,0.0,0.0,0.0
2003-05-29 00:00:00-04:00,63.233977795038,63.85392038170767,62.706371472312036,62.93060302734375,50844200,0.0,0.0,0.0
2003-05-30 00:00:00-04:00,63.24715973945391,64.03197507591787,63.02292319212571,63.93964385986328,52529500,0.0,0.0,0.0
2003-06-02 00:00:00-04:00,64.32215006587847,64.92889938428198,63.75496982381819,64.20343780517578,50305500,0.0,0.0,0.0
2003-06-03 00:00:00-04:00,64.07153354603392,64.52659299070744,63.873678113273144,64.46723937988281,38254500,0.0,0.0,0.0
2003-06-04 00:00:00-04:00,64.40788861750966,65.52245951178101,64.34852997238721,65.39715576171875,49360700,0.0,0.0,0.0
2003-06-05 00:00:00-04:00,65.0146521025148,65.72032928466797,64.81020009325663,65.72032928466797,46262400,0.0,0.0,0.0
2003-06-06 00:00:00-04:00,66.21497772423045,66.87448944452821,65.37739502171422,65.463134765625,60356800,0.0,0.0,0.0
2003-06-09 00:00:00-04:00,65.13997914393802,65.35761924845323,64.48046733511069,64.79703521728516,37808500,0.0,0.0,0.0
2003-06-10 00:00:00-04:00,64.93551293093716,65.4631242349718,64.75744700903819,65.45652770996094,29965900,0.0,0.0,0.0
2003-06-11 00:00:00-04:00,65.39720466230862,66.2084015093936,65.10042127812316,66.1490478515625,37610200,0.0,0.0,0.0
2003-06-12 00:00:00-04:00,66.44579344034354,66.5447211862918,65.70054714665852,66.35346221923828,36442000,0.0,0.0,0.0
2003-06-13 00:00:00-04:00,66.35344636088574,66.44577755992401,65.2586549556135,65.66095733642578,48628300,0.0,0.0,0.0
2003-06-16 00:00:00-04:00,65.92479410500466,67.07234314424802,65.81927484118964,67.04596710205078,36326300,0.0,0.0,0.0
2003-06-17 00:00:00-04:00,67.316364303813,67.38891099904379,66.7623768475146,67.04596710205078,36801800,0.0,0.0,0.0
2003-06-18 00:00:00-04:00,66.80190987988107,67.36249355993877,66.61065097131124,66.986572265625,35521000,0.0,0.0,0.0
2003-06-19 00:00:00-04:00,67.03275843986368,67.09211710017345,65.84563555041011,65.96434783935547,43551700,0.0,0.0,0.0
2003-06-20 00:00:00-04:00,66.44750731440587,66.52031602449017,65.80546962539778,65.81871032714844,41545000,0.36,0.0,0.0
2003-06-23 00:00:00-04:00,65.8253504151485,65.9643525866321,64.81265349335392,65.14360046386719,34237500,0.0,0.0,0.0
2003-06-24 00:00:00-04:00,65.01124313782863,65.58708780682949,64.87886128012326,65.20980834960938,36213600,0.0,0.0,0.0
2003-06-25 00:00:00-04:00,65.21640593176852,65.81873181183329,64.55451202392578,64.55451202392578,47743400,0.0,0.0,0.0
2003-06-26 00:00:00-04:00,64.71998411393164,65.51425981623137,64.17723132312582,65.3951187133789,33477300,0.0,0.0,0.0
2003-06-27 00:00:00-04:00,65.36204907202004,65.65328412181249,64.5876341076375,64.64058685302734,54208800,0.0,0.0,0.0
2003-06-30 00:00:00-04:00,65.01122470808853,65.3090749662492,64.51480424458737,64.6207046508789,33349000,0.0,0.0,0.0
2003-07-01 00:00:00-04:00,64.36918435785941,65.42821363038378,63.82643154007506,65.2164077758789,51322800,0.0,0.0,0.0
2003-07-02 00:00:00-04:00,65.3752763274451,66.05041111972709,65.24289953084332,66.03717041015625,34662100,0.0,0.0,0.0
2003-07-03 00:00:00-04:00,65.57387986135593,66.09015669998693,64.79946460340945,65.35545349121094,30792800,0.0,0.0,0.0
2003-07-07 00:00:00-04:00,65.95776218415477,66.78512998613901,65.95776218415477,66.65274810791016,31391100,0.0,0.0,0.0
2003-07-08 00:00:00-04:00,66.52037500868347,67.04327209483355,66.30194868475004,66.95060729980469,30952500,0.0,0.0,0.0
2003-07-09 00:00:00-04:00,66.79834477052782,67.11605612912084,66.20925948362786,66.57330322265625,36528500,0.0,0.0,0.0
2003-07-10 00:00:00-04:00,66.08349252399911,66.2158743498787,65.28260141436625,65.72607421875,49777700,0.0,0.0,0.0
2003-07-11 00:00:00-04:00,65.78562733863447,66.48723318225795,65.78562733863447,66.34823608398438,39976300,0.0,0.0,0.0
2003-07-14 00:00:00-04:00,66.98368580036346,67.4470147341698,66.48726518904698,66.67259979248047,42114900,0.0,0.0,0.0
2003-07-15 00:00:00-04:00,67.10281447988541,67.15576721388375,66.15630582153017,66.52696990966797,42573600,0.0,0.0,0.0
2003-07-16 00:00:00-04:00,66.7255293195177,66.76524639150858,65.67974068762862,66.13644409179688,39894200,0.0,0.0,0.0
2003-07-17 00:00:00-04:00,65.62681890104786,66.10999889774449,64.97154497751626,65.19658660888672,52253500,0.0,0.0,0.0
2003-07-18 00:00:00-04:00,65.54072727421267,66.05700872278169,65.17006833151125,65.86505889892578,35698100,0.0,0.0,0.0
2003-07-21 00:00:00-04:00,65.82538711567051,65.85186349405531,64.76635722954275,65.05097198486328,34786000,0.0,0.0,0.0
2003-07-22 00:00:00-04:00,65.32232359994873,65.79888811071619,64.81266236765826,65.64002990722656,49968300,0.0,0.0,0.0
2003-07-23 00:00:00-04:00,65.66649957987107,65.82535271731516,65.05093799119383,65.68635559082031,37275400,0.0,0.0,0.0
2003-07-24 00:00:00-04:00,66.1827747026979,66.41443657542445,65.11050973469213,65.18993377685547,40896200,0.0,0.0,0.0
2003-07-25 00:00:00-04:00,65.30251586747394,66.38140211878417,64.89213944649576,66.34169006347656,43241100,0.0,0.0,0.0
2003-07-28 00:00:00-04:00,66.43430043623572,66.83805616708592,65.97097162140173,66.09673309326172,34382800,0.0,0.0,0.0
2003-07-29 00:00:00-04:00,66.28206700838923,66.36149610903453,65.31570234153259,65.79226684570312,53472100,0.0,0.0,0.0
2003-07-30 00:00:00-04:00,65.9246451649458,66.02393028060106,65.48117737151647,65.63341522216797,28363300,0.0,0.0,0.0
2003-07-31 00:00:00-04:00,66.17618764285972,66.79174948159576,65.64004988018495,65.7856674194336,54937200,0.0,0.0,0.0
2003-08-01 00:00:00-04:00,65.65327420326962,65.8783157624008,65.02447180892761,65.20318603515625,49321000,0.0,0.0,0.0
2003-08-04 00:00:00-04:00,65.07080419168116,65.52751271443103,64.20372457878595,65.20318603515625,55214100,0.0,0.0,0.0
2003-08-05 00:00:00-04:00,65.13700093088724,65.36866285636496,63.76687529338058,63.819828033447266,61415600,0.0,0.0,0.0
2003-08-06 00:00:00-04:00,63.998563651353855,64.90535564117204,63.81984935638111,64.19051361083984,50096900,0.0,0.0,0.0
2003-08-07 00:00:00-04:00,64.31625014497799,64.91195586032283,64.04487618289672,64.8656234741211,43427400,0.0,0.0,0.0
2003-08-08 00:00:00-04:00,65.07744836324808,65.22968627649746,64.70678916556658,65.05097198486328,27357300,0.0,0.0,0.0
2003-08-11 00:00:00-04:00,65.03771437131499,65.55399095095063,64.75971501702176,65.29585266113281,34631400,0.0,0.0,0.0
2003-08-12 00:00:00-04:00,65.33555458400636,65.91801947224187,65.14360472257809,65.89154815673828,43285600,0.0,0.0,0.0
2003-08-13 00:00:00-04:00,66.07029289108517,66.090148913331,65.21644858554288,65.55401611328125,36152000,0.0,0.0,0.0
2003-08-14 00:00:00-04:00,65.59370700185447,66.02393919454612,65.16347480916284,65.73270416259766,35525100,0.0,0.0,0.0
2003-08-15 00:00:00-04:00,65.7658028363726,66.05041752151809,65.60694965508374,65.93789672851562,12567000,0.0,0.0,0.0
2003-08-18 00:00:00-04:00,66.14307446748072,66.58654228141337,66.01731297851286,66.50711822509766,22873800,0.0,0.0,0.0
2003-08-19 00:00:00-04:00,66.6460928447805,66.81156630597036,66.1893844759447,66.75861358642578,37437700,0.0,0.0,0.0
2003-08-20 00:00:00-04:00,66.38136610055003,66.77850158770543,66.29532167745273,66.48726654052734,21295300,0.0,0.0,0.0
2003-08-21 00:00:00-04:00,66.8843854505935,67.19547136421086,66.45415337451834,66.69905090332031,46494200,0.0,0.0,0.0
2003-08-22 00:00:00-04:00,67.3477229158588,67.39405529965453,66.01069909071677,66.03717041015625,52040300,0.0,0.0,0.0
2003-08-25 00:00:00-04:00,65.99744892095045,66.7387720052707,65.7128343041878,66.14306640625,23473000,0.0,0.0,0.0
2003-08-26 00:00:00-04:00,65.85844371479187,66.44752888775028,65.41497600927933,66.26219940185547,45065800,0.0,0.0,0.0
2003-08-27 00:00:00-04:00,66.22249830771484,66.4276838366823,65.90478695816309,66.28206634521484,18919500,0.0,0.0,0.0
2003-08-28 00:00:00-04:00,66.45416919510801,66.85130464839554,65.96436897104842,66.69245147705078,27402400,0.0,0.0,0.0
2003-08-29 00:00:00-04:00,66.59317422301146,67.1690239807509,66.50712979708105,67.14254760742188,28706600,0.0,0.0,0.0
2003-09-02 00:00:00-04:00,67.2749249266548,68.0956723065766,66.88440977930195,68.042724609375,49419100,0.0,0.0,0.0
2003-09-03 00:00:00-04:00,68.1949267703512,68.63839446528314,68.02945329762888,68.4133529663086,44912400,0.0,0.0,0.0
2003-09-04 00:00:00-04:00,68.24128156048268,68.53913693914906,68.01623998757371,68.44647216796875,28381000,0.0,0.0,0.0
2003-09-05 00:00:00-04:00,68.13540032915753,68.53915625301222,67.77797680394914,68.06259155273438,31637300,0.0,0.0,0.0
2003-09-08 00:00:00-04:00,68.20157126931196,68.75755991057346,68.12876251154894,68.62518310546875,32632800,0.0,0.0,0.0
2003-09-09 00:00:00-04:00,68.41997427731307,68.47954230439946,67.96326587025192,68.1750717163086,35053200,0.0,0.0,0.0
2003-09-10 00:00:00-04:00,67.86400430542422,68.04271854834755,67.21535088628035,67.48672485351562,45904900,0.0,0.0,0.0
2003-09-11 00:00:00-04:00,67.5793820028617,68.01623450307288,67.40728813461024,67.68528747558594,38396300,0.0,0.0,0.0
2003-09-12 00:00:00-04:00,67.45360167822032,67.93678133932096,67.08293770480371,67.81101989746094,42524800,0.0,0.0,0.0
2003-09-15 00:00:00-04:00,67.85735319621459,67.93016192146663,67.48007391529455,67.57273864746094,21312800,0.0,0.0,0.0
2003-09-16 00:00:00-04:00,67.66544953440383,68.59871777525737,67.62573244659893,68.55900573730469,37892600,0.0,0.0,0.0
2003-09-17 00:00:00-04:00,68.4927986696386,68.69798420964678,68.20818402550586,68.42660522460938,31885800,0.0,0.0,0.0
2003-09-18 00:00:00-04:00,68.43984477222159,69.30030399464117,68.28760692102885,69.23411560058594,30243600,0.0,0.0,0.0
2003-09-19 00:00:00-04:00,69.2806102207205,69.49987490821911,68.70255522361404,68.88195037841797,34331600,0.4,0.0,0.0
2003-09-22 00:00:00-04:00,68.33711425227715,68.41020248162998,67.792277950251,68.13778686523438,36677400,0.0,0.0,0.0
2003-09-23 00:00:00-04:00,68.16438582778616,68.62949338032072,68.01156861294702,68.39694213867188,32489200,0.0,0.0,0.0
2003-09-24 00:00:00-04:00,68.51653840127311,68.58298088682099,67.15444463597647,67.18102264404297,41694700,0.0,0.0,0.0
2003-09-25 00:00:00-04:00,67.38036198253049,67.6926422031028,66.5763910976332,66.62954711914062,52673100,0.0,0.0,0.0
2003-09-26 00:00:00-04:00,66.73587813084151,66.88205469691682,66.34385869734514,66.4103012084961,42914700,0.0,0.0,0.0
2003-09-29 00:00:00-04:00,66.64280928808373,67.10126583113023,66.30394613686543,67.0614013671875,36771600,0.0,0.0,0.0
2003-09-30 00:00:00-04:00,66.76245614914963,66.94849720806778,65.94519856120073,66.4103012084961,70764500,0.0,0.0,0.0
2003-10-01 00:00:00-04:00,66.60293042055557,67.89193531255776,66.5763524252403,67.82549285888672,65797600,0.0,0.0,0.0
2003-10-02 00:00:00-04:00,67.72582342526188,68.14441542580775,67.52649100448724,68.07132720947266,44591500,0.0,0.0,0.0
2003-10-03 00:00:00-04:00,68.88198675979952,69.28729258316059,68.48997247743517,68.6959457397461,48806900,0.0,0.0,0.0
2003-10-06 00:00:00-04:00,68.75569538511978,69.09455338495137,68.5696494369431,69.0081787109375,20226500,0.0,0.0,0.0
2003-10-07 00:00:00-04:00,68.609521665417,69.30717498895831,68.37697055756992,69.27395629882812,42602900,0.0,0.0,0.0
2003-10-08 00:00:00-04:00,69.32050683860031,69.3603713176361,68.70922783694606,69.10124206542969,30920800,0.0,0.0,0.0
2003-10-09 00:00:00-04:00,69.68593718615665,69.91184770987671,68.98828351563108,69.28727722167969,40066500,0.0,0.0,0.0
2003-10-10 00:00:00-04:00,69.28061747453266,69.4998821849887,69.04142559949523,69.47994995117188,22682800,0.0,0.0,0.0
2003-10-13 00:00:00-04:00,69.57299734950116,69.95837091656729,69.44011235979988,69.6992416381836,23825600,0.0,0.0,0.0
2003-10-14 00:00:00-04:00,69.63276538984296,70.05135746680915,69.34041247112913,69.9450454711914,38484400,0.0,0.0,0.0
2003-10-15 00:00:00-04:00,70.33709351096856,70.35702575102574,69.52648195372944,69.759033203125,39021700,0.0,0.0,0.0
2003-10-16 00:00:00-04:00,69.55303864866305,70.25069725228568,69.5331064147142,70.03807830810547,32772200,0.0,0.0,0.0
2003-10-17 00:00:00-04:00,70.07792159694749,70.18422850229162,69.08791541255044,69.27395629882812,32790300,0.0,0.0,0.0
2003-10-20 00:00:00-04:00,69.4002019627323,69.79222106933594,69.06134391765417,69.79222106933594,27657000,0.0,0.0,0.0
2003-10-21 00:00:00-04:00,69.64606756394832,69.9517070164365,69.3138501065608,69.67264556884766,26729100,0.0,0.0,0.0
2003-10-22 00:00:00-04:00,69.1211726235386,69.2274846573638,68.56304965366662,68.79560089111328,33914500,0.0,0.0,0.0
2003-10-23 00:00:00-04:00,68.36368742163106,69.06798659738443,68.33046365818682,68.66932678222656,45830500,0.0,0.0,0.0
2003-10-24 00:00:00-04:00,68.32386300274973,68.82218933105469,67.89197917103792,68.82218933105469,51723600,0.0,0.0,0.0
2003-10-27 00:00:00-05:00,68.92846543154556,69.22081836866528,68.61618026130137,68.85537719726562,32460200,0.0,0.0,0.0
2003-10-28 00:00:00-05:00,69.0879219137997,69.86530929142756,68.98160992921756,69.79222106933594,34956200,0.0,0.0,0.0
2003-10-29 00:00:00-05:00,69.6128787973315,70.05140849484349,69.01489112870776,69.88529968261719,30955400,0.0,0.0,0.0
2003-10-30 00:00:00-05:00,70.2905469721163,70.41014541995125,69.63275804364137,70.03141784667969,39123100,0.0,0.0,0.0
2003-10-31 00:00:00-05:00,70.03142354013723,70.25732892150543,69.9118250825791,69.96498107910156,25761600,0.0,0.0,0.0
2003-11-03 00:00:00-05:00,70.26399132657531,70.83540575141305,70.23741332202052,70.42345428466797,37589300,0.0,0.0,0.0
2003-11-04 00:00:00-05:00,70.4234241188147,70.60946500177157,70.15100855998035,70.2706069946289,31421600,0.0,0.0,0.0
2003-11-05 00:00:00-05:00,70.09120987246476,70.41014073521602,69.69919586184281,70.32376098632812,33558800,0.0,0.0,0.0
2003-11-06 00:00:00-05:00,70.16434982328128,70.72247797730758,69.83213225302973,70.6958999633789,28392300,0.0,0.0,0.0
2003-11-07 00:00:00-05:00,70.85530339260087,70.90845937575718,70.1443585928945,70.17093658447266,31723200,0.0,0.0,0.0
2003-11-10 00:00:00-05:00,70.25738179984772,70.32382431089052,69.77234690692057,69.88529968261719,25530800,0.0,0.0,0.0
2003-11-11 00:00:00-05:00,69.82547163948658,69.98493968916054,69.63278995062817,69.86534118652344,26558600,0.0,0.0,0.0
2003-11-12 00:00:00-05:00,69.91848331655426,70.74238113262157,69.87197307861263,70.64936065673828,28000000,0.0,0.0,0.0
2003-11-13 00:00:00-05:00,70.43672985526378,70.78887946462781,70.28390763102388,70.66928100585938,29714800,0.0,0.0,0.0
2003-11-14 00:00:00-05:00,70.69587475279242,71.06131090820963,69.95835160430025,70.07130432128906,49158500,0.0,0.0,0.0
2003-11-17 00:00:00-05:00,69.7058678903553,69.85868507879825,69.12780770161662,69.71915435791016,44382100,0.0,0.0,0.0
2003-11-18 00:00:00-05:00,69.92513644607013,70.06466718469964,68.90190596021704,68.99492645263672,41155000,0.0,0.0,0.0
2003-11-19 00:00:00-05:00,69.12115867911088,69.7723070818363,69.04807043790998,69.57962036132812,29827000,0.0,0.0,0.0
2003-11-20 00:00:00-05:00,69.10125466710463,69.92515282259504,68.93514588184716,68.955078125,53578700,0.0,0.0,0.0
2003-11-21 00:00:00-05:00,69.26070830246539,69.32051009306355,68.84876181512378,69.24077606201172,30016000,0.0,0.0,0.0
2003-11-24 00:00:00-05:00,69.55968935888059,70.28392094640418,69.55304359068026,70.15767669677734,28906400,0.0,0.0,0.0
2003-11-25 00:00:00-05:00,70.25070485891594,70.70916149708684,70.06465882703245,70.42345428466797,37580000,0.0,0.0,0.0
2003-11-26 00:00:00-05:00,70.70915253744789,70.72908477102933,70.0247854818963,70.67593383789062,33053600,0.0,0.0,0.0
2003-11-28 00:00:00-05:00,70.6161275043764,70.86861596471876,70.56297150543747,70.72908020019531,10507500,0.0,0.0,0.0
2003-12-01 00:00:00-05:00,70.99486840261117,71.54635058895792,70.96164969898832,71.49319458007812,38699000,0.0,0.0,0.0
2003-12-02 00:00:00-05:00,71.34700806663169,71.60613723697018,71.14103489770501,71.31378936767578,35352000,0.0,0.0,0.0
2003-12-03 00:00:00-05:00,71.52642314546985,71.81213037579711,71.141049659124,71.20085144042969,39078600,0.0,0.0,0.0
2003-12-04 00:00:00-05:00,71.2074873688943,71.5729285933978,71.05467017990995,71.49319458007812,36089500,0.0,0.0,0.0
2003-12-05 00:00:00-05:00,71.17427332127109,71.62608928783362,70.84205584789382,70.994873046875,28824400,0.0,0.0,0.0
2003-12-08 00:00:00-05:00,70.92176924131175,71.51976157607531,70.88190477540593,71.47325134277344,32482900,0.0,0.0,0.0
2003-12-09 00:00:00-05:00,71.69253811637137,71.71247035546101,70.78890610323806,70.92179107666016,43596100,0.0,0.0,0.0
2003-12-10 00:00:00-05:00,70.94174934064479,71.0812852039344,70.40355841084276,70.91517639160156,36915400,0.0,0.0,0.0
2003-12-11 00:00:00-05:00,70.88191970272567,71.8254161022501,70.87527393393005,71.71246337890625,45304000,0.0,0.0,0.0
2003-12-12 00:00:00-05:00,71.73905226440917,71.89186948522949,71.35367872360099,71.85200500488281,34142200,0.0,0.0,0.0
2003-12-15 00:00:00-05:00,72.53635717547284,72.5762267167507,71.41346563599447,71.49319458007812,38693400,0.0,0.0,0.0
2003-12-16 00:00:00-05:00,71.54634917363356,72.0911855807834,71.44003715797705,71.86528015136719,32894200,0.0,0.0,0.0
2003-12-17 00:00:00-05:00,71.79883354579523,72.0911865234375,71.62608412194842,72.0911865234375,23198800,0.0,0.0,0.0
2003-12-18 00:00:00-05:00,72.12438421154177,72.90841731138106,72.01807223294395,72.90177154541016,29353100,0.0,0.0,0.0
2003-12-19 00:00:00-05:00,72.96589863018723,73.01262864385674,72.48524415062094,72.69886779785156,41465100,0.516,0.0,0.0
2003-12-22 00:00:00-05:00,72.62540817570677,73.2061996459961,72.61873100666317,73.2061996459961,27611300,0.0,0.0,0.0
2003-12-23 00:00:00-05:00,73.08605133764674,73.39980704361575,73.01928981963881,73.25294494628906,24741200,0.0,0.0,0.0
2003-12-24 00:00:00-05:00,73.11275050530398,73.35307771141386,73.0526712503709,73.17951202392578,8055800,0.0,0.0,0.0
2003-12-26 00:00:00-05:00,73.23957969629943,73.48658403384646,73.18617252712365,73.23290252685547,8308400,0.0,0.0,0.0
2003-12-29 00:00:00-05:00,73.49995572113167,74.28101670935229,73.28633207239125,74.20758819580078,22483700,0.0,0.0,0.0
2003-12-30 00:00:00-05:00,74.16084003105533,74.28100363063886,74.00062359600683,74.2209243774414,19559500,0.0,0.0,0.0
2003-12-31 00:00:00-05:00,74.24762874370506,74.44789801631764,73.99394720126496,74.28768157958984,31501800,0.0,0.0,0.0
2004-01-02 00:00:00-05:00,74.59476992082955,74.89518148852133,73.92052337260085,74.25431060791016,38072300,0.0,0.0,0.0
2004-01-05 00:00:00-05:00,74.56137675962295,75.11545956941383,74.49461525367346,75.06205749511719,27959800,0.0,0.0,0.0
2004-01-06 00:00:00-05:00,74.87513684476419,75.25565399667165,74.76832251073301,75.13549041748047,20472800,0.0,0.0,0.0
2004-01-07 00:00:00-05:00,75.02871500802249,75.47598880414927,74.69492768078929,75.38920593261719,30170400,0.0,0.0,0.0
2004-01-08 00:00:00-05:00,75.60279236654094,75.70960670335631,75.28235444928272,75.6895751953125,36438400,0.0,0.0,0.0
2004-01-09 00:00:00-05:00,75.32243620823424,75.76970992551718,74.94859100426369,75.02870178222656,54084300,0.0,0.0,0.0
2004-01-12 00:00:00-05:00,75.13550527811721,75.60280534895888,75.00866450466499,75.58277893066406,31564100,0.0,0.0,0.0
2004-01-13 00:00:00-05:00,75.49601804984525,75.58948319069812,74.60814759705363,75.14220428466797,54239700,0.0,0.0,0.0
2004-01-14 00:00:00-05:00,75.2756802768463,75.87649817173144,75.2155959407639,75.76968383789062,30112800,0.0,0.0,0.0
2004-01-15 00:00:00-05:00,75.81645970218767,76.14356988438779,75.15556216458599,75.95664978027344,38408700,0.0,0.0,0.0
2004-01-16 00:00:00-05:00,76.13017828864211,76.31042111930648,75.85647036471372,76.25701904296875,31922700,0.0,0.0,0.0
2004-01-20 00:00:00-05:00,76.45727734640857,76.53738808923181,75.98330024437585,76.23697662353516,29863000,0.0,0.0,0.0
2004-01-21 00:00:00-05:00,76.19023607165838,76.9713016996789,75.91653331802011,76.83778381347656,30725000,0.0,0.0,0.0
2004-01-22 00:00:00-05:00,76.86453853056767,77.02475500741981,76.49069838684936,76.63756561279297,29888500,0.0,0.0,0.0
2004-01-23 00:00:00-05:00,76.77105062489628,77.01805496915019,76.07009551669806,76.39053344726562,44245300,0.0,0.0,0.0
2004-01-26 00:00:00-05:00,76.36381740613719,77.39188235365091,76.35714023760104,77.3518295288086,30460600,0.0,0.0,0.0
2004-01-27 00:00:00-05:00,77.27173850203744,77.77241931306575,76.5374076645003,76.55743408203125,35322800,0.0,0.0,0.0
2004-01-28 00:00:00-05:00,76.75770223265131,76.95797148494412,75.39584992566978,75.68290710449219,52621300,0.0,0.0,0.0
2004-01-29 00:00:00-05:00,75.80974973919135,76.00334693277108,75.14217531713243,75.75634765625,60117100,0.0,0.0,0.0
2004-01-30 00:00:00-05:00,75.78304615112636,75.91656409145132,75.49598894591347,75.75634765625,30984400,0.0,0.0,0.0
2004-02-02 00:00:00-05:00,75.90317955476449,76.55740446911928,75.51599041482658,76.08342742919922,38832400,0.0,0.0,0.0
2004-02-03 00:00:00-05:00,75.9299461806584,76.19697708361784,75.72967682333197,75.95664978027344,25093500,0.0,0.0,0.0
2004-02-04 00:00:00-05:00,75.56273229190742,75.92322300431375,75.29570156865968,75.33575439453125,39332600,0.0,0.0,0.0
2004-02-05 00:00:00-05:00,75.54936836436642,75.79637264332402,75.2890148428753,75.55604553222656,37226800,0.0,0.0,0.0
2004-02-06 00:00:00-05:00,75.71628409899932,76.5707784808036,75.56941692215392,76.40388488769531,37216000,0.0,0.0,0.0
2004-02-09 00:00:00-05:00,76.55075535057323,76.68427328670423,76.29707891170705,76.42391967773438,24851300,0.0,0.0,0.0
2004-02-10 00:00:00-05:00,76.2903889259224,76.8645032218716,76.27703968114602,76.67090606689453,27908100,0.0,0.0,0.0
2004-02-11 00:00:00-05:00,76.67092517093022,77.69899044325294,76.21697433760836,77.48536682128906,42965700,0.0,0.0,0.0
2004-02-12 00:00:00-05:00,77.41861019367565,77.6188794738288,77.15825656424434,77.20498657226562,27814700,0.0,0.0,0.0
2004-02-13 00:00:00-05:00,77.31843109782423,77.57210741912604,76.60412702342475,76.85780334472656,44739900,0.0,0.0,0.0
2004-02-17 00:00:00-05:00,77.33849279095936,77.72568716316978,77.28508561689135,77.55211639404297,23984300,0.0,0.0,0.0
2004-02-18 00:00:00-05:00,77.57213267859294,77.83916342086515,77.00469553450685,77.2116470336914,28618000,0.0,0.0,0.0
2004-02-19 00:00:00-05:00,77.65892949937148,77.69898233268728,76.81110717747227,76.92459869384766,51146200,0.0,0.0,0.0
2004-02-20 00:00:00-05:00,77.09147421011605,77.1448762776167,76.31708565970409,76.69092559814453,46728800,0.0,0.0,0.0
2004-02-23 00:00:00-05:00,76.91793542808752,76.94463901952129,76.21698015922149,76.49736022949219,36357000,0.0,0.0,0.0
2004-02-24 00:00:00-05:00,76.28373505250988,76.76438950224407,75.45594410751721,76.36384582519531,43953000,0.0,0.0,0.0
2004-02-25 00:00:00-05:00,76.4105724209573,76.81111608010461,76.31711240359589,76.68428039550781,31213600,0.0,0.0,0.0
2004-02-26 00:00:00-05:00,76.51067921181057,76.9646298700094,76.33043132623284,76.7309799194336,29683000,0.0,0.0,0.0
2004-02-27 00:00:00-05:00,76.89791537441215,77.26507832734914,76.52407015657687,76.784423828125,39312000,0.0,0.0,0.0
2004-03-01 00:00:00-05:00,77.05813947222528,77.66562973491887,76.93797583552245,77.54547119140625,33130800,0.0,0.0,0.0
2004-03-02 00:00:00-05:00,77.3985676432733,78.08616837221227,76.92459049122009,77.09148406982422,38556400,0.0,0.0,0.0
2004-03-03 00:00:00-05:00,76.93797026719037,77.35186833992013,76.7176694336476,77.23170471191406,31346200,0.0,0.0,0.0
2004-03-04 00:00:00-05:00,77.25172580598283,77.50540229508071,77.11820784341329,77.43196868896484,21060000,0.0,0.0,0.0
2004-03-05 00:00:00-05:00,77.05145840775889,78.07284672154448,76.95799837206543,77.69232940673828,55905600,0.0,0.0,0.0
2004-03-08 00:00:00-05:00,77.66557422461364,77.85249926503079,76.71094807885562,76.74432373046875,39281600,0.0,0.0,0.0
2004-03-09 00:00:00-05:00,76.83778407417876,76.91121763854255,76.2636698945273,76.43724060058594,39746100,0.0,0.0,0.0
2004-03-10 00:00:00-05:00,76.58412620425788,76.61750186408322,75.1421632396446,75.155517578125,67671800,0.0,0.0,0.0
2004-03-11 00:00:00-05:00,75.0353644835472,75.61615095891072,74.16751571580575,74.18087005615234,89134800,0.0,0.0,0.0
2004-03-12 00:00:00-05:00,74.58808042921598,75.24230040549628,74.4879432633643,75.155517578125,54012200,0.0,0.0,0.0
2004-03-15 00:00:00-05:00,74.94855715774644,75.00196431893652,74.0339837150055,74.2342529296875,57677200,0.0,0.0,0.0
2004-03-16 00:00:00-05:00,74.62147376911918,74.80839380662913,73.99395213474521,74.6281509399414,59832600,0.0,0.0,0.0
2004-03-17 00:00:00-05:00,74.88850910728627,75.60949080403077,74.8351019238557,75.4626235961914,41607300,0.0,0.0,0.0
2004-03-18 00:00:00-05:00,75.23562353765377,75.61614069486421,74.72159355423143,75.48262786865234,60014300,0.0,0.0,0.0
2004-03-19 00:00:00-05:00,75.3051461574095,75.41232989760768,74.38736078505488,74.4007568359375,48636200,0.395,0.0,0.0
2004-03-22 00:00:00-05:00,74.05237759238427,74.07247421725675,73.08769871015359,73.4561538696289,62752100,0.0,0.0,0.0
2004-03-23 00:00:00-05:00,73.85807524300486,73.95856344241464,73.26185173382679,73.32884216308594,54080200,0.0,0.0,0.0
2004-03-24 00:00:00-05:00,73.409249148746,73.78439972015116,72.92020920155582,73.38915252685547,51584300,0.0,0.0,0.0
2004-03-25 00:00:00-05:00,73.74421434601987,74.5615111304078,73.54993846194047,74.36053466796875,49873600,0.0,0.0,0.0
2004-03-26 00:00:00-05:00,74.33371379348418,74.88974406625589,74.22653012908216,74.38060760498047,37409500,0.0,0.0,0.0
2004-03-29 00:00:00-05:00,74.78257979637796,75.52618555880758,74.74908712635802,75.42569732666016,44113600,0.0,0.0,0.0
2004-03-30 00:00:00-05:00,75.23142569468935,75.74725778430481,75.1778312900155,75.68026733398438,39059900,0.0,0.0,0.0
2004-03-31 00:00:00-05:00,75.6936353535994,75.96830274257277,75.28498711359241,75.76732635498047,48517600,0.0,0.0,0.0
2004-04-01 00:00:00-05:00,75.74729185264624,76.2832259183406,75.73389580097461,76.22293090820312,45103800,0.0,0.0,0.0
2004-04-02 00:00:00-05:00,76.91291841075325,76.93301503747172,76.30329858576732,76.79903411865234,50987700,0.0,0.0,0.0
2004-04-05 00:00:00-04:00,76.67844003554991,77.29476036574864,76.66504398969508,77.2210693359375,30251800,0.0,0.0,0.0
2004-04-06 00:00:00-04:00,76.92631936323515,77.16078852606331,76.78563786553825,76.97321319580078,28420900,0.0,0.0,0.0
2004-04-07 00:00:00-04:00,77.00669275110808,77.02679448539263,76.44396685618591,76.79232025146484,45890500,0.0,0.0,0.0
2004-04-08 00:00:00-04:00,77.31482993472933,77.31482993472933,76.19606890716126,76.61811828613281,46929700,0.0,0.0,0.0
2004-04-12 00:00:00-04:00,76.75886141955733,77.09381891734449,76.75216083850876,76.91963958740234,23085200,0.0,0.0,0.0
2004-04-13 00:00:00-04:00,77.21435319099798,77.24115038657536,75.7137409049205,75.84102630615234,56210300,0.0,0.0,0.0
2004-04-14 00:00:00-04:00,75.43909151982801,76.12910281327919,75.39889827509674,75.96162414550781,62322300,0.0,0.0,0.0
2004-04-15 00:00:00-04:00,76.00181019345328,76.222883240628,75.27160572441556,75.67355346679688,61602500,0.0,0.0,0.0
2004-04-16 00:00:00-04:00,75.9549059457605,76.40375255564594,75.6869442283295,76.2563705444336,47059200,0.0,0.0,0.0
2004-04-19 00:00:00-04:00,76.06879529781503,76.36355420919757,75.88121494015432,76.2563705444336,28277600,0.0,0.0,0.0
2004-04-20 00:00:00-04:00,76.42391729022168,76.58469548619081,74.88311048645683,74.97689819335938,53299400,0.0,0.0,0.0
2004-04-21 00:00:00-04:00,75.1644406698455,75.66687678424566,74.94337266390322,75.47930145263672,50177300,0.0,0.0,0.0
2004-04-22 00:00:00-04:00,75.35201856194072,76.81912849081937,75.32522135675443,76.53776550292969,62071500,0.0,0.0,0.0
2004-04-23 00:00:00-04:00,76.65163581084424,76.75212403420328,76.22959140598834,76.61144256591797,29395700,0.0,0.0,0.0
2004-04-26 00:00:00-04:00,76.70524130733354,77.0000054422146,76.10231699100594,76.50426483154297,35515200,0.0,0.0,0.0
2004-04-27 00:00:00-04:00,76.52437234123332,77.12059612373743,76.34349247716676,76.5712661743164,43485500,0.0,0.0,0.0
2004-04-28 00:00:00-04:00,76.29659684598158,76.37698846267705,75.36541567453092,75.57978820800781,50165800,0.0,0.0,0.0
2004-04-29 00:00:00-04:00,75.51281170825531,75.91475964394452,74.46774605325432,74.91658782958984,69687600,0.0,0.0,0.0
2004-04-30 00:00:00-04:00,75.14433647059657,75.28501795512653,74.29354698480758,74.333740234375,48681400,0.0,0.0,0.0
2004-05-03 00:00:00-04:00,74.60838028446985,75.22470040260681,74.59497913218223,75.13091278076172,33758000,0.0,0.0,0.0
2004-05-04 00:00:00-04:00,75.19791070939345,75.87452585822692,74.80266356520131,75.07062530517578,51185100,0.0,0.0,0.0
2004-05-05 00:00:00-04:00,75.30510574507525,75.6735557236454,75.137627088168,75.55297088623047,34405000,0.0,0.0,0.0
2004-05-06 00:00:00-04:00,75.04383392351997,75.42568505471702,74.36052325597264,74.90315246582031,54997000,0.0,0.0,0.0
2004-05-07 00:00:00-04:00,74.50791229597465,75.18452756084662,73.663818359375,73.663818359375,60950000,0.0,0.0,0.0
2004-05-10 00:00:00-04:00,73.31548594820116,73.52315792502905,72.59197665267538,72.9068374633789,75279400,0.0,0.0,0.0
2004-05-11 00:00:00-04:00,73.32887168221944,73.72412406273212,73.24178460022914,73.52314758300781,48300600,0.0,0.0,0.0
2004-05-12 00:00:00-04:00,73.40260297129282,74.05242148624446,72.39102966107801,73.99212646484375,90830500,0.0,0.0,0.0
2004-05-13 00:00:00-04:00,73.52986712419714,74.23327476254212,73.44277490870286,73.68394470214844,57393700,0.0,0.0,0.0
2004-05-14 00:00:00-04:00,73.65715036729613,74.18638381741337,73.2016079742234,73.71744537353516,54123100,0.0,0.0,0.0
2004-05-17 00:00:00-04:00,72.9470107880049,73.35565916116519,72.6254545963321,73.08769226074219,55020400,0.0,0.0,0.0
2004-05-18 00:00:00-04:00,73.34896505558373,73.65042976180281,73.24178135258254,73.4561538696289,30193100,0.0,0.0,0.0
2004-05-19 00:00:00-04:00,74.0255581233574,74.48110022394283,73.12117449880994,73.2015609741211,54804100,0.0,0.0,0.0
2004-05-20 00:00:00-04:00,73.32218388563416,73.6035520285083,73.04752143390917,73.43607330322266,38082900,0.0,0.0,0.0
2004-05-21 00:00:00-04:00,73.67049748781835,74.05904911974832,73.33554024188741,73.56330871582031,47480400,0.0,0.0,0.0
2004-05-24 00:00:00-04:00,74.04566208129658,74.1997446926524,73.47623567688612,73.8714828491211,40961500,0.0,0.0,0.0
2004-05-25 00:00:00-04:00,73.62366045367229,75.01708489795244,73.42268390671126,74.92999267578125,48668000,0.0,0.0,0.0
2004-05-26 00:00:00-04:00,74.8026613299726,75.22470565775932,74.70217312496364,75.19120788574219,35977000,0.0,0.0,0.0
2004-05-27 00:00:00-04:00,75.39220054414899,75.72045731428395,75.07063924102651,75.61327362060547,45306900,0.0,0.0,0.0
2004-05-28 00:00:00-04:00,75.51951080120425,75.61999394986346,75.27164044207277,75.60659790039062,23367200,0.0,0.0,0.0
2004-06-01 00:00:00-04:00,75.33857912522049,75.60654592988854,74.94333204939244,75.50605773925781,41044700,0.0,0.0,0.0
2004-06-02 00:00:00-04:00,75.72044700065989,76.02191163959641,75.33859588017457,75.78743743896484,39774200,0.0,0.0,0.0
2004-06-03 00:00:00-04:00,75.57306811329313,75.827638944901,75.07733271596454,75.09072875976562,38688300,0.0,0.0,0.0
2004-06-04 00:00:00-04:00,75.68696594238281,76.08891374488744,75.50608610907739,75.68696594238281,32739500,0.0,0.0,0.0
2004-06-07 00:00:00-04:00,75.98843621909607,76.91291680616959,75.98173563998155,76.83922576904297,31643800,0.0,0.0,0.0
2004-06-08 00:00:00-04:00,76.61816192242081,76.98661201698444,76.48417588808844,76.94641876220703,32846500,0.0,0.0,0.0
2004-06-09 00:00:00-04:00,76.71196914103345,76.83924951728093,76.18273567039546,76.22962951660156,36737600,0.0,0.0,0.0
2004-06-10 00:00:00-04:00,76.39704921253548,76.60472106933594,76.32335820959817,76.60472106933594,21711000,0.0,0.0,0.0
2004-06-14 00:00:00-04:00,76.24968795534724,76.26978457779111,75.6132710597558,75.84774017333984,34633000,0.0,0.0,0.0
2004-06-15 00:00:00-04:00,76.30328812572797,76.67173815749449,76.04202179211478,76.38367462158203,37445000,0.0,0.0,0.0
2004-06-16 00:00:00-04:00,76.37029266357422,76.50427358874157,76.16931616477852,76.37029266357422,26633400,0.0,0.0,0.0
2004-06-17 00:00:00-04:00,76.26976658588829,76.41714859710063,75.9214132866027,76.2563705444336,28402400,0.0,0.0,0.0
2004-06-18 00:00:00-04:00,76.1582261381249,76.7969713098397,76.09771619148586,76.40027618408203,31799800,0.414,0.0,0.0
2004-06-21 00:00:00-04:00,76.48092971453796,76.74314963461194,76.06406477841348,76.11112976074219,25284000,0.0,0.0,0.0
2004-06-22 00:00:00-04:00,76.06409000620476,76.56836003970317,75.7548050012231,76.49440002441406,37334000,0.0,0.0,0.0
2004-06-23 00:00:00-04:00,76.38683022042505,77.21383025833205,76.25908016184577,77.1533203125,35580000,0.0,0.0,0.0
2004-06-24 00:00:00-04:00,77.02559304775913,77.27436820132182,76.82388803892893,76.91129302978516,35272100,0.0,0.0,0.0
2004-06-25 00:00:00-04:00,76.92468524255557,77.28103510682756,76.43386034385203,76.54143524169922,32837900,0.0,0.0,0.0
2004-06-28 00:00:00-04:00,76.9986761986105,77.05919127490044,76.25236120883778,76.27925109863281,40824500,0.0,0.0,0.0
2004-06-29 00:00:00-04:00,76.33301778420211,76.76332770507936,76.25905778564207,76.5952377319336,28418100,0.0,0.0,0.0
2004-06-30 00:00:00-04:00,76.69614697518004,77.1802472609089,76.41375685173904,77.00543212890625,52230600,0.0,0.0,0.0
2004-07-01 00:00:00-04:00,76.8171380117855,76.9179930482443,75.69429792580475,75.93634796142578,57734700,0.0,0.0,0.0
2004-07-02 00:00:00-04:00,76.08430709544524,76.17171210278468,75.70778177449202,75.89604187011719,34615100,0.0,0.0,0.0
2004-07-06 00:00:00-04:00,75.55312765240217,75.60691257704183,75.05557734429556,75.23039245605469,38698200,0.0,0.0,0.0
2004-07-07 00:00:00-04:00,75.17659273265002,75.6875879237679,75.13625276193325,75.45226287841797,29839800,0.0,0.0,0.0
2004-07-08 00:00:00-04:00,75.17661124012237,75.51951646473735,74.76647100452666,74.92784118652344,45291100,0.0,0.0,0.0
2004-07-09 00:00:00-04:00,75.11606243905351,75.26398246456763,74.88745736424991,75.12278747558594,27412900,0.0,0.0,0.0
2004-07-12 00:00:00-04:00,74.98158754550695,75.33121763027428,74.63196259043951,75.15640258789062,35691300,0.0,0.0,0.0
2004-07-13 00:00:00-04:00,75.25055267818954,75.31778767253995,75.03539761844743,75.21021270751953,26752000,0.0,0.0,0.0
2004-07-14 00:00:00-04:00,74.80679557517334,75.56656073708159,74.7126655597051,74.98160552978516,54089400,0.0,0.0,0.0
2004-07-15 00:00:00-04:00,75.1295202282028,75.24382534999863,74.43026507056693,74.49750518798828,38403500,0.0,0.0,0.0
2004-07-16 00:00:00-04:00,75.01523432581986,75.08246932616885,74.25546907544303,74.43700408935547,40871200,0.0,0.0,0.0
2004-07-19 00:00:00-04:00,74.46386141769295,74.60505638585562,73.95286644027159,74.12095642089844,39592800,0.0,0.0,0.0
2004-07-20 00:00:00-04:00,74.31594354302946,75.23707850994539,74.12768358008589,75.06226348876953,46679800,0.0,0.0,0.0
2004-07-21 00:00:00-04:00,75.18331622391004,75.34468123315787,73.58982072727161,73.67723083496094,56241100,0.0,0.0,0.0
2004-07-22 00:00:00-04:00,73.52932690799034,74.22185723475573,73.13263164148157,73.87895202636719,72477100,0.0,0.0,0.0
2004-07-23 00:00:00-04:00,73.7041131997228,73.76462314416045,73.07881812536567,73.2603530883789,49610500,0.0,0.0,0.0
2004-07-26 00:00:00-04:00,73.41499594909878,73.57636092576766,72.756080839009,73.11915588378906,49679100,0.0,0.0,0.0
2004-07-27 00:00:00-04:00,73.32088995788257,74.03359020707366,73.26709990481484,73.80498504638672,51295100,0.0,0.0,0.0
2004-07-28 00:00:00-04:00,73.65704526162526,74.20838029543306,73.01157510183556,74.02684020996094,65862300,0.0,0.0,0.0
2004-07-29 00:00:00-04:00,74.32267975091216,74.54455979617681,73.95960471221547,74.34284973144531,52200500,0.0,0.0,0.0
2004-07-30 00:00:00-04:00,74.17475858506698,74.5647286350705,74.0268385571553,74.52438354492188,41581700,0.0,0.0,0.0
2004-08-02 00:00:00-04:00,74.08737150613089,74.87403170291451,73.99324148923547,74.67904663085938,38263100,0.0,0.0,0.0
2004-08-03 00:00:00-04:00,74.5848842527199,74.67228919342735,74.0671693844237,74.10078430175781,40948800,0.0,0.0,0.0
2004-08-04 00:00:00-04:00,73.88566329850391,74.4638934912955,73.71757324547616,74.0940933227539,40763200,0.0,0.0,0.0
2004-08-05 00:00:00-04:00,74.15458723716749,74.21509717672446,72.79641712384611,72.88382720947266,50772000,0.0,0.0,0.0
2004-08-06 00:00:00-04:00,72.36612254078722,72.5880026258397,71.68704246913099,71.84168243408203,74729000,0.0,0.0,0.0
2004-08-09 00:00:00-04:00,71.9559879770212,72.26527819016493,71.85513804849754,71.94254302978516,37476300,0.0,0.0,0.0
2004-08-10 00:00:00-04:00,72.15097423819017,72.89057459083459,72.11735930469816,72.87039947509766,55870600,0.0,0.0,0.0
2004-08-11 00:00:00-04:00,72.39973043386951,72.83676549257923,72.00976037350081,72.72246551513672,52933200,0.0,0.0,0.0
2004-08-12 00:00:00-04:00,72.39975014818869,72.58128515416432,71.69376985113581,71.9291000366211,50015900,0.0,0.0,0.0
2004-08-13 00:00:00-04:00,72.00977452794001,72.17786457358399,71.66686939850999,72.0702896118164,41634700,0.0,0.0,0.0
2004-08-16 00:00:00-04:00,72.03667194369993,73.0452122510652,72.00977691993937,72.81661224365234,45731900,0.0,0.0,0.0
2004-08-17 00:00:00-04:00,73.11915028400597,73.47550026463813,72.97123026267947,73.22673034667969,40701600,0.0,0.0,0.0
2004-08-18 00:00:00-04:00,72.96453947585135,74.07393502685001,72.94436948705717,73.97980499267578,43165400,0.0,0.0,0.0
2004-08-19 00:00:00-04:00,73.83186053300614,73.97305553766472,73.40827551903041,73.7646255493164,39881600,0.0,0.0,0.0
2004-08-20 00:00:00-04:00,73.69734806332538,74.38315270896817,73.63011311841097,74.28230285644531,44870900,0.0,0.0,0.0
2004-08-23 00:00:00-04:00,74.32942350075382,74.47733843846913,73.99324339469831,74.0940933227539,33745100,0.0,0.0,0.0
2004-08-24 00:00:00-04:00,74.3899313606425,74.45044644547136,73.85876619248342,74.1949462890625,30453100,0.0,0.0,0.0
2004-08-25 00:00:00-04:00,74.18150364228485,74.8135187552525,73.8923885450747,74.69921875,38551400,0.0,0.0,0.0
2004-08-26 00:00:00-04:00,74.60508873041543,74.84041377937686,74.53112869649878,74.69921875,26629500,0.0,0.0,0.0
2004-08-27 00:00:00-04:00,74.76639646443823,75.05551134014785,74.66554661336299,74.93448638916016,24902900,0.0,0.0,0.0
2004-08-30 00:00:00-04:00,74.77989387255688,74.86057380449377,74.26217370402549,74.31596374511719,26726500,0.0,0.0,0.0
2004-08-31 00:00:00-04:00,74.40336501951425,74.73954504191285,74.02683990623179,74.70592498779297,44125300,0.0,0.0,0.0
2004-09-01 00:00:00-04:00,74.59833951773167,75.06226955655897,74.28233462850258,74.84711456298828,52778300,0.0,0.0,0.0
2004-09-02 00:00:00-04:00,74.79330247638873,75.77494716568425,74.79330247638873,75.69426727294922,42736600,0.0,0.0,0.0
2004-09-03 00:00:00-04:00,75.52624297732089,75.85569812834177,75.31108786016607,75.38504791259766,30480500,0.0,0.0,0.0
2004-09-07 00:00:00-04:00,75.66740570477442,76.06409569855727,75.51948566312643,75.88256072998047,37338800,0.0,0.0,0.0
2004-09-08 00:00:00-04:00,75.72116228042695,76.01699710328569,75.51272725489906,75.69426727294922,32963100,0.0,0.0,0.0
2004-09-09 00:00:00-04:00,75.68752406517838,75.89595391096161,75.32444924595481,75.62701416015625,34314800,0.0,0.0,0.0
2004-09-10 00:00:00-04:00,75.65396134371441,76.15823145303354,75.35812636777709,76.01703643798828,27900600,0.0,0.0,0.0
2004-09-13 00:00:00-04:00,76.18510018094833,76.47421514903148,75.98339528465483,76.26578521728516,44398100,0.0,0.0,0.0
2004-09-14 00:00:00-04:00,76.1783754510559,76.44059539042121,76.10441545485556,76.42042541503906,28048900,0.0,0.0,0.0
2004-09-15 00:00:00-04:00,76.17842717309559,76.21876715124907,75.76156192326818,75.84224700927734,38295000,0.0,0.0,0.0
2004-09-16 00:00:00-04:00,75.87580817945015,76.22543817469368,75.8421932647104,76.07079315185547,23911700,0.0,0.0,0.0
2004-09-17 00:00:00-04:00,76.25916836379857,76.53598588609474,76.08363082146866,76.39420318603516,33683000,0.469,0.0,0.0
2004-09-20 00:00:00-04:00,76.07012641483833,76.28617698405452,75.80681494457646,75.93509674072266,37149400,0.0,0.0,0.0
2004-09-21 00:00:00-04:00,76.12415507460442,76.61027023716503,75.98237234403305,76.26593780517578,40920800,0.0,0.0,0.0
2004-09-22 00:00:00-04:00,75.95537902051298,75.96887993254184,75.25996615231601,75.31398010253906,49042100,0.0,0.0,0.0
2004-09-23 00:00:00-04:00,75.34774415529377,75.41525902578674,74.90888977050781,74.90888977050781,44068700,0.0,0.0,0.0
2004-09-24 00:00:00-04:00,75.05740766226621,75.43550011868547,75.03040069030389,75.25320434570312,34981100,0.0,0.0,0.0
2004-09-27 00:00:00-04:00,75.01011580871429,75.07763063524477,74.6590356201251,74.77381134033203,39355100,0.0,0.0,0.0
2004-09-28 00:00:00-04:00,74.88185503527683,75.28694923126478,74.54427568011151,75.13166046142578,41662900,0.0,0.0,0.0
2004-09-29 00:00:00-04:00,75.08440980442916,75.51651102592497,74.94262707403706,75.50975799560547,33325700,0.0,0.0,0.0
2004-09-30 00:00:00-04:00,75.31395155063507,75.60426998420553,75.11815491859434,75.45573425292969,43536700,0.0,0.0,0.0
2004-10-01 00:00:00-04:00,75.79334104607537,76.7318115234375,75.75958103999035,76.7318115234375,62824300,0.0,0.0,0.0
2004-10-04 00:00:00-04:00,77.03558905093323,77.26514563506768,76.83304457780967,76.86004638671875,33082400,0.0,0.0,0.0
2004-10-05 00:00:00-04:00,76.86684424064646,77.07614701463203,76.6575466177148,76.90060424804688,36910600,0.0,0.0,0.0
2004-10-06 00:00:00-04:00,76.81281099359482,77.42720794677734,76.75204917680233,77.42720794677734,42297800,0.0,0.0,0.0
2004-10-07 00:00:00-04:00,77.2246461154626,77.2381521733284,76.5359865448102,76.59674835205078,39388800,0.0,0.0,0.0
2004-10-08 00:00:00-04:00,76.39423663317878,76.81283188775333,75.85410740985505,75.9621353149414,51872600,0.0,0.0,0.0
2004-10-11 00:00:00-04:00,76.14443084976516,76.30646756673349,76.0499090022791,76.27271270751953,20229100,0.0,0.0,0.0
2004-10-12 00:00:00-04:00,75.75280521509133,76.1781584991406,75.57726765921758,75.9756088256836,41754700,0.0,0.0,0.0
2004-10-13 00:00:00-04:00,76.29295951352452,76.34022043284473,75.15869229878572,75.3072280883789,54212600,0.0,0.0,0.0
2004-10-14 00:00:00-04:00,75.4017585801371,75.57054833294444,74.6590846979957,74.69959259033203,64082200,0.0,0.0,0.0
2004-10-15 00:00:00-04:00,74.95616031822043,75.44227568986693,74.65234078646891,75.11820220947266,63482200,0.0,0.0,0.0
2004-10-18 00:00:00-04:00,74.86834976414404,75.55026151104674,74.74006795949491,75.40172576904297,43535100,0.0,0.0,0.0
2004-10-19 00:00:00-04:00,75.63125376242333,75.773041581958,74.66577689041713,74.76705169677734,55851900,0.0,0.0,0.0
2004-10-20 00:00:00-04:00,74.52404657501927,74.82111817542163,74.09869827076027,74.61856842041016,57118500,0.0,0.0,0.0
2004-10-21 00:00:00-04:00,74.800833049967,75.15866633708015,74.40923976740646,75.10465240478516,53218300,0.0,0.0,0.0
2004-10-22 00:00:00-04:00,75.07092842244907,75.11143631279727,74.17296574533295,74.26073455810547,48752400,0.0,0.0,0.0
2004-10-25 00:00:00-04:00,74.09869810348503,74.34850878062802,73.82863348109748,74.17296600341797,43990900,0.0,0.0,0.0
2004-10-26 00:00:00-04:00,74.35525151928836,75.34773597606655,74.18646178585135,75.3072280883789,54337400,0.0,0.0,0.0
2004-10-27 00:00:00-04:00,75.19921362783039,76.36048802561562,75.02367598243852,76.21195220947266,73896000,0.0,0.0,0.0
2004-10-28 00:00:00-04:00,76.14438821511028,76.67101111368221,75.94859159750378,76.44145965576172,54413300,0.0,0.0,0.0
2004-10-29 00:00:00-04:00,76.37395447529828,76.72503473502768,76.2254187362024,76.42796325683594,48820200,0.0,0.0,0.0
2004-11-01 00:00:00-05:00,76.6710076464047,76.86005122697873,76.42795014250916,76.63725280761719,36720900,0.0,0.0,0.0
2004-11-02 00:00:00-05:00,76.745268961889,77.35291266983583,76.44144968344098,76.66425323486328,56210000,0.0,0.0,0.0
2004-11-03 00:00:00-05:00,77.66352322411628,77.88632688526636,77.13014710396305,77.62976837158203,76960200,0.0,0.0,0.0
2004-11-04 00:00:00-05:00,77.49472436904082,78.77077405815163,77.42720952088126,78.68975830078125,55350300,0.0,0.0,0.0
2004-11-05 00:00:00-05:00,79.02732594552606,79.42566709619251,78.64923358013957,79.18260955810547,63287200,0.0,0.0,0.0
2004-11-08 00:00:00-05:00,78.98006417328898,79.14885384226407,78.80452147526036,79.06783294677734,33863800,0.0,0.0,0.0
2004-11-09 00:00:00-05:00,79.04757143396189,79.33113681440786,78.83152088442428,78.91253662109375,44658100,0.0,0.0,0.0
2004-11-10 00:00:00-05:00,79.03408945773413,79.36492098677226,78.83154490329655,78.97332763671875,45265400,0.0,0.0,0.0
2004-11-11 00:00:00-05:00,79.11509537668586,79.74974619263135,79.06108144531773,79.57420349121094,37863200,0.0,0.0,0.0
2004-11-12 00:00:00-05:00,79.64851061633821,80.34392358453988,79.45271388191321,80.20214080810547,55583700,0.0,0.0,0.0
2004-11-15 00:00:00-05:00,80.24342853915252,80.42625939428932,80.06059768401573,80.39917755126953,35297900,0.351,0.0,0.0
2004-11-16 00:00:00-05:00,80.14863210777092,80.18249216335504,79.72202330553434,79.82359313964844,40028700,0.0,0.0,0.0
2004-11-17 00:00:00-05:00,80.15538164132289,80.67679224667414,79.9522317000435,80.2975845336914,54494000,0.0,0.0,0.0
2004-11-18 00:00:00-05:00,80.2637571328027,80.4465931875805,80.06061227521813,80.40596008300781,31854300,0.0,0.0,0.0
2004-11-19 00:00:00-05:00,80.37887933764442,80.39242542899838,79.3225115301212,79.51211547851562,54276500,0.0,0.0,0.0
2004-11-22 00:00:00-05:00,79.34277841266129,79.98608304586408,79.24797649472691,79.89128112792969,37560200,0.0,0.0,0.0
2004-11-23 00:00:00-05:00,79.85742699261927,80.08089088698614,79.47821929283363,80.01317596435547,41968800,0.0,0.0,0.0
2004-11-24 00:00:00-05:00,80.08766824159419,80.30435911944919,79.93869746070229,80.20278930664062,29724800,0.0,0.0,0.0
2004-11-26 00:00:00-05:00,80.25017845045818,80.56844426054569,80.1079755671607,80.14183044433594,15487700,0.0,0.0,0.0
2004-11-29 00:00:00-05:00,80.43981825922768,80.58879425109379,79.55274051934073,79.77619934082031,61460800,0.0,0.0,0.0
2004-11-30 00:00:00-05:00,79.90480257736209,80.0673193733239,79.66102480026149,79.83031463623047,53685200,0.0,0.0,0.0
2004-12-01 00:00:00-05:00,80.01318657488434,80.92057802436248,79.97255348286365,80.73774719238281,49898300,0.0,0.0,0.0
2004-12-02 00:00:00-05:00,80.64970908427372,81.17112488077449,80.58876719877819,80.80545806884766,60163500,0.0,0.0,0.0
2004-12-03 00:00:00-05:00,80.79190966077697,81.35395336478355,80.64293372320242,80.75128173828125,49067900,0.0,0.0,0.0
2004-12-06 00:00:00-05:00,80.72419738769531,81.01537622989278,80.47364646932887,80.72419738769531,33030500,0.0,0.0,0.0
2004-12-07 00:00:00-05:00,80.91383176607809,81.0018658559996,79.93195201690313,79.97257995605469,52047200,0.0,0.0,0.0
2004-12-08 00:00:00-05:00,80.04705779022079,80.46012567353908,79.91162789936722,80.43981170654297,43895100,0.0,0.0,0.0
2004-12-09 00:00:00-05:00,79.99963680357385,80.8934872920818,79.72200404686531,80.72419738769531,60922800,0.0,0.0,0.0
2004-12-10 00:00:00-05:00,80.52782014696479,80.96120188710371,80.48041918058452,80.80545806884766,47828600,0.0,0.0,0.0
2004-12-13 00:00:00-05:00,81.09665958422772,81.53004144553891,80.8190215847181,81.50972747802734,38541000,0.0,0.0,0.0
2004-12-14 00:00:00-05:00,81.38104536737498,81.90922905753364,81.38104536737498,81.79411315917969,41500700,0.0,0.0,0.0
2004-12-15 00:00:00-05:00,81.73316020081442,82.01079811171243,81.4690683748136,81.85504913330078,46699200,0.0,0.0,0.0
2004-12-16 00:00:00-05:00,81.74672106976139,82.09884184600499,81.28625226001601,81.80766296386719,51641800,0.0,0.0,0.0
2004-12-17 00:00:00-05:00,81.2756211816975,81.62260545043848,81.07151675769697,81.26201629638672,70761900,0.568,0.0,0.0
2004-12-20 00:00:00-05:00,81.4729244624173,81.8403186486419,81.07831531528092,81.28242492675781,47187400,0.0,0.0,0.0
2004-12-21 00:00:00-05:00,81.37084916120598,81.96956776901563,81.27559941736749,81.90833282470703,33094200,0.0,0.0,0.0
2004-12-22 00:00:00-05:00,81.90153464891085,82.37778859871797,81.84710992695985,82.10564422607422,31500700,0.0,0.0,0.0
2004-12-23 00:00:00-05:00,82.23494064303627,82.51388495219521,82.09206596897087,82.16690063476562,25646100,0.0,0.0,0.0
2004-12-27 00:00:00-05:00,82.45944726651098,82.56830711692658,81.90835854827125,81.9968032836914,29944100,0.0,0.0,0.0
2004-12-28 00:00:00-05:00,82.07844473453937,82.54789373603298,82.05122977307508,82.44583892822266,23422900,0.0,0.0,0.0
2004-12-29 00:00:00-05:00,82.37782164796663,82.59553619528234,82.28937170670683,82.56832122802734,22650600,0.0,0.0,0.0
2004-12-30 00:00:00-05:00,82.59551915139086,82.71117884531459,82.35058968736226,82.41181945800781,21076900,0.0,0.0,0.0
2004-12-31 00:00:00-05:00,82.52747098888973,82.77240041328632,82.1872918095303,82.23491668701172,28648800,0.0,0.0,0.0
2005-01-03 00:00:00-05:00,82.70437779650398,82.84045261126303,81.57498538298265,81.84712982177734,55748000,0.0,0.0,0.0
2005-01-04 00:00:00-05:00,81.95599031943036,82.01042024921026,80.58166833219258,80.84700775146484,69167600,0.0,0.0,0.0
2005-01-05 00:00:00-05:00,80.78578242921219,81.13276678458685,80.28231849544024,80.28912353515625,65667300,0.0,0.0,0.0
2005-01-06 00:00:00-05:00,80.5816593359347,81.0647132296739,80.45919460296398,80.69731903076172,47814700,0.0,0.0,0.0
2005-01-07 00:00:00-05:00,80.94223889828196,81.11913353397915,80.37073514861513,80.58164978027344,55847700,0.0,0.0,0.0
2005-01-10 00:00:00-05:00,80.5136454015082,81.27564900787597,80.5136454015082,80.96268463134766,56563300,0.0,0.0,0.0
2005-01-11 00:00:00-05:00,80.71774185207185,80.78577667221036,80.27550773508547,80.40477752685547,63099700,0.0,0.0,0.0
2005-01-12 00:00:00-05:00,80.55446052124678,80.85381478017392,79.95574162194399,80.67012023925781,72720500,0.0,0.0,0.0
2005-01-13 00:00:00-05:00,80.7177212278265,80.7789561838118,79.9421130568308,80.02375793457031,55537500,0.0,0.0,0.0
2005-01-14 00:00:00-05:00,80.26185458823419,80.64285350450554,80.11897999463244,80.44554901123047,42032500,0.0,0.0,0.0
2005-01-18 00:00:00-05:00,80.31631717264297,81.38447973249626,80.24827717500197,81.28242492675781,57391700,0.0,0.0,0.0
2005-01-19 00:00:00-05:00,81.25519400018524,81.31642375716358,80.4251560229987,80.43196105957031,54378900,0.0,0.0,0.0
2005-01-20 00:00:00-05:00,80.2074628117098,80.41837228478943,79.7992487515749,79.94212341308594,72049300,0.0,0.0,0.0
2005-01-21 00:00:00-05:00,80.13943409558502,80.28230876796317,79.36382576511852,79.4522705078125,63160400,0.0,0.0,0.0
2005-01-24 00:00:00-05:00,79.66311935973371,79.83320886748689,79.17326593760923,79.29573059082031,58441900,0.0,0.0,0.0
2005-01-25 00:00:00-05:00,79.5406864092092,79.921685372538,79.41141667919912,79.52027130126953,68245000,0.0,0.0,0.0
2005-01-26 00:00:00-05:00,79.8196449848602,80.01014450086606,79.62914546885436,79.75841522216797,57195100,0.0,0.0,0.0
2005-01-27 00:00:00-05:00,79.73123136960692,80.11223055025782,79.58835667686283,79.89451599121094,55878800,0.0,0.0,0.0
2005-01-28 00:00:00-05:00,79.93533584893082,79.97616089737522,79.33662210923303,79.89451599121094,60738900,0.0,0.0,0.0
2005-01-31 00:00:00-05:00,80.24827159568882,80.45238119297487,80.08498703229358,80.39115142822266,52532700,0.0,0.0,0.0
2005-02-01 00:00:00-05:00,80.45238914055717,81.01708791687334,80.35033433183254,80.90142822265625,49841200,0.0,0.0,0.0
2005-02-02 00:00:00-05:00,81.00346478360885,81.36405388435196,80.894610145046,81.1463394165039,52468900,0.0,0.0,0.0
2005-02-03 00:00:00-05:00,81.00348250569795,81.07152250924828,80.67010828933992,80.9354476928711,48837100,0.0,0.0,0.0
2005-02-04 00:00:00-05:00,80.96264122359163,81.93555384256284,80.94903634091717,81.79948425292969,50024600,0.0,0.0,0.0
2005-02-07 00:00:00-05:00,81.81312332747589,81.99681786932368,81.61581870654351,81.69065856933594,45412000,0.0,0.0,0.0
2005-02-08 00:00:00-05:00,81.75865845726992,82.08523273634,81.69062366309092,81.78587341308594,39263500,0.0,0.0,0.0
2005-02-09 00:00:00-05:00,81.92875935455137,81.9763842361271,81.13274125219014,81.1735610961914,55279400,0.0,0.0,0.0
2005-02-10 00:00:00-05:00,81.41173887461768,81.65666327429534,81.1395943085331,81.4661636352539,45858600,0.0,0.0,0.0
2005-02-11 00:00:00-05:00,81.438917186495,82.35060035193817,81.27563258623796,82.16690063476562,53133000,0.0,0.0,0.0
2005-02-14 00:00:00-05:00,82.11244926283891,82.22810893422779,81.96957463511342,82.10564422607422,32432100,0.0,0.0,0.0
2005-02-15 00:00:00-05:00,82.18730510825091,82.61592907493937,82.10566022333366,82.41181945800781,43852700,0.0,0.0,0.0
2005-02-16 00:00:00-05:00,82.27577846913539,82.63636775255803,82.0988837522908,82.46627807617188,55523000,0.0,0.0,0.0
2005-02-17 00:00:00-05:00,82.4798425825397,82.54787737735627,81.79267921623139,81.79948425292969,58124000,0.0,0.0,0.0
2005-02-18 00:00:00-05:00,81.80627804467386,81.96956776901563,81.57495872127231,81.90833282470703,47723300,0.0,0.0,0.0
2005-02-22 00:00:00-05:00,81.57501255139043,81.96281681884524,80.6769392377727,80.69054412841797,80697600,0.0,0.0,0.0
2005-02-23 00:00:00-05:00,80.91506036456013,81.3504895171188,80.70415082868091,81.26884460449219,68292600,0.0,0.0,0.0
2005-02-24 00:00:00-05:00,81.12593129688472,81.86071958870231,80.94904185645352,81.80628967285156,68563600,0.0,0.0,0.0
2005-02-25 00:00:00-05:00,81.82670278208668,82.77920558370013,81.76547301741056,82.61592102050781,60899900,0.0,0.0,0.0
2005-02-28 00:00:00-05:00,82.42544464889833,82.52749947607835,81.67024619478,82.0716552734375,69381300,0.0,0.0,0.0
2005-03-01 00:00:00-05:00,82.20090893826092,82.67715778402203,82.17369397697126,82.4798583984375,47294400,0.0,0.0,0.0
2005-03-02 00:00:00-05:00,82.16009684192876,82.95611506952854,82.08525698900328,82.43904113769531,64226500,0.0,0.0,0.0
2005-03-03 00:00:00-05:00,82.77243533185514,82.93571995342904,82.11928646411047,82.47307586669922,61230800,0.0,0.0,0.0
2005-03-04 00:00:00-05:00,83.03775276449196,83.56843153689962,82.86085811011502,83.50039672851562,56168500,0.0,0.0,0.0
2005-03-07 00:00:00-05:00,83.45277688148617,83.85418590869045,83.27588221643039,83.54122161865234,43442400,0.0,0.0,0.0
2005-03-08 00:00:00-05:00,83.4595756231349,83.68409517303128,83.07857652565502,83.22825622558594,44362000,0.0,0.0,0.0
2005-03-09 00:00:00-05:00,82.983314020406,83.20102849852576,82.29615059010943,82.3029556274414,73263600,0.0,0.0,0.0
2005-03-10 00:00:00-05:00,82.45944885523113,82.66355848333122,81.9151651648367,82.48666381835938,65149000,0.0,0.0,0.0
2005-03-11 00:00:00-05:00,82.53426119585188,82.81321058189442,81.75185332728168,81.90833282470703,57976500,0.0,0.0,0.0
2005-03-14 00:00:00-05:00,82.0580357183068,82.43223495417388,81.83351617678656,82.41862487792969,36336400,0.0,0.0,0.0
2005-03-15 00:00:00-05:00,82.60913942174425,82.63635438845178,81.69746139530078,81.73828125,62438500,0.0,0.0,0.0
2005-03-16 00:00:00-05:00,81.43890786694689,81.75187733515003,80.8946241981345,81.04430389404297,74874200,0.0,0.0,0.0
2005-03-17 00:00:00-05:00,81.17359870046931,81.46615316302619,80.9490842637316,81.2076187133789,62584200,0.0,0.0,0.0
2005-03-18 00:00:00-05:00,81.35580381098475,81.64267551326495,80.7000948295821,80.96647644042969,60232000,0.467,0.0,0.0
2005-03-21 00:00:00-05:00,81.08258088208645,81.13039282683482,80.43370374462839,80.66593170166016,61244300,0.0,0.0,0.0
2005-03-22 00:00:00-05:00,80.85038518682771,81.23288089744216,79.84632873535156,79.84632873535156,92472400,0.0,0.0,0.0
2005-03-23 00:00:00-05:00,79.88045056231626,80.40638720040194,79.74384648575742,79.91460418701172,70817300,0.0,0.0,0.0
2005-03-24 00:00:00-05:00,80.22877772453697,80.59078312714135,79.95556442844172,80.01020812988281,51932500,0.0,0.0,0.0
2005-03-28 00:00:00-05:00,80.20149185263594,80.55667086022804,80.12635803222656,80.12635803222656,46765500,0.0,0.0,0.0
2005-03-29 00:00:00-05:00,80.01023137843143,80.52933627073755,79.40233435381589,79.59358215332031,71160300,0.0,0.0,0.0
2005-03-30 00:00:00-05:00,79.76435195980505,80.73425463932206,79.75752019132607,80.72059631347656,62002100,0.0,0.0,0.0
2005-03-31 00:00:00-05:00,80.72740423253519,80.91182023808571,80.50883460579227,80.57030487060547,64575400,0.0,0.0,0.0
2005-04-01 00:00:00-05:00,81.02796333920996,81.27385490907442,79.85315443010654,80.20832824707031,95255300,0.0,0.0,0.0
2005-04-04 00:00:00-04:00,80.16048603632625,80.50200139769059,79.73700511223456,80.34490203857422,71581200,0.0,0.0,0.0
2005-04-05 00:00:00-04:00,80.44738705111293,80.8572045921043,80.37225322730136,80.72743225097656,46853900,0.0,0.0,0.0
2005-04-06 00:00:00-04:00,80.90503635232874,81.24655192192256,80.72062023763826,81.00749206542969,53268200,0.0,0.0,0.0
2005-04-07 00:00:00-04:00,80.87768370409579,81.45825887184176,80.81620821914458,81.44459533691406,46734600,0.0,0.0,0.0
2005-04-08 00:00:00-04:00,81.39675502173041,81.42407687095297,80.59761047363281,80.59761047363281,63772900,0.0,0.0,0.0
2005-04-11 00:00:00-04:00,80.7957661742716,80.88455835965638,80.48157242854687,80.6591567993164,44945000,0.0,0.0,0.0
2005-04-12 00:00:00-04:00,80.5225065662247,81.3216514108182,79.96242147713627,81.07575988769531,86144800,0.0,0.0,0.0
2005-04-13 00:00:00-04:00,80.98013722774691,81.14406838641814,80.00340288788979,80.11952209472656,65949000,0.0,0.0,0.0
2005-04-14 00:00:00-04:00,80.18782949188423,80.2561315403344,79.0744857788086,79.0744857788086,96119800,0.0,0.0,0.0
2005-04-15 00:00:00-04:00,79.05398834122715,79.368181903799,77.93381817514948,77.96797180175781,128677300,0.0,0.0,0.0
2005-04-18 00:00:00-04:00,77.94747380249346,78.5212171513025,77.83818637732341,78.20702362060547,100035200,0.0,0.0,0.0
2005-04-19 00:00:00-04:00,78.61683968384278,78.91054312002144,78.4324236709451,78.82858276367188,64930100,0.0,0.0,0.0
2005-04-20 00:00:00-04:00,78.8080893943504,78.97884708907729,77.5581470293942,77.7289047241211,107735900,0.0,0.0,0.0
2005-04-21 00:00:00-04:00,78.40508227616289,79.37498446607651,78.12503723212747,79.2383804321289,86952200,0.0,0.0,0.0
2005-04-22 00:00:00-04:00,79.05399547289097,79.57310041971903,78.04993920892429,78.93788146972656,88845800,0.0,0.0,0.0
2005-04-25 00:00:00-04:00,79.13597531550593,79.5731147565067,79.04035138848158,79.45700073242188,52284100,0.0,0.0,0.0
2005-04-26 00:00:00-04:00,79.20422432154254,79.75747741603443,78.65097122705065,78.68511962890625,72626000,0.0,0.0,0.0
2005-04-27 00:00:00-04:00,78.45289028042849,79.27935662997677,78.16601869683842,78.99248504638672,84131900,0.0,0.0,0.0
2005-04-28 00:00:00-04:00,78.73294837084853,79.01299346584992,78.00210571289062,78.00210571289062,72481500,0.0,0.0,0.0
2005-04-29 00:00:00-04:00,78.59633000466981,79.14275656265588,77.84499739577137,79.060791015625,103993800,0.0,0.0,0.0
2005-05-02 00:00:00-04:00,79.27942026170574,79.51165354751532,78.90375106897571,79.50482177734375,56026400,0.0,0.0,0.0
2005-05-03 00:00:00-04:00,79.27936727024677,79.81213034302016,79.0198174994652,79.64137268066406,86000300,0.0,0.0,0.0
2005-05-04 00:00:00-04:00,79.67556636087805,80.42689941081595,79.42284301751432,80.25614166259766,81055700,0.0,0.0,0.0
2005-05-05 00:00:00-04:00,80.37221847057153,80.59761984453208,79.73699973284393,80.2287826538086,96906700,0.0,0.0,0.0
2005-05-06 00:00:00-04:00,80.54983048715293,80.59081067168498,79.95559175587852,79.97608184814453,67415400,0.0,0.0,0.0
2005-05-09 00:00:00-04:00,80.05802129968954,80.65225983702163,79.94873910623333,80.47467041015625,43750500,0.0,0.0,0.0
2005-05-10 00:00:00-04:00,80.16047743333749,80.25610130736808,79.49793686961817,79.64137268066406,74613500,0.0,0.0,0.0
2005-05-11 00:00:00-04:00,79.86678386870705,80.18780914719808,79.12910942593332,80.07852172851562,91647400,0.0,0.0,0.0
2005-05-12 00:00:00-04:00,80.13317999305578,80.31759603169063,79.19742584228516,79.19742584228516,95086800,0.0,0.0,0.0
2005-05-13 00:00:00-04:00,79.43645744351988,79.65502701766282,78.41191158764187,79.04029846191406,85267000,0.0,0.0,0.0
2005-05-16 00:00:00-04:00,79.0266693832534,79.80532415627954,78.99935273429809,79.77800750732422,49207000,0.0,0.0,0.0
2005-05-17 00:00:00-04:00,79.51163084172454,80.39273613103467,79.34087311399412,80.31077575683594,61071800,0.0,0.0,0.0
2005-05-18 00:00:00-04:00,80.65910522945438,81.33530947813922,80.60446672552057,81.1372299194336,77944900,0.0,0.0,0.0
2005-05-19 00:00:00-04:00,81.29430804892861,81.56069480444505,81.07573844297728,81.47872924804688,61768100,0.0,0.0,0.0
2005-05-20 00:00:00-04:00,81.51289515378696,81.54704877906245,81.10307770603883,81.36263275146484,46345500,0.0,0.0,0.0
2005-05-23 00:00:00-04:00,81.42408824099907,81.99100496653396,81.4104299200355,81.81341552734375,51047900,0.0,0.0,0.0
2005-05-24 00:00:00-04:00,81.58120457088832,81.84758617955447,81.41727341854629,81.62218475341797,50654100,0.0,0.0,0.0
2005-05-25 00:00:00-04:00,81.51973695347735,81.87491594005179,81.16456317801511,81.56072235107422,47608800,0.0,0.0,0.0
2005-05-26 00:00:00-04:00,81.82027427178487,82.10714600660509,81.70416026642131,81.99786376953125,43256200,0.0,0.0,0.0
2005-05-27 00:00:00-04:00,82.00467530165929,82.13445281982422,81.82709104756258,82.13445281982422,24596100,0.0,0.0,0.0
2005-05-31 00:00:00-04:00,82.01836860753606,82.0798388998569,81.55390729147435,81.60855102539062,43377200,0.0,0.0,0.0
2005-06-01 00:00:00-04:00,81.63581872873368,82.59206265440845,81.58800679300545,82.30519104003906,69611000,0.0,0.0,0.0
2005-06-02 00:00:00-04:00,82.12080543954067,82.5374494843715,82.03200808954858,82.4828109741211,39704500,0.0,0.0,0.0
2005-06-03 00:00:00-04:00,82.33934488720101,82.57157280107292,81.7792599766221,82.06613159179688,60999400,0.0,0.0,0.0
2005-06-06 00:00:00-04:00,81.92953709542616,82.10029478442131,81.65632896192282,81.99101257324219,36046400,0.0,0.0,0.0
2005-06-07 00:00:00-04:00,82.23007206013799,82.81747892548807,81.97052224960862,82.05248260498047,66501300,0.0,0.0,0.0
2005-06-08 00:00:00-04:00,82.25743369763613,82.36671596135427,81.73832861441251,81.90225982666016,46881200,0.0,0.0,0.0
2005-06-09 00:00:00-04:00,81.78610315946506,82.35985171757765,81.58119705458367,82.29154968261719,56653300,0.0,0.0,0.0
2005-06-10 00:00:00-04:00,82.34616455651779,82.40764001812106,81.69045582903817,82.10027313232422,36465300,0.0,0.0,0.0
2005-06-13 00:00:00-04:00,81.92272394279335,82.70137871511375,81.83392659487711,82.35986328125,49383200,0.0,0.0,0.0
2005-06-14 00:00:00-04:00,82.27108697342736,82.7833602552323,82.22327500890343,82.55113220214844,33857100,0.0,0.0,0.0
2005-06-15 00:00:00-04:00,82.75598517166236,82.81062365603275,82.12076654225886,82.70816802978516,53195600,0.0,0.0,0.0
2005-06-16 00:00:00-04:00,82.68772678457367,83.08388599412255,82.59210286656018,82.91996002197266,46564500,0.0,0.0,0.0
2005-06-17 00:00:00-04:00,83.35060717226325,83.59749107245379,83.13115539788754,83.22716522216797,51529400,0.488,0.0,0.0
2005-06-20 00:00:00-04:00,83.03514113286843,83.55633579904774,82.93913131372263,83.25459289550781,41019400,0.0,0.0,0.0
2005-06-21 00:00:00-04:00,83.3231774622148,83.42604662896716,83.00085651472423,83.30260467529297,39879800,0.0,0.0,0.0
2005-06-22 00:00:00-04:00,83.44662998182285,83.62493621129437,83.02829915429962,83.3711929321289,46310100,0.0,0.0,0.0
2005-06-23 00:00:00-04:00,83.199743125815,83.39176279752323,82.17792116871416,82.19849395751953,62185600,0.0,0.0,0.0
2005-06-24 00:00:00-04:00,82.21221348849707,82.3013692227747,81.49899377499621,81.59500885009766,58572500,0.0,0.0,0.0
2005-06-27 00:00:00-04:00,81.58814403271244,81.88989222297766,81.43726993757983,81.71158599853516,48183800,0.0,0.0,0.0
2005-06-28 00:00:00-04:00,81.88304392197463,82.459103018715,81.86247113025453,82.39738464355469,41174200,0.0,0.0,0.0
2005-06-29 00:00:00-04:00,82.54825868632663,82.56883147802861,82.12992781457173,82.17793273925781,42316500,0.0,0.0,0.0
2005-06-30 00:00:00-04:00,82.44539756533771,82.51397528843809,81.57444426231372,81.732177734375,62288800,0.0,0.0,0.0
2005-07-01 00:00:00-04:00,81.91730372044418,82.15733349874648,81.7527162076694,81.97216796875,49737500,0.0,0.0,0.0
2005-07-05 00:00:00-04:00,81.78017140968406,82.74027509740058,81.739025827915,82.63054656982422,51549000,0.0,0.0,0.0
2005-07-06 00:00:00-04:00,82.56196835020782,82.74027459035464,81.88989943542572,81.93790435791016,52363600,0.0,0.0,0.0
2005-07-07 00:00:00-04:00,81.12181112997511,82.26021575927734,81.1012383403106,82.26021575927734,103268800,0.0,0.0,0.0
2005-07-08 00:00:00-04:00,82.27394812313321,83.19976043701172,82.10250120455775,83.19976043701172,64491200,0.0,0.0,0.0
2005-07-11 00:00:00-04:00,83.20661571477471,83.7346698960522,83.19289703195768,83.62494659423828,49688300,0.0,0.0,0.0
2005-07-12 00:00:00-04:00,83.65924051791059,84.09814422975184,83.41921586802006,83.84440612792969,51871100,0.0,0.0,0.0
2005-07-13 00:00:00-04:00,83.85126997837688,84.02271692423548,83.65925023615856,83.96099853515625,41182300,0.0,0.0,0.0
2005-07-14 00:00:00-04:00,84.33814315698767,84.65360475708,84.00210353833327,84.2901382446289,63638800,0.0,0.0,0.0
2005-07-15 00:00:00-04:00,84.20781735332373,84.37926416643039,83.91292862549462,84.24210357666016,56075900,0.0,0.0,0.0
2005-07-18 00:00:00-04:00,84.00901241337114,84.09816295113517,83.70040997083353,83.90614318847656,56598400,0.0,0.0,0.0
2005-07-19 00:00:00-04:00,84.15298524263024,84.42730129474873,83.947252127649,84.3655776977539,59165700,0.0,0.0,0.0
2005-07-20 00:00:00-04:00,84.07069424869893,84.8524968786229,83.8718204611066,84.65361785888672,69477000,0.0,0.0,0.0
2005-07-21 00:00:00-04:00,84.72906369163864,84.77020927510983,83.98841179629078,84.15985870361328,101110900,0.0,0.0,0.0
2005-07-22 00:00:00-04:00,84.2695761708955,84.73591193582122,84.09812927543963,84.72219848632812,52607100,0.0,0.0,0.0
2005-07-25 00:00:00-04:00,84.63305948942381,85.00338022966378,84.24901483353706,84.48218536376953,57301600,0.0,0.0,0.0
2005-07-26 00:00:00-04:00,84.50959778896087,84.7153309042073,84.31757288972995,84.58502960205078,42758800,0.0,0.0,0.0
2005-07-27 00:00:00-04:00,84.69479765772228,84.96225449491183,84.38619522470232,84.8936767578125,43181600,0.0,0.0,0.0
2005-07-28 00:00:00-04:00,85.01025028472091,85.47658617181048,84.79079841033438,85.42858123779297,47880700,0.0,0.0,0.0
2005-07-29 00:00:00-04:00,85.31887211185624,85.46974104948012,84.69480263365175,84.85939025878906,62358100,0.0,0.0,0.0
2005-08-01 00:00:00-04:00,84.92106463596001,85.06507937844806,84.66046204581123,84.79762268066406,40418200,0.0,0.0,0.0
2005-08-02 00:00:00-04:00,84.94853030713048,85.4491524336335,84.8593745512348,85.30513763427734,45147400,0.0,0.0,0.0
2005-08-03 00:00:00-04:00,85.20910448514434,85.5451389251559,85.11995398575381,85.53142547607422,36837200,0.0,0.0,0.0
2005-08-04 00:00:00-04:00,85.1953722457573,85.2502312621284,84.74275004373244,84.84561920166016,50855600,0.0,0.0,0.0
2005-08-05 00:00:00-04:00,84.66048340747382,85.02395525743819,84.12556987693563,84.26958465576172,53595500,0.0,0.0,0.0
2005-08-08 00:00:00-04:00,84.45471772903718,84.63302391460127,83.9266585112127,84.11182403564453,47616000,0.0,0.0,0.0
2005-08-09 00:00:00-04:00,84.39302780563497,84.75649442846549,84.26273170803107,84.61933898925781,47170000,0.0,0.0,0.0
2005-08-10 00:00:00-04:00,84.91423581385293,85.38057167566444,84.2284480895504,84.57820129394531,72863700,0.0,0.0,0.0
2005-08-11 00:00:00-04:00,84.5370374342351,85.05823748931945,84.35873642056082,84.91422271728516,58570200,0.0,0.0,0.0
2005-08-12 00:00:00-04:00,84.7427890939383,84.82508550463191,84.1804433678948,84.39303588867188,54776900,0.0,0.0,0.0
2005-08-15 00:00:00-04:00,84.50275119259511,84.94851419106945,84.23529443993937,84.91422271728516,36208500,0.0,0.0,0.0
2005-08-16 00:00:00-04:00,84.65364085679944,84.70849989992996,83.72782321599256,83.81011962890625,71942100,0.0,0.0,0.0
2005-08-17 00:00:00-04:00,83.79636854902718,84.26270421518191,83.68664004774705,83.80322265625,62275100,0.0,0.0,0.0
2005-08-18 00:00:00-04:00,83.70036163407708,84.05010947173554,83.55634166310819,83.79637145996094,53388600,0.0,0.0,0.0
2005-08-19 00:00:00-04:00,84.09811896984907,84.22842026871416,83.80323013651561,83.98839569091797,39842100,0.0,0.0,0.0
2005-08-22 00:00:00-04:00,84.06383273424582,84.509595654235,83.58377834651003,83.98839569091797,69912000,0.0,0.0,0.0
2005-08-23 00:00:00-04:00,84.00897945549565,84.08441650868028,83.08316725894554,83.83067321777344,55168600,0.0,0.0,0.0
2005-08-24 00:00:00-04:00,83.62492549841917,84.16669822584224,83.04200196507045,83.0831527709961,79104600,0.0,0.0,0.0
2005-08-25 00:00:00-04:00,83.2203230268435,83.43977484642834,83.12431318278414,83.3849105834961,35631100,0.0,0.0,0.0
2005-08-26 00:00:00-04:00,83.30947988384779,83.31633399269853,82.7608477114267,82.81571197509766,61956800,0.0,0.0,0.0
2005-08-29 00:00:00-04:00,82.57571415355103,83.51524012106195,82.55513612388974,83.45352172851562,56179200,0.0,0.0,0.0
2005-08-30 00:00:00-04:00,83.15172753942232,83.18601900446072,82.56194991933415,83.01457214355469,74160200,0.0,0.0,0.0
2005-08-31 00:00:00-04:00,83.11057582760522,84.11868413240525,82.80196836148582,84.0638198852539,102945200,0.0,0.0,0.0
2005-09-01 00:00:00-04:00,84.02269376236829,84.45474329540545,83.07630876568368,84.00212097167969,74578700,0.0,0.0,0.0
2005-09-02 00:00:00-04:00,84.24901543429917,84.26958822755422,83.69352908783344,83.85125732421875,47653400,0.0,0.0,0.0
2005-09-06 00:00:00-04:00,84.11868723955132,84.90048447783673,84.11182790036838,84.83190155029297,57251300,0.0,0.0,0.0
2005-09-07 00:00:00-04:00,84.7839272070849,85.12682103985468,84.66734455965789,84.9759521484375,41749700,0.0,0.0,0.0
2005-09-08 00:00:00-04:00,84.80449934328458,85.03766462194775,84.56446949129752,84.69477081298828,39068700,0.0,0.0,0.0
2005-09-09 00:00:00-04:00,84.92108067116094,85.54514467311456,84.90050788008416,85.44913482666016,43093900,0.0,0.0,0.0
2005-09-12 00:00:00-04:00,85.34627242190253,85.49714654464829,85.22283043348732,85.27769470214844,33017600,0.0,0.0,0.0
2005-09-13 00:00:00-04:00,85.12681254075866,85.32569157176633,84.70848168797427,84.80449676513672,58427500,0.0,0.0,0.0
2005-09-14 00:00:00-04:00,84.85937732605015,84.98281933412689,84.36560929374318,84.49591064453125,57694600,0.0,0.0,0.0
2005-09-15 00:00:00-04:00,84.7564930688807,84.7976438856986,84.28330314870344,84.45475006103516,73156900,0.0,0.0,0.0
2005-09-16 00:00:00-04:00,84.91754334621123,85.22057073953117,84.6213992371286,85.05528259277344,75424100,0.522,0.0,0.0
2005-09-19 00:00:00-04:00,85.03461534584137,85.08971314177109,84.46298753550452,84.77290344238281,53355300,0.0,0.0,0.0
2005-09-20 00:00:00-04:00,84.84867979768455,85.13105212158008,83.93270370235358,84.05667114257812,84480300,0.0,0.0,0.0
2005-09-21 00:00:00-04:00,83.87757478980718,83.93267257712279,83.18197967458671,83.27151489257812,94469100,0.0,0.0,0.0
2005-09-22 00:00:00-04:00,83.29908512798244,83.78807157851679,82.94784844413275,83.56768035888672,84597200,0.0,0.0,0.0
2005-09-23 00:00:00-04:00,83.49879878136808,83.94645918695412,83.26464102564269,83.63654327392578,59368100,0.0,0.0,0.0
2005-09-26 00:00:00-04:00,84.03601391423112,84.18753027345736,83.38863299901446,83.73298645019531,70415400,0.0,0.0,0.0
2005-09-27 00:00:00-04:00,83.69165280152113,84.0153458567054,83.34729938186402,83.71231842041016,66150800,0.0,0.0,0.0
2005-09-28 00:00:00-04:00,83.97401762603977,84.10487359523279,83.47125936631058,83.79495239257812,58620500,0.0,0.0,0.0
2005-09-29 00:00:00-04:00,83.71232629790617,84.61453066089385,83.38863321226174,84.47679138183594,66607700,0.0,0.0,0.0
2005-09-30 00:00:00-04:00,84.44923164208612,84.73848724365234,83.84316628137668,84.73848724365234,47824200,0.0,0.0,0.0
2005-10-03 00:00:00-04:00,84.68338254672966,84.9450892238401,84.33214062802743,84.4354476928711,50994800,0.0,0.0,0.0
2005-10-04 00:00:00-04:00,84.56629276181832,84.73158089162058,83.44370277968832,83.48502349853516,60776300,0.0,0.0,0.0
2005-10-05 00:00:00-04:00,83.50568319115457,83.54700390967146,82.34865578294796,82.38997650146484,106052100,0.0,0.0,0.0
2005-10-06 00:00:00-04:00,82.49330039071104,82.82388196956907,81.38448201258032,82.0938491821289,140941800,0.0,0.0,0.0
2005-10-07 00:00:00-04:00,82.43816361728129,82.6792150889964,82.04560113355761,82.37618255615234,75661400,0.0,0.0,0.0
2005-10-10 00:00:00-04:00,82.42441512727704,82.44507548683397,81.47400180675415,81.68061065673828,52677000,0.0,0.0,0.0
2005-10-11 00:00:00-04:00,81.94920401651653,82.22468773144774,81.48777181529528,81.56352996826172,75629800,0.0,0.0,0.0
2005-10-12 00:00:00-04:00,81.53602931415662,82.04567107295202,80.86109933037153,80.92308044433594,100510400,0.0,0.0,0.0
2005-10-13 00:00:00-04:00,80.89549251467716,81.32249258224175,80.49604134706017,80.87483215332031,99052900,0.0,0.0,0.0
2005-10-14 00:00:00-04:00,81.3500580599301,81.82526223122215,80.96437863648438,81.72884368896484,88651000,0.0,0.0,0.0
2005-10-17 00:00:00-04:00,81.8183629432376,82.14205069784084,81.5773113803238,82.0318603515625,68109300,0.0,0.0,0.0
2005-10-18 00:00:00-04:00,81.9147938043709,81.92856562932417,81.12966842162876,81.14344024658203,74996900,0.0,0.0,0.0
2005-10-19 00:00:00-04:00,80.92305817957983,82.50708610103182,80.66135145748261,82.4933090209961,116563800,0.0,0.0,0.0
2005-10-20 00:00:00-04:00,82.29360781272541,82.51399386893809,80.78534287512731,81.0401611328125,131966700,0.0,0.0,0.0
2005-10-21 00:00:00-04:00,81.4671215657685,81.80458639986875,80.92993114491874,81.35692596435547,96579500,0.0,0.0,0.0
2005-10-24 00:00:00-04:00,81.57043934447034,82.70680142043794,81.5497789800951,82.61727142333984,71308400,0.0,0.0,0.0
2005-10-25 00:00:00-04:00,82.45197296142578,82.81009815952952,81.91478253706242,82.45197296142578,76594500,0.0,0.0,0.0
2005-10-26 00:00:00-04:00,82.30734076069979,83.01670783454566,82.08695482266596,82.21092224121094,80855800,0.0,0.0,0.0
2005-10-27 00:00:00-04:00,82.0938496333201,82.21093378435212,81.21919429674334,81.33627319335938,66623100,0.0,0.0,0.0
2005-10-28 00:00:00-04:00,81.56354983238151,82.61038189876952,81.33627531813134,82.507080078125,72322000,0.0,0.0,0.0
2005-10-31 00:00:00-05:00,82.84453245097403,83.54012771337042,82.73433685302734,82.73433685302734,77698900,0.0,0.0,0.0
2005-11-01 00:00:00-05:00,83.04427852804099,83.26466452391371,82.79634362588212,82.98229217529297,66365100,0.0,0.0,0.0
2005-11-02 00:00:00-05:00,82.7618938880615,83.85005187988281,82.73434498586674,83.85005187988281,74012300,0.0,0.0,0.0
2005-11-03 00:00:00-05:00,84.12556469605322,84.47680675230069,83.85008083339672,84.20820617675781,84897600,0.0,0.0,0.0
2005-11-04 00:00:00-05:00,84.29770226077717,84.33902298191818,83.71230260881372,84.09797668457031,59156000,0.0,0.0,0.0
2005-11-07 00:00:00-05:00,84.27709026616753,84.44926704228624,83.91895962936646,84.18067169189453,46765400,0.0,0.0,0.0
2005-11-08 00:00:00-05:00,83.97405745878481,84.31152246874035,83.87763888451181,84.18067169189453,42152800,0.0,0.0,0.0
2005-11-09 00:00:00-05:00,84.0773731238234,84.67654500280901,83.92585670472677,84.2908706665039,57666800,0.0,0.0,0.0
2005-11-10 00:00:00-05:00,84.25638447141397,85.06905867744126,83.85004999560819,84.9450912475586,79048100,0.0,0.0,0.0
2005-11-11 00:00:00-05:00,84.951979811395,85.28944466056815,84.31837083821647,85.2343521118164,34867000,0.0,0.0,0.0
2005-11-14 00:00:00-05:00,85.25504977162653,85.41344945700972,84.97267734767335,85.1861801147461,45092200,0.0,0.0,0.0
2005-11-15 00:00:00-05:00,85.089738671596,85.46163576966575,84.61452923434956,84.87623596191406,69592500,0.0,0.0,0.0
2005-11-16 00:00:00-05:00,84.96573656016031,85.08970396041829,84.69714140200375,85.04837799072266,51133000,0.0,0.0,0.0
2005-11-17 00:00:00-05:00,85.1792580507813,85.84730449389234,84.807355744686,85.84041595458984,55717500,0.0,0.0,0.0
2005-11-18 00:00:00-05:00,86.12963194240871,86.28114821088747,85.62687914727121,86.17784118652344,72437200,0.0,0.0,0.0
2005-11-21 00:00:00-05:00,86.19162868232169,86.71504714916207,86.07454982594327,86.61174011230469,50021200,0.0,0.0,0.0
2005-11-22 00:00:00-05:00,86.47402626790353,87.13518418174557,86.37760773386923,86.98367309570312,66438800,0.0,0.0,0.0
2005-11-23 00:00:00-05:00,86.94925198839933,87.7481545683931,86.92170308001158,87.48644256591797,50854700,0.0,0.0,0.0
2005-11-25 00:00:00-05:00,87.4520112708561,87.6172994684659,87.33492709539946,87.55531311035156,15270000,0.0,0.0,0.0
2005-11-28 00:00:00-05:00,87.63792620393842,87.6516980257803,86.80459174050543,86.9354476928711,54498500,0.0,0.0,0.0
2005-11-29 00:00:00-05:00,87.22475271889475,87.45202731631863,86.83907318115234,86.83907318115234,51738900,0.0,0.0,0.0
2005-11-30 00:00:00-05:00,86.88724232029111,87.13517190543753,86.28806558228112,86.37071228027344,56007200,0.0,0.0,0.0
2005-12-01 00:00:00-05:00,86.79085114924447,87.4864466690117,86.76330749398194,87.25228881835938,65468200,0.0,0.0,0.0
2005-12-02 00:00:00-05:00,87.30737471902579,87.52087743914294,87.12142616090246,87.36247253417969,46699400,0.0,0.0,0.0
2005-12-05 00:00:00-05:00,87.2591474937938,87.27981311103792,86.90102227779917,87.17650604248047,59273400,0.0,0.0,0.0
2005-12-06 00:00:00-05:00,87.50021703869189,87.97542124456665,87.21095613645268,87.34181213378906,57935200,0.0,0.0,0.0
2005-12-07 00:00:00-05:00,87.30736510342642,87.37623999199167,86.55667715869482,86.83216094970703,66816500,0.0,0.0,0.0
2005-12-08 00:00:00-05:00,86.9285625218181,87.34178550047606,86.41892102328711,86.77704620361328,62608600,0.0,0.0,0.0
2005-12-09 00:00:00-05:00,86.88726221733306,87.31425711870303,86.65309914660615,87.00434112548828,50744500,0.0,0.0,0.0
2005-12-12 00:00:00-05:00,87.26604034170293,87.36934741536126,86.74951022782736,87.08697509765625,48389900,0.0,0.0,0.0
2005-12-13 00:00:00-05:00,87.06629647554334,87.94784017765338,86.97676649950293,87.67924499511719,88630900,0.0,0.0,0.0
2005-12-14 00:00:00-05:00,87.5966181299367,88.21645003618997,87.56218068873783,88.02361297607422,64375000,0.0,0.0,0.0
2005-12-15 00:00:00-05:00,88.04428500595151,88.1544806288575,87.58974119750555,87.76880645751953,55900300,0.0,0.0,0.0
2005-12-16 00:00:00-05:00,88.12327294999216,88.17866282477331,87.4863052368164,87.4863052368164,46238300,0.672,0.0,0.0
2005-12-19 00:00:00-05:00,87.74250090024968,87.83943056368278,87.02244819883921,87.03629302978516,48733000,0.0,0.0,0.0
2005-12-20 00:00:00-05:00,87.1401393923981,87.64555754864413,86.877045371494,87.11936950683594,46603200,0.0,0.0,0.0
2005-12-21 00:00:00-05:00,87.38940031622101,87.76327415334472,87.09861131477057,87.25785064697266,51806900,0.0,0.0,0.0
2005-12-22 00:00:00-05:00,87.45169866916868,87.71479797363281,87.29245935756461,87.71479797363281,32247900,0.0,0.0,0.0
2005-12-23 00:00:00-05:00,87.77711234751983,87.83250223378035,87.52786314161776,87.76326751708984,27977300,0.0,0.0,0.0
2005-12-27 00:00:00-05:00,87.9017286306776,87.96404356739022,86.80780225078738,86.8701171875,44499500,0.0,0.0,0.0
2005-12-28 00:00:00-05:00,87.05703216019387,87.23012153835361,86.89086783619571,87.06395721435547,30764300,0.0,0.0,0.0
2005-12-29 00:00:00-05:00,87.04321063662763,87.20937500510993,86.58625202046377,86.67626190185547,32788900,0.0,0.0,0.0
2005-12-30 00:00:00-05:00,86.40620572784664,86.58621484881165,86.10156678118624,86.2054214477539,44645600,0.0,0.0,0.0
2006-01-03 00:00:00-05:00,86.676246441429,87.92941196093992,86.1223582689249,87.7217025756836,73256700,0.0,0.0,0.0
2006-01-04 00:00:00-05:00,87.83249928476502,88.26868273931343,87.72171951596344,88.13713836669922,51899600,0.0,0.0,0.0
2006-01-05 00:00:00-05:00,88.03328083189176,88.33791462179006,87.84634129859946,88.19252014160156,47307500,0.0,0.0,0.0
2006-01-06 00:00:00-05:00,88.63561795236106,89.02333649634839,88.17865942643114,88.92640686035156,62885900,0.0,0.0,0.0
2006-01-09 00:00:00-05:00,88.91255497096941,89.3556633787319,88.88486531746953,89.1548843383789,43527400,0.0,0.0,0.0
2006-01-10 00:00:00-05:00,88.89181253886653,89.30030108248918,88.80180264925642,89.24491119384766,44960800,0.0,0.0,0.0
2006-01-11 00:00:00-05:00,89.32796852991804,89.61875741517449,89.12717893670519,89.52874755859375,49598900,0.0,0.0,0.0
2006-01-12 00:00:00-05:00,89.36953375054284,89.50800317851302,88.92642524231418,89.17567443847656,40509200,0.0,0.0,0.0
2006-01-13 00:00:00-05:00,89.01643349850325,89.24490223998359,88.7602539686708,89.09258270263672,44856700,0.0,0.0,0.0
2006-01-17 00:00:00-05:00,88.76023275567823,88.91255225662195,88.49021374301208,88.8502426147461,52066600,0.0,0.0,0.0
2006-01-18 00:00:00-05:00,88.33099749465049,89.2449041739969,88.04020852556117,88.49716186523438,75067600,0.0,0.0,0.0
2006-01-19 00:00:00-05:00,88.71179883212808,89.15490735428183,88.49023928878094,88.83641815185547,81530400,0.0,0.0,0.0
2006-01-20 00:00:00-05:00,88.81563003435221,88.83639991671008,87.2162857055664,87.2162857055664,114957800,0.0,0.0,0.0
2006-01-23 00:00:00-05:00,87.38245282663931,87.8047913889159,87.32706295041008,87.52784729003906,67017400,0.0,0.0,0.0
2006-01-24 00:00:00-05:00,87.67325111598765,88.03328006765554,87.52785663706136,87.61786651611328,53008800,0.0,0.0,0.0
2006-01-25 00:00:00-05:00,87.95710948736698,88.05403912806857,87.12627720415,87.69401550292969,87747700,0.0,0.0,0.0
2006-01-26 00:00:00-05:00,88.10252064746818,88.39330962468944,87.76326684071007,88.17868041992188,71294000,0.0,0.0,0.0
2006-01-27 00:00:00-05:00,88.38638367261483,89.07874135033005,88.24098391189715,88.99565124511719,65771200,0.0,0.0,0.0
2006-01-30 00:00:00-05:00,88.92640686035156,89.18257577737076,88.86409721532601,88.92640686035156,33709600,0.0,0.0,0.0
2006-01-31 00:00:00-05:00,88.84331958154765,88.99562851236311,88.26865630581948,88.27558135986328,72937000,0.0,0.0,0.0
2006-02-01 00:00:00-05:00,88.49714107910674,88.91947432133726,88.42790638114775,88.89178466796875,63561000,0.0,0.0,0.0
2006-02-02 00:00:00-05:00,88.69103143870595,88.71872110013247,87.79096425650226,87.86019897460938,83626900,0.0,0.0,0.0
2006-02-03 00:00:00-05:00,87.63861513354554,88.89178053989441,87.33397613795056,87.42398071289062,86040400,0.0,0.0,0.0
2006-02-06 00:00:00-05:00,87.541698977522,87.79094814277511,87.35475946244746,87.65247344970703,45511900,0.0,0.0,0.0
2006-02-07 00:00:00-05:00,87.50013931635641,87.69400385427726,86.8216319215734,86.87702178955078,71208100,0.0,0.0,0.0
2006-02-08 00:00:00-05:00,87.1332100762195,88.69102008672533,86.96012066197103,87.66632843017578,59422200,0.0,0.0,0.0
2006-02-09 00:00:00-05:00,87.87401068434967,88.3448139852041,87.49321723715185,87.52091217041016,62023300,0.0,0.0,0.0
2006-02-10 00:00:00-05:00,87.53478130297137,88.01942956390015,86.85626845540122,87.68017578125,64508700,0.0,0.0,0.0
2006-02-13 00:00:00-05:00,87.65245650055161,87.78400611296148,87.20242307907381,87.52091217041016,52308700,0.0,0.0,0.0
2006-02-14 00:00:00-05:00,87.55552763675217,88.6425286858195,87.3824382640837,88.44866943359375,90964400,0.0,0.0,0.0
2006-02-15 00:00:00-05:00,88.40024542789244,88.84335928616113,88.09560630104238,88.76026916503906,85471300,0.0,0.0,0.0
2006-02-16 00:00:00-05:00,88.85715802557523,89.45951622775648,88.74637829131926,89.42489624023438,61017900,0.0,0.0,0.0
2006-02-17 00:00:00-05:00,89.34876395176688,89.42492372190583,89.02335498522231,89.1825942993164,40342600,0.0,0.0,0.0
2006-02-21 00:00:00-05:00,89.3902797044862,89.59105873660835,88.82254146790406,88.96102142333984,46456300,0.0,0.0,0.0
2006-02-22 00:00:00-05:00,89.15489692206158,89.76416446589339,89.07180682075872,89.5010757446289,42326700,0.0,0.0,0.0
2006-02-23 00:00:00-05:00,89.50106409110542,89.7572330057981,88.81562630843568,89.36951446533203,43423200,0.0,0.0,0.0
2006-02-24 00:00:00-05:00,89.39027495638132,89.64644384416349,89.14794561177774,89.59798431396484,36777400,0.0,0.0,0.0
2006-02-27 00:00:00-05:00,89.5910790597527,90.03418754986635,89.50799951927506,89.63262939453125,35858600,0.0,0.0,0.0
2006-02-28 00:00:00-05:00,89.4526012165142,89.94417976865653,88.71178406640189,88.78101348876953,74394800,0.0,0.0,0.0
2006-03-01 00:00:00-05:00,89.03721226007573,89.65341024457412,88.96797225818293,89.57032012939453,48641600,0.0,0.0,0.0
2006-03-02 00:00:00-05:00,89.24488824371988,89.60491714503466,89.04410919299987,89.5633773803711,60642300,0.0,0.0,0.0
2006-03-03 00:00:00-05:00,89.08568532268686,90.05499267351009,89.07183520729924,89.14799499511719,73402500,0.0,0.0,0.0
2006-03-06 00:00:00-05:00,89.41108220738741,89.438771869855,88.51794004809554,88.73949432373047,57478400,0.0,0.0,0.0
2006-03-07 00:00:00-05:00,88.52486866186028,88.66333810884446,88.20638470798,88.60102844238281,61780800,0.0,0.0,0.0
2006-03-08 00:00:00-05:00,88.41407715949619,88.92642566642354,88.05405347569464,88.78795623779297,66692400,0.0,0.0,0.0
2006-03-09 00:00:00-05:00,88.81564311545937,89.0925819640451,88.19252014160156,88.19252014160156,56313600,0.0,0.0,0.0
2006-03-10 00:00:00-05:00,88.42098541333586,89.20334757274274,88.23405119197992,89.03025817871094,60490800,0.0,0.0,0.0
2006-03-13 00:00:00-05:00,89.20335379400622,89.42491330479739,88.98872462076412,89.1964340209961,45479100,0.0,0.0,0.0
2006-03-14 00:00:00-05:00,89.11336269218741,90.16573877173032,89.04412269755488,90.13111877441406,69877300,0.0,0.0,0.0
2006-03-15 00:00:00-05:00,90.11036091622756,90.60193958883512,89.90266203368765,90.53269958496094,53398900,0.0,0.0,0.0
2006-03-16 00:00:00-05:00,90.7057620120244,91.02425114462102,90.58806249212991,90.71961212158203,65526400,0.0,0.0,0.0
2006-03-17 00:00:00-05:00,90.8371074930688,90.990032773553,90.62858266200213,90.79540252685547,47286800,0.519,0.0,0.0
2006-03-20 00:00:00-05:00,90.80927895513672,90.9900039536699,90.51038638757613,90.64940643310547,45538500,0.0,0.0,0.0
2006-03-21 00:00:00-05:00,90.62160766867326,91.05258365353657,89.98210689207878,90.07942199707031,87102700,0.0,0.0,0.0
2006-03-22 00:00:00-05:00,90.02382438615055,90.71893540618383,89.98211942199694,90.62857818603516,51605700,0.0,0.0,0.0
2006-03-23 00:00:00-05:00,90.54513457619608,90.63550237986739,90.12807443439328,90.44087219238281,46704200,0.0,0.0,0.0
2006-03-24 00:00:00-05:00,90.35745837860968,90.76062392283913,90.18368067540126,90.51038360595703,43209200,0.0,0.0,0.0
2006-03-27 00:00:00-05:00,90.38525081703945,90.55902850616035,90.1836733645405,90.37830352783203,32523000,0.0,0.0,0.0
2006-03-28 00:00:00-05:00,90.31574258479002,90.7328133140222,89.70405228354518,89.82221984863281,82079900,0.0,0.0,0.0
2006-03-29 00:00:00-05:00,89.95431898866349,90.71198744937304,89.87089845441535,90.38528442382812,61505700,0.0,0.0,0.0
2006-03-30 00:00:00-05:00,90.44087023282061,91.04561325893418,90.05160986628546,90.22538757324219,70571700,0.0,0.0,0.0
2006-03-31 00:00:00-05:00,90.37832674198837,90.53125199621832,89.92649827029044,90.24625396728516,62925600,0.0,0.0,0.0
2006-04-03 00:00:00-04:00,90.41310364166058,90.96918402272381,90.00993794080239,90.1767578125,61624700,0.0,0.0,0.0
2006-04-04 00:00:00-04:00,90.17673404862457,90.87184494832748,89.91954640983069,90.75367736816406,54809300,0.0,0.0,0.0
2006-04-05 00:00:00-04:00,90.78845001021557,91.25417311705252,90.62857744674673,91.06649017333984,50607200,0.0,0.0,0.0
2006-04-06 00:00:00-04:00,90.95526740573116,91.20550775921535,90.496491656585,90.96916198730469,57906200,0.0,0.0,0.0
2006-04-07 00:00:00-04:00,91.10124174590672,91.33757692939434,89.91260793059736,90.04467010498047,80180900,0.0,0.0,0.0
2006-04-10 00:00:00-04:00,90.1837158203125,90.4200510432048,89.850054863408,90.1837158203125,41496500,0.0,0.0,0.0
2006-04-11 00:00:00-04:00,90.26019475982557,90.40616217409077,89.1480125824516,89.41910552978516,72799400,0.0,0.0,0.0
2006-04-12 00:00:00-04:00,89.5094214812968,89.75966179578263,89.39820120673662,89.58588409423828,43033700,0.0,0.0,0.0
2006-04-13 00:00:00-04:00,89.38429951927847,89.84307521488383,89.18966933445492,89.46772003173828,51051800,0.0,0.0,0.0
2006-04-17 00:00:00-04:00,89.55115863458853,89.88480897169823,88.9881203761681,89.43299102783203,64167700,0.0,0.0,0.0
2006-04-18 00:00:00-04:00,89.62065611469629,91.01783601251302,89.62065611469629,90.85100555419922,92531800,0.0,0.0,0.0
2006-04-19 00:00:00-04:00,90.88573734618716,91.10817789393325,90.53123465558456,91.0247573852539,87269000,0.0,0.0,0.0
2006-04-20 00:00:00-04:00,91.05951928241687,91.6573150241054,90.78147919134993,91.14988708496094,86005500,0.0,0.0,0.0
2006-04-21 00:00:00-04:00,91.53916897899191,91.60867371482672,90.79539512034991,91.16380310058594,72342600,0.0,0.0,0.0
2006-04-24 00:00:00-04:00,90.9830583142065,91.10818378203751,90.62855560069325,90.99696350097656,52546400,0.0,0.0,0.0
2006-04-25 00:00:00-04:00,91.08733561969278,91.1429457693328,90.30881473783563,90.62161254882812,84359800,0.0,0.0,0.0
2006-04-26 00:00:00-04:00,90.7119942922297,91.15686495108656,90.57297420006564,90.6424789428711,67262400,0.0,0.0,0.0
2006-04-27 00:00:00-04:00,90.29491212808156,91.49746176111384,90.0794294211659,91.08039093017578,124478600,0.0,0.0,0.0
2006-04-28 00:00:00-04:00,90.91357990315771,91.5808912539412,90.85798034660034,91.38626098632812,55854400,0.0,0.0,0.0
2006-05-01 00:00:00-04:00,91.38625287610616,91.61564080112576,90.586879391248,90.6424789428711,64990300,0.0,0.0,0.0
2006-05-02 00:00:00-04:00,91.06647119941174,91.37927957594256,90.8787989013534,91.32366943359375,49063500,0.0,0.0,0.0
2006-05-03 00:00:00-04:00,91.16380304385027,91.28198124714488,90.67722746710098,90.98307800292969,60821300,0.0,0.0,0.0
2006-05-04 00:00:00-04:00,91.11516892489728,91.4905242712278,91.03870627572107,91.30979919433594,42921400,0.0,0.0,0.0
2006-05-05 00:00:00-04:00,91.78938593315377,92.31071904832895,91.65036589041694,92.1160888671875,62588200,0.0,0.0,0.0
2006-05-08 00:00:00-04:00,92.1091604851129,92.28989614447794,92.00489807128906,92.00489807128906,30016700,0.0,0.0,0.0
2006-05-09 00:00:00-04:00,92.04657261003872,92.28986563727548,91.97010999632569,92.18559265136719,29864000,0.0,0.0,0.0
2006-05-10 00:00:00-04:00,92.03962491328686,92.27596004315514,91.67816432219176,92.1369400024414,64378200,0.0,0.0,0.0
2006-05-11 00:00:00-04:00,92.10912853914336,92.13693891088617,90.72586483158784,91.0247573852539,80626900,0.0,0.0,0.0
2006-05-12 00:00:00-04:00,90.61464897684358,90.8648893019872,89.80137057176424,89.83612823486328,91726500,0.0,0.0,0.0
2006-05-15 00:00:00-04:00,89.52331238412604,90.18367610811383,89.39819753529598,90.016845703125,84029300,0.0,0.0,0.0
2006-05-16 00:00:00-04:00,90.19759395188288,90.36442439990276,89.67626073419113,89.88479614257812,62137600,0.0,0.0,0.0
2006-05-17 00:00:00-04:00,89.43993709782397,89.73884036328478,88.11922504856093,88.17483520507812,144789500,0.0,0.0,0.0
2006-05-18 00:00:00-04:00,88.52237598812387,88.80042142113479,87.66043991873802,87.72994995117188,87906300,0.0,0.0,0.0
2006-05-19 00:00:00-04:00,88.18872974334181,88.61969514610178,87.44496122541409,88.34860229492188,124309400,0.0,0.0,0.0
2006-05-22 00:00:00-04:00,87.77860699411622,88.39725529475083,87.23642131969717,87.6743392944336,110852800,0.0,0.0,0.0
2006-05-23 00:00:00-04:00,88.40418550773907,88.71698322432077,87.00701141357422,87.00701141357422,92006500,0.0,0.0,0.0
2006-05-24 00:00:00-04:00,87.36156075198527,88.20264452244457,86.72205983113174,87.70216369628906,168405000,0.0,0.0,0.0
2006-05-25 00:00:00-04:00,88.22350119202817,88.78654479980469,87.88289823156468,88.78654479980469,78977900,0.0,0.0,0.0
2006-05-26 00:00:00-04:00,88.98117446485911,89.23837280273438,88.63362419324679,89.23837280273438,62989700,0.0,0.0,0.0
2006-05-30 00:00:00-04:00,88.95333977896519,88.97419225675134,87.61872816789995,87.65348052978516,72419900,0.0,0.0,0.0
2006-05-31 00:00:00-04:00,88.0149272807056,88.63357543945312,87.72297672789807,88.63357543945312,86926200,0.0,0.0,0.0
2006-06-01 00:00:00-04:00,88.5432297087681,89.6276063823844,88.46676708103631,89.48162841796875,73721700,0.0,0.0,0.0
2006-06-02 00:00:00-04:00,89.8431045473084,89.96821944702187,89.19665635234944,89.66932678222656,91702600,0.0,0.0,0.0
2006-06-05 00:00:00-04:00,89.56504729030179,89.57199458122147,88.11920998440564,88.36250305175781,86105100,0.0,0.0,0.0
2006-06-06 00:00:00-04:00,88.42506387503927,88.54323146450405,87.41715511244439,88.14701843261719,130498600,0.0,0.0,0.0
2006-06-07 00:00:00-04:00,88.21654781680905,88.7309285200621,87.43802151472283,87.48667907714844,108599400,0.0,0.0,0.0
2006-06-08 00:00:00-04:00,87.2920039612448,87.93150453965659,86.1033652872597,87.41017150878906,204957200,0.0,0.0,0.0
2006-06-09 00:00:00-04:00,87.8342199152807,88.25128542390866,87.09045141219022,87.13215637207031,94972200,0.0,0.0,0.0
2006-06-12 00:00:00-04:00,87.50055725856404,87.53531492450702,86.06863051673739,86.18679809570312,95815900,0.0,0.0,0.0
2006-06-13 00:00:00-04:00,86.01303050425231,86.7776515155875,85.18585205078125,85.18585205078125,185688800,0.0,0.0,0.0
2006-06-14 00:00:00-04:00,85.38741569202922,85.93655390907759,85.03986026123468,85.84619140625,163566400,0.0,0.0,0.0
2006-06-15 00:00:00-04:00,86.15900172550873,87.83422169157996,86.09644428442347,87.66739654541016,134057000,0.0,0.0,0.0
2006-06-16 00:00:00-04:00,87.47534006768956,87.66384711531335,86.89584695652528,87.02850341796875,94253500,0.555,0.0,0.0
2006-06-19 00:00:00-04:00,87.55218158421104,87.60803752324087,86.26054362276064,86.34432220458984,95804400,0.0,0.0,0.0
2006-06-20 00:00:00-04:00,86.58168449759798,87.1402277607655,86.37921076693374,86.63753509521484,65494700,0.0,0.0,0.0
2006-06-21 00:00:00-04:00,86.57476321322189,87.76167315884501,86.54683523104373,87.2799301147461,75008200,0.0,0.0,0.0
2006-06-22 00:00:00-04:00,87.23802823131203,87.3148288442427,86.60268400136984,86.89591979980469,74566100,0.0,0.0,0.0
2006-06-23 00:00:00-04:00,86.80512690469159,87.48236552626949,86.59566979380843,86.88192749023438,54107000,0.0,0.0,0.0
2006-06-26 00:00:00-04:00,86.95174981786639,87.31480279427281,86.74927601933969,87.26593017578125,37899600,0.0,0.0,0.0
2006-06-27 00:00:00-04:00,87.27989478155405,87.47538525094356,86.41414366466368,86.51189422607422,69780200,0.0,0.0,0.0
2006-06-28 00:00:00-04:00,86.70739243938802,87.11233473641103,86.3303727890152,87.09837341308594,62368100,0.0,0.0,0.0
2006-06-29 00:00:00-04:00,87.41254133279524,88.91363639531475,87.39159668743471,88.85778045654297,110634800,0.0,0.0,0.0
2006-06-30 00:00:00-04:00,89.04632106514784,89.13010499978901,88.64137337112456,88.86479187011719,54227800,0.0,0.0,0.0
2006-07-03 00:00:00-04:00,88.96949923766431,89.37444150839234,88.88571532300544,89.22782897949219,23914000,0.0,0.0,0.0
2006-07-05 00:00:00-04:00,88.87174844841925,88.9834550009364,88.33414435136399,88.71814727783203,69653400,0.0,0.0,0.0
2006-07-06 00:00:00-04:00,88.80888790976971,89.26270798868408,88.72510934713058,88.97645568847656,50100300,0.0,0.0,0.0
2006-07-07 00:00:00-04:00,88.8019278425375,89.06025223178115,88.17356186230968,88.39698028564453,81626500,0.0,0.0,0.0
2006-07-10 00:00:00-04:00,88.62738394046741,88.96949224334345,88.25734766823395,88.56454467773438,60964100,0.0,0.0,0.0
2006-07-11 00:00:00-04:00,88.3969795422796,88.95552825927734,87.9291980546553,88.95552825927734,73640800,0.0,0.0,0.0
2006-07-12 00:00:00-04:00,88.7740279619697,88.94857382688637,87.77562540157756,88.00602722167969,82561300,0.0,0.0,0.0
2006-07-13 00:00:00-04:00,87.58709358215997,87.7476780862494,86.5747299194336,86.5747299194336,102405700,0.0,0.0,0.0
2006-07-14 00:00:00-04:00,86.66550105263912,86.75626830114902,85.75786585455528,86.23960876464844,103242500,0.0,0.0,0.0
2006-07-17 00:00:00-04:00,86.23959532103423,86.64454289677093,85.98127091976977,86.11392211914062,81159000,0.0,0.0,0.0
2006-07-18 00:00:00-04:00,86.37225046295454,86.60963554126741,85.4506487727425,86.55377960205078,122771000,0.0,0.0,0.0
2006-07-19 00:00:00-04:00,86.70038819954948,88.15261050398684,86.37922457338419,87.75464630126953,133565300,0.0,0.0,0.0
2006-07-20 00:00:00-04:00,88.05486994797958,88.18054314111056,87.03552308223514,87.15421295166016,112259800,0.0,0.0,0.0
2006-07-21 00:00:00-04:00,87.37761785540323,87.40554581919228,86.4490330345964,86.539794921875,101560000,0.0,0.0,0.0
2006-07-24 00:00:00-04:00,86.88195439432369,88.19453742573131,86.88195439432369,88.11773681640625,92884000,0.0,0.0,0.0
2006-07-25 00:00:00-04:00,87.95716551738145,88.8787675855414,87.7756363038403,88.43193054199219,95480700,0.0,0.0,0.0
2006-07-26 00:00:00-04:00,88.38301507048844,88.98345309169234,88.09676270784871,88.55058288574219,84525800,0.0,0.0,0.0
2006-07-27 00:00:00-04:00,88.93457069328359,89.15101109916284,88.11071433575853,88.46678924560547,87257100,0.0,0.0,0.0
2006-07-28 00:00:00-04:00,88.6972063648881,89.46520692342915,88.57153315882023,89.35350036621094,82137000,0.0,0.0,0.0
2006-07-31 00:00:00-04:00,89.13007463714774,89.33952641232405,88.98345146979435,89.26272583007812,49593100,0.0,0.0,0.0
2006-08-01 00:00:00-04:00,88.90666983258824,88.9345978072393,88.39001561833487,88.82289123535156,65225600,0.0,0.0,0.0
2006-08-02 00:00:00-04:00,89.0742329105912,89.6886376665803,89.05328826240361,89.42332458496094,64770900,0.0,0.0,0.0
2006-08-03 00:00:00-04:00,88.90663600033864,89.75144226358293,88.77398482962039,89.66067504882812,63693800,0.0,0.0,0.0
2006-08-04 00:00:00-04:00,90.12146931202115,90.36582698730066,89.00437749811249,89.50706481933594,96294200,0.0,0.0,0.0
2006-08-07 00:00:00-04:00,89.29764556884766,89.42331877652639,88.94855391715295,89.29764556884766,45377300,0.0,0.0,0.0
2006-08-08 00:00:00-04:00,89.43028774399549,89.68862278449748,88.63435928463866,88.95552825927734,90901300,0.0,0.0,0.0
2006-08-09 00:00:00-04:00,89.49311632704855,89.78636264234702,88.39697425673785,88.65530395507812,78910600,0.0,0.0,0.0
2006-08-10 00:00:00-04:00,88.37603167283581,89.01835894524477,88.16657457992565,88.92759704589844,69322300,0.0,0.0,0.0
2006-08-11 00:00:00-04:00,88.7879608202995,88.80890546509951,88.24337874863754,88.67625427246094,47482200,0.0,0.0,0.0
2006-08-14 00:00:00-04:00,89.10914677976686,89.4791884618373,88.61343719743292,88.74609375,57839000,0.0,0.0,0.0
2006-08-15 00:00:00-04:00,89.54204461715779,89.97491502998916,89.29768142818557,89.80735778808594,68143000,0.0,0.0,0.0
2006-08-16 00:00:00-04:00,90.28907988395126,90.68703887106896,90.09357873624421,90.55438232421875,71737600,0.0,0.0,0.0
2006-08-17 00:00:00-04:00,90.47057161306282,91.02213160038325,90.40773768794324,90.78475189208984,70992800,0.0,0.0,0.0
2006-08-18 00:00:00-04:00,90.89648330970495,91.24557495117188,90.47756907857207,91.24557495117188,58288400,0.0,0.0,0.0
2006-08-21 00:00:00-04:00,90.88949964233865,90.95932223583313,90.62419722461009,90.85459899902344,42133600,0.0,0.0,0.0
2006-08-22 00:00:00-04:00,90.7568615078553,91.12689784741457,90.54041571091786,90.84761810302734,60839900,0.0,0.0,0.0
2006-08-23 00:00:00-04:00,90.88948046664456,91.0710149100576,90.19828594266349,90.59624481201172,66592100,0.0,0.0,0.0
2006-08-24 00:00:00-04:00,90.75684535990428,90.83364594426688,90.34490914190616,90.51945495605469,57983000,0.0,0.0,0.0
2006-08-25 00:00:00-04:00,90.51249753677138,90.93838984625779,90.44966358621603,90.63118743896484,41756000,0.0,0.0,0.0
2006-08-28 00:00:00-04:00,90.51945144157563,91.336335195094,90.51247344451578,91.06403350830078,52681500,0.0,0.0,0.0
2006-08-29 00:00:00-04:00,91.10593590090565,91.34331564849121,90.63116575230362,91.16876983642578,61817800,0.0,0.0,0.0
2006-08-30 00:00:00-04:00,91.37123714816909,91.48992702047745,91.14782405130354,91.22462463378906,50052200,0.0,0.0,0.0
2006-08-31 00:00:00-04:00,91.35727073409552,91.45501595034413,91.16875829796264,91.21064758300781,37510300,0.0,0.0,0.0
2006-09-01 00:00:00-04:00,91.55978900210616,91.86699146423113,91.35033180943591,91.75527954101562,48794500,0.0,0.0,0.0
2006-09-05 00:00:00-04:00,91.81809766636461,92.05548812561226,91.60166251086154,91.9298095703125,52348300,0.0,0.0,0.0
2006-09-06 00:00:00-04:00,91.53880249949,91.57371379121392,90.99422043957456,91.11988830566406,53795600,0.0,0.0,0.0
2006-09-07 00:00:00-04:00,90.80572727230265,91.16180760870809,90.31002304620927,90.70100402832031,86269400,0.0,0.0,0.0
2006-09-08 00:00:00-04:00,90.81969315581222,91.0850062429043,90.64514731502692,90.9593276977539,45096300,0.0,0.0,0.0
2006-09-11 00:00:00-04:00,90.66608402829253,91.24557744739268,90.4007709644214,91.05008697509766,68496600,0.0,0.0,0.0
2006-09-12 00:00:00-04:00,91.1547829111997,92.04845641790334,91.02212641899035,91.94373321533203,69875600,0.0,0.0,0.0
2006-09-13 00:00:00-04:00,91.90884180777162,92.47436853082422,91.82506322759518,92.31378936767578,62898400,0.0,0.0,0.0
2006-09-14 00:00:00-04:00,92.1322912938063,92.32778180444281,91.98566808411202,92.32079315185547,57805400,0.0,0.0,0.0
2006-09-15 00:00:00-04:00,92.78289274804074,92.83899433860351,92.34109941003658,92.53746032714844,76703100,0.579,0.0,0.0
2006-09-18 00:00:00-04:00,92.41825312707296,92.83900977611614,92.32007800233437,92.6636962890625,64154100,0.0,0.0,0.0
2006-09-19 00:00:00-04:00,92.64964556471496,92.65666495066422,91.9133376593177,92.43225860595703,92089100,0.0,0.0,0.0
2006-09-20 00:00:00-04:00,92.74083456402019,93.10548961282838,92.60759460193916,92.92315673828125,75204100,0.0,0.0,0.0
2006-09-21 00:00:00-04:00,92.99326637828901,93.09144148178387,92.1587726484408,92.47433471679688,88932500,0.0,0.0,0.0
2006-09-22 00:00:00-04:00,92.3341192139728,92.3411279023491,91.86428028585827,92.1938705444336,65966800,0.0,0.0,0.0
2006-09-25 00:00:00-04:00,92.37617443641449,93.16158609068798,91.89932691443191,92.90211486816406,92299100,0.0,0.0,0.0
2006-09-26 00:00:00-04:00,92.91612940682057,93.68751287446247,92.84599974602261,93.6734848022461,73962700,0.0,0.0,0.0
2006-09-27 00:00:00-04:00,93.61036923642118,93.9469680486007,93.45609255161321,93.78568267822266,82432200,0.0,0.0,0.0
2006-09-28 00:00:00-04:00,93.78567517717495,93.96098860495474,93.46309376193587,93.7506103515625,58597500,0.0,0.0,0.0
2006-09-29 00:00:00-04:00,93.82776149577447,93.92593660072126,93.60335514144813,93.6734848022461,47966600,0.0,0.0,0.0
2006-10-02 00:00:00-04:00,93.64545445380304,93.84882410596788,93.23171716186336,93.32288360595703,51687400,0.0,0.0,0.0
2006-10-03 00:00:00-04:00,93.18962066065104,93.87684641516887,93.02131589003508,93.51921081542969,73108100,0.0,0.0,0.0
2006-10-04 00:00:00-04:00,93.42805364126161,94.6692760342348,93.32286983689325,94.61317443847656,80890500,0.0,0.0,0.0
2006-10-05 00:00:00-04:00,94.6131947675984,94.95681310284232,94.49398286360461,94.79551696777344,60505900,0.0,0.0,0.0
2006-10-06 00:00:00-04:00,94.63421889426516,94.73941340747241,94.24852707974422,94.6762924194336,64983600,0.0,0.0,0.0
2006-10-09 00:00:00-04:00,94.56409726147781,94.87965939165879,94.41682922724091,94.73239135742188,41176800,0.0,0.0,0.0
2006-10-10 00:00:00-04:00,94.73940018910709,94.98483261844146,94.55706733843536,94.85861206054688,56403700,0.0,0.0,0.0
2006-10-11 00:00:00-04:00,94.5570650226863,94.97080221936548,94.17839265799174,94.74640655517578,104071800,0.0,0.0,0.0
2006-10-12 00:00:00-04:00,94.98484484265943,95.64402526392449,94.94978000530332,95.56688690185547,59158600,0.0,0.0,0.0
2006-10-13 00:00:00-04:00,95.48273433234763,95.86842612039497,95.39857658750113,95.81232452392578,53944000,0.0,0.0,0.0
2006-10-16 00:00:00-04:00,95.73519901086452,96.1068627745884,95.66506933079755,95.9595947265625,42273000,0.0,0.0,0.0
2006-10-17 00:00:00-04:00,95.70013169334014,95.86141711297458,95.13912636818827,95.6580581665039,90500600,0.0,0.0,0.0
2006-10-18 00:00:00-04:00,96.09984867612087,96.33126379273564,95.44067886852758,95.78428649902344,86848600,0.0,0.0,0.0
2006-10-19 00:00:00-04:00,95.64400465843765,95.98762287004094,95.5318014831855,95.93852996826172,64063200,0.0,0.0,0.0
2006-10-20 00:00:00-04:00,95.9595947265625,96.03673309452142,95.6019590389094,95.9595947265625,48094500,0.0,0.0,0.0
2006-10-23 00:00:00-04:00,95.76325393432742,96.63281283184337,95.64404202665223,96.40139770507812,66219900,0.0,0.0,0.0
2006-10-24 00:00:00-04:00,96.26813194103221,96.72394268363152,96.22605842021197,96.68888854980469,53234900,0.0,0.0,0.0
2006-10-25 00:00:00-04:00,96.59069031228998,97.06052901611965,96.42939425404387,97.0184555053711,78105400,0.0,0.0,0.0
2006-10-26 00:00:00-04:00,97.23588315567409,97.47430694992879,96.75902486687774,97.32003021240234,66843700,0.0,0.0,0.0
2006-10-27 00:00:00-04:00,97.20080602256867,97.29898114309803,96.51358017886317,96.70993041992188,80238000,0.0,0.0,0.0
2006-10-30 00:00:00-05:00,96.53461721748069,96.91328962624213,96.35228435005592,96.63980102539062,49717800,0.0,0.0,0.0
2006-10-31 00:00:00-05:00,96.82215444061136,96.95538372547627,96.24712096790715,96.62579345703125,71274100,0.0,0.0,0.0
2006-11-01 00:00:00-05:00,96.92727713765875,96.99038739599374,95.87539669761784,95.97357177734375,83005600,0.0,0.0,0.0
2006-11-02 00:00:00-05:00,95.72818465920408,96.07881167741266,95.62300083385647,95.91752624511719,60693100,0.0,0.0,0.0
2006-11-03 00:00:00-05:00,96.26116796512277,96.34531504584736,95.10409210370945,95.7492446899414,71346400,0.0,0.0,0.0
2006-11-06 00:00:00-05:00,96.0437690363099,96.9694189110704,96.03674964692125,96.82917022705078,63303300,0.0,0.0,0.0
2006-11-07 00:00:00-05:00,96.91331181109467,97.46028913800866,96.77306313501458,97.2008285522461,63318900,0.0,0.0,0.0
2006-11-08 00:00:00-05:00,96.77299709587608,97.50931551818347,95.97356841744312,97.41114044189453,87517800,0.0,0.0,0.0
2006-11-09 00:00:00-05:00,97.48131118713597,97.57247762795379,96.70291884707821,96.8992691040039,95916300,0.0,0.0,0.0
2006-11-10 00:00:00-05:00,96.87121554311874,97.01146418628318,96.57669018238772,96.94134521484375,48991500,0.0,0.0,0.0
2006-11-13 00:00:00-05:00,96.89923300017809,97.50231162182979,96.82210536396039,97.17974090576172,59398200,0.0,0.0,0.0
2006-11-14 00:00:00-05:00,97.45327727726965,97.99324589790487,96.85720704797085,97.90908813476562,96704000,0.0,0.0,0.0
2006-11-15 00:00:00-05:00,97.8740358913916,98.49113219809055,97.84597973637149,98.1895980834961,76509600,0.0,0.0,0.0
2006-11-16 00:00:00-05:00,98.484113017506,98.65240712854568,97.81792386063809,98.4420394897461,76728800,0.0,0.0,0.0
2006-11-17 00:00:00-05:00,98.12648203836123,98.47710909179688,97.98623335704468,98.47010040283203,56353800,0.0,0.0,0.0
2006-11-20 00:00:00-05:00,98.38595066331094,98.69450417400446,98.1334987636788,98.52619934082031,69174200,0.0,0.0,0.0
2006-11-21 00:00:00-05:00,98.51919055669028,98.64541115624007,98.37893117902847,98.62437438964844,51367900,0.0,0.0,0.0
2006-11-22 00:00:00-05:00,98.7014668556077,98.9889834656707,98.52615341536684,98.8206787109375,45505300,0.0,0.0,0.0
2006-11-24 00:00:00-05:00,98.34385163256059,98.76459755600224,98.31579548415988,98.42098999023438,30998000,0.0,0.0,0.0
2006-11-27 00:00:00-05:00,98.37185997217854,98.4209528632179,97.03948233346031,97.0675277709961,84545100,0.0,0.0,0.0
2006-11-28 00:00:00-05:00,96.9413725617089,97.58652506248936,96.85020610280573,97.48834991455078,106652900,0.0,0.0,0.0
2006-11-29 00:00:00-05:00,97.80388069395617,98.54720810378771,97.53039210542786,98.50513458251953,90034900,0.0,0.0,0.0
2006-11-30 00:00:00-05:00,98.48412328332459,98.91188869395131,98.00726495166938,98.54723358154297,83994300,0.0,0.0,0.0
2006-12-01 00:00:00-05:00,98.547251591292,98.63841806112696,97.453296754432,98.32986450195312,126080000,0.0,0.0,0.0
2006-12-04 00:00:00-05:00,98.3508778231974,99.26251020332728,98.33684974650045,99.0801773071289,87813200,0.0,0.0,0.0
2006-12-05 00:00:00-05:00,99.26948034290827,99.54998826648297,99.05910207529804,99.50790405273438,73374400,0.0,0.0,0.0
2006-12-06 00:00:00-05:00,99.4868850006675,99.62714433755696,99.22742448793514,99.42377471923828,53253200,0.0,0.0,0.0
2006-12-07 00:00:00-05:00,99.59910120598899,99.78844277530544,98.95394883307026,98.989013671875,62857400,0.0,0.0,0.0
2006-12-08 00:00:00-05:00,98.96799721483765,99.50795518213036,98.72255399313102,99.17135620117188,79625500,0.0,0.0,0.0
2006-12-11 00:00:00-05:00,99.17133036401495,99.64116921719032,99.11522876508994,99.45884704589844,39779400,0.0,0.0,0.0
2006-12-12 00:00:00-05:00,99.36066947624983,99.4868900455087,98.79966420109945,99.38170623779297,77451600,0.0,0.0,0.0
2006-12-13 00:00:00-05:00,99.73934454573507,99.81648290688015,99.26950569159166,99.48689270019531,55520200,0.0,0.0,0.0
2006-12-14 00:00:00-05:00,99.47985039781781,100.44758392876233,99.4658223277264,100.3634262084961,64755200,0.0,0.0,0.0
2006-12-15 00:00:00-05:00,100.58417773789303,100.76046801090251,100.30211760503961,100.37262725830078,70857400,0.793,0.0,0.0
2006-12-18 00:00:00-05:00,100.51362227289475,100.75338513810313,99.95654993880898,100.09757995605469,48954600,0.0,0.0,0.0
2006-12-19 00:00:00-05:00,99.81554541776062,100.52775418070857,99.56168701791425,100.28800201416016,65023600,0.0,0.0,0.0
2006-12-20 00:00:00-05:00,100.33033529739566,100.59829999822735,100.13993875944126,100.23161315917969,41469600,0.0,0.0,0.0
2006-12-21 00:00:00-05:00,100.32327512239527,100.43609272358096,99.65337421326606,99.86491394042969,48698400,0.0,0.0,0.0
2006-12-22 00:00:00-05:00,99.87903501249131,99.88608275114213,99.1950277666409,99.2514419555664,62069100,0.0,0.0,0.0
2006-12-26 00:00:00-05:00,99.29372343074736,99.8578544096712,99.27256946052927,99.83670043945312,32696900,0.0,0.0,0.0
2006-12-27 00:00:00-05:00,100.04122803088056,100.55600351591511,100.01302631384792,100.4925308227539,39727100,0.0,0.0,0.0
2006-12-28 00:00:00-05:00,100.42195194382127,100.62644384112616,100.12578569950047,100.28092193603516,37288800,0.0,0.0,0.0
2006-12-29 00:00:00-05:00,100.175186553476,100.51366087684252,99.7309316066229,99.86491394042969,45461200,0.0,0.0,0.0
2007-01-03 00:00:00-05:00,100.30914370310758,100.73929230685266,99.124478488801,99.6885986328125,94807600,0.0,0.0,0.0
2007-01-04 00:00:00-05:00,99.58992719714061,100.16816462679836,99.1527306351411,99.90019989013672,69620600,0.0,0.0,0.0
2007-01-05 00:00:00-05:00,99.66043113761604,99.70978682520227,98.99053016673506,99.10334777832031,76645300,0.0,0.0,0.0
2007-01-08 00:00:00-05:00,99.30076991765338,99.71681229482957,98.89882301231553,99.56167602539062,71655000,0.0,0.0,0.0
2007-01-09 00:00:00-05:00,99.64632836082352,99.8508311362393,99.00462908058326,99.47709655761719,75680100,0.0,0.0,0.0
2007-01-10 00:00:00-05:00,99.13152322340767,99.82963640635411,98.9340790270009,99.8084716796875,72428000,0.0,0.0,0.0
2007-01-11 00:00:00-05:00,99.83671751958016,100.57008038571291,99.78030333604606,100.24571228027344,54476800,0.0,0.0,0.0
2007-01-12 00:00:00-05:00,100.23869010449567,101.00732421875,100.21048838246222,101.00732421875,55370600,0.0,0.0,0.0
2007-01-16 00:00:00-05:00,100.88743603511193,101.14834228245674,100.64767300683806,100.80986785888672,44871300,0.0,0.0,0.0
2007-01-17 00:00:00-05:00,100.73225099894823,101.16239963014198,100.64762436402468,100.85212707519531,50241400,0.0,0.0,0.0
2007-01-18 00:00:00-05:00,100.9579498598091,101.02141179935322,100.35151066437919,100.5136947631836,68177300,0.0,0.0,0.0
2007-01-19 00:00:00-05:00,100.51365035548785,100.90854957796792,100.45724694075145,100.71110534667969,56973000,0.0,0.0,0.0
2007-01-22 00:00:00-05:00,100.8874113057364,100.90856527953005,100.08351726195656,100.40084838867188,60253600,0.0,0.0,0.0
2007-01-23 00:00:00-05:00,100.31621320984517,100.89445047082026,100.17518314323557,100.69700622558594,54064400,0.0,0.0,0.0
2007-01-24 00:00:00-05:00,100.81686457483984,101.52907327979622,100.77455663829426,101.50791931152344,55834700,0.0,0.0,0.0
2007-01-25 00:00:00-05:00,101.44444673293904,101.48675466503308,100.13989477389923,100.3161849975586,73583800,0.0,0.0,0.0
2007-01-26 00:00:00-05:00,100.53484389751459,100.59124732841528,99.83673039116827,100.22457122802734,67255600,0.0,0.0,0.0
2007-01-29 00:00:00-05:00,100.26682817281531,100.69697674397548,99.9495079258712,100.16810607910156,66114600,0.0,0.0,0.0
2007-01-30 00:00:00-05:00,100.37971000669368,100.73933837695151,100.17520721504961,100.68997192382812,70407600,0.0,0.0,0.0
2007-01-31 00:00:00-05:00,100.57709039650534,101.63483161805765,100.41489566207257,101.36686706542969,91868600,0.0,0.0,0.0
2007-02-01 00:00:00-05:00,101.64894885827823,102.00858783696918,101.47971711292007,101.97332763671875,69312400,0.0,0.0,0.0
2007-02-02 00:00:00-05:00,102.05794282658614,102.21307909872814,101.81114294628921,102.1143569946289,49607000,0.0,0.0,0.0
2007-02-05 00:00:00-05:00,102.03679751598138,102.20604003446923,101.78293911820123,102.142578125,45705300,0.0,0.0,0.0
2007-02-06 00:00:00-05:00,102.22720580531825,102.2695137498484,101.77590313048924,102.17079162597656,57081300,0.0,0.0,0.0
2007-02-07 00:00:00-05:00,102.3329964266347,102.5022389989935,101.94516634982746,102.39646911621094,55669700,0.0,0.0,0.0
2007-02-08 00:00:00-05:00,102.09323150871478,102.33298371985616,101.7336031920027,102.2624740600586,70641000,0.0,0.0,0.0
2007-02-09 00:00:00-05:00,102.29064657870487,102.48104304964018,101.11302907310916,101.50086975097656,79084400,0.0,0.0,0.0
2007-02-12 00:00:00-05:00,101.50089782789708,101.57140748707572,100.9720269644836,101.15536499023438,65657000,0.0,0.0,0.0
2007-02-13 00:00:00-05:00,101.38097510446237,102.17779952219222,101.3739166098566,102.0085678100586,64081800,0.0,0.0,0.0
2007-02-14 00:00:00-05:00,102.1073489534149,102.88301985576916,102.09324271594474,102.67852783203125,66039400,0.0,0.0,0.0
2007-02-15 00:00:00-05:00,102.72080273761327,102.91824695904842,102.55156022213896,102.8124771118164,38715200,0.0,0.0,0.0
2007-02-16 00:00:00-05:00,102.55860012014946,102.78424600662589,102.41051160097656,102.76309204101562,39841800,0.0,0.0,0.0
2007-02-20 00:00:00-05:00,102.64323805884518,103.09454068876421,102.24834960265397,102.9817123413086,56911800,0.0,0.0,0.0
2007-02-21 00:00:00-05:00,102.67850881264359,103.0028876549326,102.49517079911779,102.93941497802734,63971600,0.0,0.0,0.0
2007-02-22 00:00:00-05:00,102.98873568499802,103.24964173451902,102.36819074570509,102.86180114746094,79067400,0.0,0.0,0.0
2007-02-23 00:00:00-05:00,102.77013421491434,102.80538364539927,102.26946533521512,102.4598617553711,71966200,0.0,0.0,0.0
2007-02-26 00:00:00-05:00,102.8336339583043,102.91824983845727,102.07205875721749,102.36822509765625,69192800,0.0,0.0,0.0
2007-02-27 00:00:00-05:00,101.45857338289528,101.68421931944347,98.01738408133122,98.36996459960938,274466500,0.0,0.0,0.0
2007-02-28 00:00:00-05:00,98.99757464224355,100.11877830223037,98.5815321409763,99.37835693359375,177536300,0.0,0.0,0.0
2007-03-01 00:00:00-05:00,98.25714662916883,99.60400693362182,97.34749353029238,99.08218383789062,212828600,0.0,0.0,0.0
2007-03-02 00:00:00-05:00,98.75780123145759,99.18794987633768,97.77762786163612,97.78467559814453,162574000,0.0,0.0,0.0
2007-03-05 00:00:00-05:00,97.26281983744238,98.42634156383532,96.83972983139904,96.85383605957031,143750400,0.0,0.0,0.0
2007-03-06 00:00:00-05:00,97.862247099669,98.80716029958802,97.11477812779563,98.51099395751953,143333300,0.0,0.0,0.0
2007-03-07 00:00:00-05:00,98.43343882402488,99.04693631930857,98.29945648873414,98.41228485107422,115144900,0.0,0.0,0.0
2007-03-08 00:00:00-05:00,99.10334392678976,99.54055115934942,98.77192808326184,99.244384765625,117891600,0.0,0.0,0.0
2007-03-09 00:00:00-05:00,99.64630988775478,99.72387803647963,98.77896477739802,99.27257537841797,107765100,0.0,0.0,0.0
2007-03-12 00:00:00-04:00,99.01870735794402,99.6674541934983,98.8353693696036,99.420654296875,80366900,0.0,0.0,0.0
2007-03-13 00:00:00-04:00,98.84947345925539,99.26552666737285,97.34042920242527,97.48851776123047,190605200,0.0,0.0,0.0
2007-03-14 00:00:00-04:00,97.6154069737418,98.27121213032022,96.43074196300687,98.21479797363281,231853800,0.0,0.0,0.0
2007-03-15 00:00:00-04:00,97.99622017664441,98.71548737378905,97.87634410377072,98.34880065917969,132435900,0.0,0.0,0.0
2007-03-16 00:00:00-04:00,98.62563936598544,98.85219113905254,97.78316751408973,98.07343292236328,121531600,0.551,0.0,0.0
2007-03-19 00:00:00-04:00,98.59017908703049,99.34769896266127,98.5123033129243,99.25566101074219,96161200,0.0,0.0,0.0
2007-03-20 00:00:00-04:00,99.17077524607087,99.85749549014099,99.08582372806919,99.80085754394531,82147400,0.0,0.0,0.0
2007-03-21 00:00:00-04:00,99.89287937455674,101.69816365514525,99.69465199627578,101.44329833984375,152368700,0.0,0.0,0.0
2007-03-22 00:00:00-04:00,101.5777917423163,101.71938115521412,101.08929908562602,101.36540222167969,118942200,0.0,0.0,0.0
2007-03-23 00:00:00-04:00,101.43617756625727,101.8113942799974,101.34413960918161,101.51405334472656,74416800,0.0,0.0,0.0
2007-03-26 00:00:00-04:00,101.59197483045642,101.69816421133699,100.59375143985108,101.37958526611328,113787500,0.0,0.0,0.0
2007-03-27 00:00:00-04:00,101.32295069855546,101.3512750694536,100.80614435677887,101.13888549804688,99864600,0.0,0.0,0.0
2007-03-28 00:00:00-04:00,100.62914407944554,100.86277150273439,100.00613761734192,100.40260314941406,152907900,0.0,0.0,0.0
2007-03-29 00:00:00-04:00,100.91232712880145,100.96188937333442,99.95659032397035,100.50879669189453,139432700,0.0,0.0,0.0
2007-03-30 00:00:00-04:00,100.69992016760622,101.12468836102536,99.51054546035971,100.5300064086914,128194100,0.0,0.0,0.0
2007-04-02 00:00:00-04:00,100.6433334350586,100.85572304107859,100.16191627457432,100.6433334350586,79416400,0.0,0.0,0.0
2007-04-03 00:00:00-04:00,101.2167328110702,101.93176633744788,101.17425706926667,101.7264633178711,82417800,0.0,0.0,0.0
2007-04-04 00:00:00-04:00,101.72646109442351,101.91052623907541,101.35124431325447,101.83973693847656,63995200,0.0,0.0,0.0
2007-04-05 00:00:00-04:00,101.7123111638812,102.25744177678736,101.66983541789013,102.11585235595703,46822800,0.0,0.0,0.0
2007-04-09 00:00:00-04:00,102.4061190470777,102.51231922724554,102.05214005168153,102.25745391845703,50967400,0.0,0.0,0.0
2007-04-10 00:00:00-04:00,102.17954216672402,102.54768321716892,102.13706643062996,102.37776947021484,56620000,0.0,0.0,0.0
2007-04-11 00:00:00-04:00,102.52651276934185,102.55482634449727,101.62031632559393,101.96014404296875,106365700,0.0,0.0,0.0
2007-04-12 00:00:00-04:00,101.7618272899135,102.59721205606981,101.47863777399786,102.41314697265625,115534400,0.0,0.0,0.0
2007-04-13 00:00:00-04:00,102.58314120698178,102.8804931640625,102.20084852336885,102.8804931640625,84287000,0.0,0.0,0.0
2007-04-16 00:00:00-04:00,103.2415171264977,103.97071300716595,103.23444143537984,103.85743713378906,83064600,0.0,0.0,0.0
2007-04-17 00:00:00-04:00,104.04860103755247,104.353017830094,103.82204926419614,104.13355255126953,108424100,0.0,0.0,0.0
2007-04-18 00:00:00-04:00,103.7866329410572,104.56538015311085,103.7653950681654,104.2609634399414,88345300,0.0,0.0,0.0
2007-04-19 00:00:00-04:00,103.75125970220677,104.35301759397956,103.61674593740369,104.232666015625,102947700,0.0,0.0,0.0
2007-04-20 00:00:00-04:00,104.93352646800773,105.21670532226562,104.09813048355944,105.21670532226562,124114100,0.0,0.0,0.0
2007-04-23 00:00:00-04:00,105.03971669908047,105.29458199103493,104.75653784250036,104.82025146484375,77270800,0.0,0.0,0.0
2007-04-24 00:00:00-04:00,104.94062301316701,105.06097459027296,104.29638937131547,104.86274719238281,114471000,0.0,0.0,0.0
2007-04-25 00:00:00-04:00,105.29460060096446,105.95300722262334,104.79195642130954,105.82556915283203,108418800,0.0,0.0,0.0
2007-04-26 00:00:00-04:00,105.83259679828586,106.05206194927622,105.5564937369469,105.94586181640625,88741600,0.0,0.0,0.0
2007-04-27 00:00:00-04:00,105.54943583587557,106.00961493113677,105.37244636906276,105.8609390258789,108191100,0.0,0.0,0.0
2007-04-30 00:00:00-04:00,105.93881784259473,106.00961795236954,104.9264432488114,104.98307037353516,100874100,0.0,0.0,0.0
2007-05-01 00:00:00-04:00,105.07513146090416,105.81848956667785,104.54416292857759,105.25212097167969,134342700,0.0,0.0,0.0
2007-05-02 00:00:00-04:00,105.41491888554259,106.15827678391545,105.30872952973766,105.86801147460938,87129800,0.0,0.0,0.0
2007-05-03 00:00:00-04:00,106.17241701444887,106.4768336398713,106.00250327771113,106.44144439697266,86569700,0.0,0.0,0.0
2007-05-04 00:00:00-04:00,106.72464205743724,106.98658299571143,106.34942527460912,106.8449935913086,96409000,0.0,0.0,0.0
2007-05-07 00:00:00-04:00,106.81669764592105,107.04323856980719,106.76713540478856,106.86624908447266,63461400,0.0,0.0,0.0
2007-05-08 00:00:00-04:00,106.60429598193902,106.84499906200628,106.28571710507593,106.72464752197266,80584000,0.0,0.0,0.0
2007-05-09 00:00:00-04:00,106.64679715435123,108.19015127633068,106.45564546162275,107.01493835449219,102070100,0.0,0.0,0.0
2007-05-10 00:00:00-04:00,106.7105020215009,106.91581588268537,105.67688943253681,105.89635467529297,153617800,0.0,0.0,0.0
2007-05-11 00:00:00-04:00,106.01671740623648,106.85210271541665,105.99547952905952,106.80255126953125,113408900,0.0,0.0,0.0
2007-05-14 00:00:00-04:00,106.8025284636535,107.11403166584256,106.04500833082282,106.56890106201172,108027500,0.0,0.0,0.0
2007-05-15 00:00:00-04:00,106.68923327963914,107.36887748879579,106.32817870755551,106.59720611572266,180673300,0.0,0.0,0.0
2007-05-16 00:00:00-04:00,106.76012345782047,107.34773019628454,106.46278224123395,107.32649230957031,114166500,0.0,0.0,0.0
2007-05-17 00:00:00-04:00,107.17062105655107,107.58123774596251,106.97946948676508,107.11398315429688,101132800,0.0,0.0,0.0
2007-05-18 00:00:00-04:00,107.61667583015824,108.04853057861328,107.47508641154253,108.04853057861328,99182000,0.0,0.0,0.0
2007-05-21 00:00:00-04:00,108.02023721236392,108.48040560954728,107.96359927381205,107.99191284179688,174664600,0.0,0.0,0.0
2007-05-22 00:00:00-04:00,108.1051945574322,108.43086002104837,107.87865359357195,107.90696716308594,82148800,0.0,0.0,0.0
2007-05-23 00:00:00-04:00,108.28223562184108,108.67161490416512,107.86454275652436,107.92118072509766,133786600,0.0,0.0,0.0
2007-05-24 00:00:00-04:00,107.98484443827618,108.46626154716648,106.71760423572236,106.94414520263672,187593000,0.0,0.0,0.0
2007-05-25 00:00:00-04:00,107.2556077482337,107.62374883255367,107.02905606478177,107.39012145996094,83309200,0.0,0.0,0.0
2007-05-29 00:00:00-04:00,107.56716666174502,107.9636215106822,107.22026326763275,107.77955627441406,82020000,0.0,0.0,0.0
2007-05-30 00:00:00-04:00,107.22731192177403,108.69985489741757,107.14234962513952,108.65737915039062,129013600,0.0,0.0,0.0
2007-05-31 00:00:00-04:00,108.79184606803675,108.94759760849816,108.40246721688324,108.5440673828125,114866700,0.0,0.0,0.0
2007-06-01 00:00:00-04:00,108.94056390239655,109.308694228462,108.67861213654287,109.0821533203125,107771700,0.0,0.0,0.0
2007-06-04 00:00:00-04:00,108.69984799014942,109.30161650834039,108.65737224582158,109.0963134765625,78008800,0.0,0.0,0.0
2007-06-05 00:00:00-04:00,108.84142577360359,108.95469080093832,108.21841951166286,108.66443634033203,126917900,0.0,0.0,0.0
2007-06-06 00:00:00-04:00,108.21841197644652,108.28212557536926,107.43257851533507,107.49629211425781,164096800,0.0,0.0,0.0
2007-06-07 00:00:00-04:00,107.29814308332203,107.96362551985801,105.5282475829965,105.55657196044922,232414600,0.0,0.0,0.0
2007-06-08 00:00:00-04:00,105.8963571742423,107.03616996737959,105.54945387108516,106.92996978759766,175886000,0.0,0.0,0.0
2007-06-11 00:00:00-04:00,106.85203150604931,107.57415125657118,106.68920428867807,107.11398315429688,102015600,0.0,0.0,0.0
2007-06-12 00:00:00-04:00,106.66798167013002,107.28390139098381,105.87507253040312,105.94586181640625,233898000,0.0,0.0,0.0
2007-06-13 00:00:00-04:00,106.54767711080167,107.65917633633292,105.99547074479939,107.53173828125,193208200,0.0,0.0,0.0
2007-06-14 00:00:00-04:00,107.65206875529368,108.40250234657536,107.630830884037,108.21843719482422,146396500,0.0,0.0,0.0
2007-06-15 00:00:00-04:00,108.8840088044445,109.25373683113021,108.73469201606234,108.83424377441406,154030800,0.656,0.0,0.0
2007-06-18 00:00:00-04:00,109.05463634010984,109.06174252914161,108.54270865208944,108.70623779296875,88537500,0.0,0.0,0.0
2007-06-19 00:00:00-04:00,108.46448229432787,109.05462137730215,108.32938877725468,108.97640991210938,110851700,0.0,0.0,0.0
2007-06-20 00:00:00-04:00,109.19678574075854,109.19678574075854,107.33394525343992,107.46192169189453,177119700,0.0,0.0,0.0
2007-06-21 00:00:00-04:00,107.4192544846513,108.15159297850369,106.82911563879338,108.05915832519531,205262000,0.0,0.0,0.0
2007-06-22 00:00:00-04:00,107.73212214651619,107.90987445497177,106.54473802792971,107.04244232177734,204964700,0.0,0.0,0.0
2007-06-25 00:00:00-04:00,106.82204162564497,107.54015711623454,105.95460940775135,106.53052520751953,232014400,0.0,0.0,0.0
2007-06-26 00:00:00-04:00,106.80072496503816,106.97847731207133,105.42847120438802,105.43557739257812,198445700,0.0,0.0,0.0
2007-06-27 00:00:00-04:00,105.32183030952216,107.05669505412209,105.27205444184683,106.9358139038086,213638000,0.0,0.0,0.0
2007-06-28 00:00:00-04:00,106.9215316772461,107.65387004359962,106.41671053824582,106.9215316772461,157705000,0.0,0.0,0.0
2007-06-29 00:00:00-04:00,107.29132865150343,107.8245857737259,106.04706203298433,106.9571533203125,199701800,0.0,0.0,0.0
2007-07-02 00:00:00-04:00,107.26996032697498,108.01652219713198,107.19886591261812,107.92408752441406,103357000,0.0,0.0,0.0
2007-07-03 00:00:00-04:00,108.20142904349478,108.42895730904428,108.06634634111272,108.31519317626953,54048400,0.0,0.0,0.0
2007-07-05 00:00:00-04:00,108.35777020325344,108.4715342501359,107.8103010697628,108.20134735107422,89279000,0.0,0.0,0.0
2007-07-06 00:00:00-04:00,108.34358835564849,108.90528086551764,108.02362552751296,108.77018737792969,81109000,0.0,0.0,0.0
2007-07-09 00:00:00-04:00,108.8981809755424,109.04038065785818,108.51422989923547,108.85552215576172,72348100,0.0,0.0,0.0
2007-07-10 00:00:00-04:00,108.27956755007814,108.5070956622776,107.19884156454323,107.30548858642578,180362600,0.0,0.0,0.0
2007-07-11 00:00:00-04:00,107.18462136439209,108.10893536024759,107.02109230985344,108.06627655029297,175607600,0.0,0.0,0.0
2007-07-12 00:00:00-04:00,108.3364258722951,110.02863057679883,108.31509647258582,109.77266693115234,133882500,0.0,0.0,0.0
2007-07-13 00:00:00-04:00,109.90068790115433,110.53348560134985,109.7727006144911,110.09976959228516,111794300,0.0,0.0,0.0
2007-07-16 00:00:00-04:00,110.19936593004222,110.58330628509266,109.90784943225461,110.08560180664062,98378700,0.0,0.0,0.0
2007-07-17 00:00:00-04:00,110.1566400719605,110.54769726601687,109.97888778822019,110.0286636352539,126201300,0.0,0.0,0.0
2007-07-18 00:00:00-04:00,109.65899705618082,110.06427769691253,108.99776339916947,109.82964324951172,237887400,0.0,0.0,0.0
2007-07-19 00:00:00-04:00,110.34855779493861,110.5831919885122,110.02860602156836,110.25613403320312,145212700,0.0,0.0,0.0
2007-07-20 00:00:00-04:00,110.1282332468837,110.19933851860867,108.66355578213587,109.13993072509766,245502500,0.0,0.0,0.0
2007-07-23 00:00:00-04:00,109.62342699619605,110.00737815791422,108.99774608499376,109.47412109375,121183900,0.0,0.0,0.0
2007-07-24 00:00:00-04:00,108.8697531753024,109.69452666278613,107.19177059865787,107.57572174072266,256732400,0.0,0.0,0.0
2007-07-25 00:00:00-04:00,108.08764375482309,108.35071374096722,106.82915417536364,107.79612731933594,265214500,0.0,0.0,0.0
2007-07-26 00:00:00-04:00,106.7864955482806,107.22021168386138,104.08465786019414,105.24360656738281,467592500,0.0,0.0,0.0
2007-07-27 00:00:00-04:00,105.3787171062809,105.8479751057167,103.13192460321383,103.1745834350586,422987600,0.0,0.0,0.0
2007-07-30 00:00:00-04:00,103.75760185655334,105.09430306884367,103.30255625117793,104.78857421875,283017500,0.0,0.0,0.0
2007-07-31 00:00:00-04:00,105.4640188456299,106.26746288786978,103.12479199401072,103.60828399658203,316976700,0.0,0.0,0.0
2007-08-01 00:00:00-04:00,103.22432129237565,104.52546956696112,102.34978292226232,104.11308288574219,467670000,0.0,0.0,0.0
2007-08-02 00:00:00-04:00,104.34772833648043,105.0587376867269,103.28121431111073,104.94498443603516,294758400,0.0,0.0,0.0
2007-08-03 00:00:00-04:00,104.71741147069913,104.93071635441565,101.8164932599107,102.24310302734375,359398200,0.0,0.0,0.0
2007-08-06 00:00:00-04:00,102.53469171903674,104.39753326358519,101.34019003651142,103.95671081542969,324980000,0.0,0.0,0.0
2007-08-07 00:00:00-04:00,103.76468588864435,105.94037233633357,103.25986457570215,105.06583404541016,232568700,0.0,0.0,0.0
2007-08-08 00:00:00-04:00,105.52089329880452,107.07088837229713,104.76010813674168,106.53052520751953,274930600,0.0,0.0,0.0
2007-08-09 00:00:00-04:00,104.8240884335624,105.90482553043137,103.30252907378141,103.3736343383789,357622100,0.0,0.0,0.0
2007-08-10 00:00:00-04:00,102.66261620044405,104.16284602078404,101.75963149410899,102.89014434814453,411018400,0.0,0.0,0.0
2007-08-13 00:00:00-04:00,104.16285724011858,104.44015041928367,103.11056656651014,103.25987243652344,181917200,0.0,0.0,0.0
2007-08-14 00:00:00-04:00,103.5940358110185,103.84999955090792,101.4752314830745,101.6814193725586,264134500,0.0,0.0,0.0
2007-08-15 00:00:00-04:00,101.47523227974676,102.71239217378161,99.98210864381295,100.28073120117188,323834000,0.0,0.0,0.0
2007-08-16 00:00:00-04:00,99.39193823281902,101.63162297729785,97.40822799829823,101.03437805175781,546743700,0.0,0.0,0.0
2007-08-17 00:00:00-04:00,103.45183683292886,103.67224794530169,100.5295886368785,102.89014434814453,388218100,0.0,0.0,0.0
2007-08-20 00:00:00-04:00,103.21724247276686,103.43054748155951,101.8805412102001,102.84040832519531,187320400,0.0,0.0,0.0
2007-08-21 00:00:00-04:00,102.81195392090055,103.78603323566425,102.48488485400465,103.04657745361328,157066400,0.0,0.0,0.0
2007-08-22 00:00:00-04:00,103.81444006047592,104.37614335353518,103.33095905549477,104.26948547363281,173156700,0.0,0.0,0.0
2007-08-23 00:00:00-04:00,104.76008484576978,104.98049594491077,103.53004206238195,104.17706298828125,203915300,0.0,0.0,0.0
2007-08-24 00:00:00-04:00,104.14861044723332,105.46398162841797,104.00641079635503,105.46398162841797,128901900,0.0,0.0,0.0
2007-08-27 00:00:00-04:00,105.12274886058881,105.46403035018791,104.32641091933364,104.48283386230469,113024300,0.0,0.0,0.0
2007-08-28 00:00:00-04:00,103.92112857756102,103.98511681488388,102.0014055138838,102.18626403808594,219790700,0.0,0.0,0.0
2007-08-29 00:00:00-04:00,102.64844060445532,104.33354053891816,102.35693494753139,104.19132995605469,207654200,0.0,0.0,0.0
2007-08-30 00:00:00-04:00,103.41628195520511,104.6534418208646,103.31674110503519,103.91398620605469,191817300,0.0,0.0,0.0
2007-08-31 00:00:00-04:00,104.98047160813465,105.58483358108145,104.39744988580333,104.93781280517578,185477500,0.0,0.0,0.0
2007-09-04 00:00:00-04:00,104.83833512780804,106.63718806362719,104.80278248754966,105.99728393554688,120062000,0.0,0.0,0.0
2007-09-05 00:00:00-04:00,105.37158694242267,105.48535104593309,104.51837786437859,105.08007049560547,166261800,0.0,0.0,0.0
2007-09-06 00:00:00-04:00,105.19381292956379,105.66308162302006,104.60367396945482,105.3218002319336,127878400,0.0,0.0,0.0
2007-09-07 00:00:00-04:00,104.14859926684419,104.44011557178997,103.28116738572636,103.85709381103516,235447600,0.0,0.0,0.0
2007-09-10 00:00:00-04:00,104.1771028524754,104.31930256609583,102.61999049284634,103.6580581665039,192305900,0.0,0.0,0.0
2007-09-11 00:00:00-04:00,103.97799867389901,105.01606612382886,103.89978722089275,104.86676025390625,162081900,0.0,0.0,0.0
2007-09-12 00:00:00-04:00,104.72453051487103,105.54219752799835,104.50411941931603,105.13691711425781,149554600,0.0,0.0,0.0
2007-09-13 00:00:00-04:00,105.62042478939651,106.26032876584694,105.3715672156991,105.87638854980469,154079000,0.0,0.0,0.0
2007-09-14 00:00:00-04:00,105.20093075978104,106.00436381467438,105.04450786078095,105.86927032470703,121911000,0.0,0.0,0.0
2007-09-17 00:00:00-04:00,105.44976666334149,105.69150717367218,104.96628564268012,105.30046081542969,109870800,0.0,0.0,0.0
2007-09-18 00:00:00-04:00,105.81947771958211,108.4288796190087,105.32177355673211,108.40044403076172,263759500,0.0,0.0,0.0
2007-09-19 00:00:00-04:00,109.07593501868114,109.77272106746499,108.57823069812126,109.0403823852539,193779900,0.0,0.0,0.0
2007-09-20 00:00:00-04:00,109.02614418519745,109.09013240709217,108.1516059385527,108.27247619628906,175186800,0.0,0.0,0.0
2007-09-21 00:00:00-04:00,109.09329818150083,109.38618656581075,108.40034665406843,108.56465148925781,141457500,0.719,0.0,0.0
2007-09-24 00:00:00-04:00,108.88611991163252,109.17187929603152,108.12887661903555,108.3646240234375,139450200,0.0,0.0,0.0
2007-09-25 00:00:00-04:00,107.73600177250957,108.34323113765443,107.49311438669551,108.15034484863281,142289900,0.0,0.0,0.0
2007-09-26 00:00:00-04:00,108.76471636188525,109.13619824826411,108.15034708467056,108.72185516357422,135547000,0.0,0.0,0.0
2007-09-27 00:00:00-04:00,109.23618541751956,109.37191978036151,108.72182935864873,109.3647689819336,102713300,0.0,0.0,0.0
2007-09-28 00:00:00-04:00,109.19333640301005,109.43622376327578,108.57181640389548,109.00045013427734,133372100,0.0,0.0,0.0
2007-10-01 00:00:00-04:00,109.01473932655388,110.55065685476116,108.94329673894072,110.22918701171875,148162300,0.0,0.0,0.0
2007-10-02 00:00:00-04:00,110.4506827100822,110.47925321483449,109.87917450952611,110.0792007446289,112978800,0.0,0.0,0.0
2007-10-03 00:00:00-04:00,109.87912712767915,110.30776081841478,109.30761917356752,109.85769653320312,119055900,0.0,0.0,0.0
2007-10-04 00:00:00-04:00,110.0934436997724,110.20059667188654,109.7219618954308,110.0291519165039,76864400,0.0,0.0,0.0
2007-10-05 00:00:00-04:00,110.75072603910813,111.51512060117669,110.46497737887674,111.3365249633789,134579700,0.0,0.0,0.0
2007-10-08 00:00:00-04:00,111.00785584345148,111.07929842769843,110.56494234282258,110.74353790283203,71280400,0.0,0.0,0.0
2007-10-09 00:00:00-04:00,111.15785782457156,111.80079734683507,110.7506548000272,111.78650665283203,94054300,0.0,0.0,0.0
2007-10-10 00:00:00-04:00,111.47225080671036,111.75801037348921,111.0221972025296,111.60084533691406,101711100,0.0,0.0,0.0
2007-10-11 00:00:00-04:00,112.10801746097245,112.52951133384478,110.40064407276371,111.06502532958984,233529100,0.0,0.0,0.0
2007-10-12 00:00:00-04:00,111.05787323335602,111.69367302188468,110.92213885705073,111.67938232421875,124546700,0.0,0.0,0.0
2007-10-15 00:00:00-04:00,111.636502392885,111.70079417067726,109.97199066397734,110.73637390136719,161151900,0.0,0.0,0.0
2007-10-16 00:00:00-04:00,110.30776081841478,110.38634329836272,109.63623978987917,109.85769653320312,166525700,0.0,0.0,0.0
2007-10-17 00:00:00-04:00,110.7149545308693,110.79353701189383,108.92185906462848,110.1934585571289,216687300,0.0,0.0,0.0
2007-10-18 00:00:00-04:00,109.62197082326915,110.15061769322023,109.35765283859848,109.79342651367188,148367500,0.0,0.0,0.0
2007-10-19 00:00:00-04:00,109.36477095645087,111.78652623543802,106.91444518505836,106.92158508300781,297169900,0.0,0.0,0.0
2007-10-22 00:00:00-04:00,106.34294150946506,107.70026341577795,106.2000672404755,107.54309844970703,261989800,0.0,0.0,0.0
2007-10-23 00:00:00-04:00,108.20035161600791,108.55039197846439,107.33594420748655,108.41465759277344,180085100,0.0,0.0,0.0
2007-10-24 00:00:00-04:00,108.02170905538011,108.40033065047898,106.3286162710089,108.21458435058594,326694200,0.0,0.0,0.0
2007-10-25 00:00:00-04:00,108.33605976194544,108.79326394865902,107.07161107562347,108.47179412841797,237374500,0.0,0.0,0.0
2007-10-26 00:00:00-04:00,109.34335584914186,109.74340820312499,108.51466974411447,109.743408203125,176484000,0.0,0.0,0.0
2007-10-29 00:00:00-04:00,109.96491047213027,110.32925258143571,109.69345249139685,110.10779571533203,106841000,0.0,0.0,0.0
2007-10-30 00:00:00-04:00,109.62197723058121,109.8362941309588,109.20763413001394,109.34336853027344,132981600,0.0,0.0,0.0
2007-10-31 00:00:00-04:00,110.00056750717685,110.92212664451833,109.1861722396185,110.47920227050781,220954400,0.0,0.0,0.0
2007-11-01 00:00:00-04:00,109.50762705945401,109.59336032366765,107.57879757403634,107.89312744140625,333040800,0.0,0.0,0.0
2007-11-02 00:00:00-04:00,108.25031954638145,108.58608000792812,106.59295873036496,108.01457214355469,331228200,0.0,0.0,0.0
2007-11-05 00:00:00-05:00,106.9001776987669,107.98604195626301,106.42154281765063,107.19307708740234,226841000,0.0,0.0,0.0
2007-11-06 00:00:00-05:00,107.77169355547169,108.66467125929847,107.08588188266575,108.63610076904297,177800500,0.0,0.0,0.0
2007-11-07 00:00:00-05:00,107.47170881579498,107.964634502192,105.40714375436397,105.66432189941406,306639700,0.0,0.0,0.0
2007-11-08 00:00:00-05:00,105.72143283678238,106.01432127408629,103.63543798008283,105.12849426269531,374509900,0.0,0.0,0.0
2007-11-09 00:00:00-05:00,104.07837545879912,105.39997638203495,103.50686734847068,103.68546295166016,277745100,0.0,0.0,0.0
2007-11-12 00:00:00-05:00,103.7354702817257,104.73560125430751,102.65674591064453,102.65674591064453,243087800,0.0,0.0,0.0
2007-11-13 00:00:00-05:00,103.8497851443979,105.95007153168103,103.7426321248885,105.7857666015625,191117400,0.0,0.0,0.0
2007-11-14 00:00:00-05:00,106.60013077583477,106.72871436127916,104.85703616908326,105.49283599853516,230558800,0.0,0.0,0.0
2007-11-15 00:00:00-05:00,104.7069998105667,105.36423009840037,103.24251418304502,103.97117614746094,263111100,0.0,0.0,0.0
2007-11-16 00:00:00-05:00,104.52128505416577,104.6355888519657,103.27826668007455,104.1498031616211,308770600,0.0,0.0,0.0
2007-11-19 00:00:00-05:00,103.78542586723972,103.84257774069742,102.29236996270002,102.6995620727539,267746000,0.0,0.0,0.0
2007-11-20 00:00:00-05:00,102.88537155182328,103.96408521151128,101.52089834940828,103.32828521728516,414767500,0.0,0.0,0.0
2007-11-21 00:00:00-05:00,102.21386441622276,102.80680328635792,101.20658232717582,101.2137222290039,259012400,0.0,0.0,0.0
2007-11-23 00:00:00-05:00,102.20668470054594,103.11394240690342,101.94235582728555,102.96392822265625,77688400,0.0,0.0,0.0
2007-11-26 00:00:00-05:00,103.17825528899093,103.49973612216151,100.48504121563347,100.69220733642578,214232000,0.0,0.0,0.0
2007-11-27 00:00:00-05:00,101.25657145674644,102.32099432107405,100.69220322209034,101.8495101928711,293897900,0.0,0.0,0.0
2007-11-28 00:00:00-05:00,103.00677774709324,105.34995064083853,102.9710564546882,105.10706329345703,258596900,0.0,0.0,0.0
2007-11-29 00:00:00-05:00,104.74273936584339,105.52856433132158,104.37126838271723,105.14279174804688,199409900,0.0,0.0,0.0
2007-11-30 00:00:00-05:00,106.47150050284218,107.06443893784895,105.24991324928085,106.20004272460938,222908000,0.0,0.0,0.0
2007-12-03 00:00:00-05:00,105.8643267317298,106.05006222647762,105.22137604878418,105.49998474121094,146430400,0.0,0.0,0.0
2007-12-04 00:00:00-05:00,104.77127786245077,105.39992667679996,104.521239775656,104.55696105957031,136533900,0.0,0.0,0.0
2007-12-05 00:00:00-05:00,105.6785454247156,106.58581380058175,105.6071137506152,106.30720520019531,171130000,0.0,0.0,0.0
2007-12-06 00:00:00-05:00,106.17868126167853,108.02178953776378,106.13582005303208,107.82890319824219,154457400,0.0,0.0,0.0
2007-12-07 00:00:00-05:00,108.17178809152252,108.22893999497272,107.55027885499443,107.80745697021484,148980100,0.0,0.0,0.0
2007-12-10 00:00:00-05:00,108.0718022687049,108.76475428463641,107.7717628753037,108.643310546875,123914300,0.0,0.0,0.0
2007-12-11 00:00:00-05:00,108.68615692829341,109.22194382209673,105.6071699893349,105.66432189941406,250346400,0.0,0.0,0.0
2007-12-12 00:00:00-05:00,107.91463717207725,108.42185363014052,105.15711981419093,106.70732879638672,322435600,0.0,0.0,0.0
2007-12-13 00:00:00-05:00,105.95720383895858,106.7215873461342,105.22853073164471,106.48583984375,237551300,0.0,0.0,0.0
2007-12-14 00:00:00-05:00,105.67860031063739,106.51443744650891,105.08567241517069,105.13567352294922,159152900,0.0,0.0,0.0
2007-12-17 00:00:00-05:00,104.73559628818357,104.92133177411053,103.48542718142907,103.63545227050781,177269400,0.0,0.0,0.0
2007-12-18 00:00:00-05:00,104.37126869229228,104.64272658067274,102.8424908554174,104.21410369873047,245569300,0.0,0.0,0.0
2007-12-19 00:00:00-05:00,104.2569648968637,104.93562596872972,103.54258252635003,104.21410369873047,198917200,0.0,0.0,0.0
2007-12-20 00:00:00-05:00,104.89991602166344,104.91420672279094,103.71403854213646,104.87134552001953,214813800,0.0,0.0,0.0
2007-12-21 00:00:00-05:00,105.83722252217245,106.59130686986808,105.63613482391463,106.38304138183594,146084400,0.775,0.0,0.0
2007-12-24 00:00:00-05:00,106.8785842355685,107.35257041139963,106.634396920098,107.17302703857422,45601400,0.0,0.0,0.0
2007-12-26 00:00:00-05:00,106.75650732639717,107.49622529977805,106.64878566365631,107.40287017822266,67093100,0.0,0.0,0.0
2007-12-27 00:00:00-05:00,107.02225038826465,107.02942818038944,105.80135726091368,106.0527114868164,122981700,0.0,0.0,0.0
2007-12-28 00:00:00-05:00,106.67754644620035,106.72782387933943,105.49974168675115,105.78701782226562,116398100,0.0,0.0,0.0
2007-12-31 00:00:00-05:00,105.64339343844837,106.00965821140292,104.89648638656686,105.00421905517578,108126800,0.0,0.0,0.0
2008-01-02 00:00:00-05:00,105.23398981801974,105.56435453682542,103.33083392473071,104.08490753173828,204935600,0.0,0.0,0.0
2008-01-03 00:00:00-05:00,104.07054069405172,104.48708270382315,103.46727749029708,104.03462982177734,125133300,0.0,0.0,0.0
2008-01-04 00:00:00-05:00,102.94300666000342,103.01482840720078,101.19784997940022,101.48511505126953,232330900,0.0,0.0,0.0
2008-01-07 00:00:00-05:00,101.8442281922378,102.14585988319608,100.61615709036928,101.39896392822266,234991000,0.0,0.0,0.0
2008-01-08 00:00:00-05:00,102.03810649663218,102.62700315077356,99.42395502857215,99.7614974975586,326365700,0.0,0.0,0.0
2008-01-09 00:00:00-05:00,99.89081207323677,101.11170559651654,98.89255072109768,100.81007385253906,301824900,0.0,0.0,0.0
2008-01-10 00:00:00-05:00,100.31451152854859,102.55522124534085,100.09187940300464,101.47077178955078,335701200,0.0,0.0,0.0
2008-01-11 00:00:00-05:00,101.10449150699323,101.90884253551597,99.82614321160779,100.65203857421875,267076600,0.0,0.0,0.0
2008-01-14 00:00:00-05:00,101.3773999350744,101.88011932253731,100.831580921434,101.46357727050781,170365500,0.0,0.0,0.0
2008-01-15 00:00:00-05:00,100.39349462593714,101.61439865746735,99.03614679933474,99.23005676269531,239940100,0.0,0.0,0.0
2008-01-16 00:00:00-05:00,98.64835970184852,99.9123417229038,97.87273063490667,98.37545013427734,378802600,0.0,0.0,0.0
2008-01-17 00:00:00-05:00,98.97156409833585,99.02184154191046,95.46687122687624,95.82595825195312,397892600,0.0,0.0,0.0
2008-01-18 00:00:00-05:00,96.76672157910373,96.96780932449562,94.15256993054908,94.84201049804688,348561500,0.0,0.0,0.0
2008-01-22 00:00:00-05:00,91.3589001814921,95.10776329672343,90.48991042932154,93.87969207763672,435923700,0.0,0.0,0.0
2008-01-23 00:00:00-05:00,91.2726886853293,96.37172610309113,91.09314526862586,96.13472747802734,511913000,0.0,0.0,0.0
2008-01-24 00:00:00-05:00,96.57997539366914,97.2837933588099,95.73971365989935,96.94625091552734,259949300,0.0,0.0,0.0
2008-01-25 00:00:00-05:00,98.03789353329657,98.21743696871951,95.22984253171262,95.54582977294922,269603900,0.0,0.0,0.0
2008-01-28 00:00:00-05:00,95.70383954676531,97.32691939742823,94.84203315230918,97.1258316040039,217934600,0.0,0.0,0.0
2008-01-29 00:00:00-05:00,97.7434341113349,97.9947883033772,96.86726141784621,97.60697937011719,168968300,0.0,0.0,0.0
2008-01-30 00:00:00-05:00,97.36998423186766,99.49577208711906,96.66617712721309,96.88880920410156,334939200,0.0,0.0,0.0
2008-01-31 00:00:00-05:00,95.80435229707143,99.49576410264265,95.66071977110144,98.65550231933594,343680800,0.0,0.0,0.0
2008-02-01 00:00:00-05:00,99.06487901564843,100.26422774433355,98.76324738554146,100.24268341064453,206843600,0.0,0.0,0.0
2008-02-04 00:00:00-05:00,99.97699820770069,100.04163123175105,98.84945987087609,98.9787368774414,124694300,0.0,0.0,0.0
2008-02-05 00:00:00-05:00,97.62855966530852,97.85119181627022,95.99830187823821,96.32866668701172,286882500,0.0,0.0,0.0
2008-02-06 00:00:00-05:00,96.65181387217838,97.13298891630488,95.0933783225106,95.55300903320312,250792900,0.0,0.0,0.0
2008-02-07 00:00:00-05:00,94.65532507465967,96.80265808719142,94.60504764007624,96.18502807617188,297368100,0.0,0.0,0.0
2008-02-08 00:00:00-05:00,95.58171550528108,96.3932551265938,94.87073070147358,95.5673599243164,221643500,0.0,0.0,0.0
2008-02-11 00:00:00-05:00,95.5889242037243,96.40045303594513,94.82765087382694,96.05573272705078,188576300,0.0,0.0,0.0
2008-02-12 00:00:00-05:00,96.88879571683471,97.89423429780916,96.22088862068416,96.94625091552734,256654400,0.0,0.0,0.0
2008-02-13 00:00:00-05:00,97.67879682341,98.43288136792086,97.05398923778183,97.93733978271484,181967800,0.0,0.0,0.0
2008-02-14 00:00:00-05:00,98.35387922684592,98.38979010105659,96.80262151201048,97.07553100585938,215207200,0.0,0.0,0.0
2008-02-15 00:00:00-05:00,96.59437768269419,97.11146370384363,96.17065776378257,97.05400848388672,154110300,0.0,0.0,0.0
2008-02-19 00:00:00-05:00,98.18870286066839,98.31079106684447,96.67335601224934,97.32689666748047,145190000,0.0,0.0,0.0
2008-02-20 00:00:00-05:00,96.22810382444204,98.06662685421567,96.06291597336553,97.61417388916016,220085700,0.0,0.0,0.0
2008-02-21 00:00:00-05:00,98.14559661965846,98.39695077849514,96.28552981874205,96.80260467529297,201051200,0.0,0.0,0.0
2008-02-22 00:00:00-05:00,96.93189605108739,97.56389235436775,95.41654924823831,97.3987045288086,205491000,0.0,0.0,0.0
2008-02-25 00:00:00-05:00,97.34125588223489,98.85660278719092,96.79544782982606,98.62679290771484,190107000,0.0,0.0,0.0
2008-02-26 00:00:00-05:00,98.21025598835233,99.79023597709427,98.03071255875754,99.36651611328125,212420700,0.0,0.0,0.0
2008-02-27 00:00:00-05:00,98.79199383614711,99.92670984316194,98.68427214117811,99.2659912109375,168395800,0.0,0.0,0.0
2008-02-28 00:00:00-05:00,98.56217187043957,99.07925786010316,98.06663021714014,98.29644012451172,170831100,0.0,0.0,0.0
2008-02-29 00:00:00-05:00,97.38438194751639,97.44182621413569,95.35912635758031,96.10603332519531,252715200,0.0,0.0,0.0
2008-03-03 00:00:00-05:00,95.61766242951832,96.09883757628334,94.9713103717057,95.87620544433594,189483500,0.0,0.0,0.0
2008-03-04 00:00:00-05:00,94.96414473707303,95.80440700015872,94.07361599250301,95.50996398925781,282513100,0.0,0.0,0.0
2008-03-05 00:00:00-05:00,95.81874344978793,96.7882824264308,95.04311446016607,96.11319732666016,270681400,0.0,0.0,0.0
2008-03-06 00:00:00-05:00,95.50275570002034,95.67512136941977,93.75759850101228,94.12386322021484,247911700,0.0,0.0,0.0
2008-03-07 00:00:00-05:00,93.19741606674901,94.612219313826,92.34278750081839,93.15432739257812,326434600,0.0,0.0,0.0
2008-03-10 00:00:00-04:00,93.2476605913289,93.31229358737619,91.6317699393876,91.92622375488281,235683600,0.0,0.0,0.0
2008-03-11 00:00:00-04:00,93.87966546871601,95.31601284619519,92.6084949712779,95.2298355102539,341440600,0.0,0.0,0.0
2008-03-12 00:00:00-04:00,95.33039303138813,96.07011115997656,94.19567712577133,94.33930969238281,229161100,0.0,0.0,0.0
2008-03-13 00:00:00-04:00,93.08251467717122,95.25858060200378,92.35716302171487,94.5475845336914,351504200,0.0,0.0,0.0
2008-03-14 00:00:00-04:00,95.35192042155944,95.380642546392,91.76822989375839,93.08248901367188,484687800,0.0,0.0,0.0
2008-03-17 00:00:00-04:00,90.89925765959272,92.83114145598668,90.5401707595423,92.1417007446289,405311100,0.0,0.0,0.0
2008-03-18 00:00:00-04:00,93.80785624009872,96.01265501893796,93.34822545628167,95.96956634521484,334416600,0.0,0.0,0.0
2008-03-19 00:00:00-04:00,96.33584092599759,96.70210564872927,93.39132372321623,93.59242248535156,345971600,0.0,0.0,0.0
2008-03-20 00:00:00-04:00,93.8608869679568,95.92503297116497,93.29071471883259,95.32599639892578,245320700,0.642,0.0,0.0
2008-03-24 00:00:00-04:00,96.21372054601616,98.01804359582583,96.16320522723274,97.23136138916016,208977300,0.0,0.0,0.0
2008-03-25 00:00:00-04:00,97.3324239004573,97.83041893097302,96.54574152518396,97.32521057128906,192947200,0.0,0.0,0.0
2008-03-26 00:00:00-04:00,97.04370121974075,97.49838307153752,96.06936251371059,96.13431549072266,196934300,0.0,0.0,0.0
2008-03-27 00:00:00-04:00,96.8560614711273,97.02928045270652,95.52808231716267,95.83120727539062,225153200,0.0,0.0,0.0
2008-03-28 00:00:00-04:00,95.98277134409012,96.24980762700285,94.58982824592879,94.91460418701172,180896100,0.0,0.0,0.0
2008-03-31 00:00:00-04:00,94.75580814885471,95.79509980891595,94.61146453222666,95.24658966064453,166692100,0.0,0.0,0.0
2008-04-01 00:00:00-04:00,96.43021097516025,98.76139253367097,96.3580336709408,98.59539794921875,254547300,0.0,0.0,0.0
2008-04-02 00:00:00-04:00,98.91298712257246,99.36045569372794,98.14073160761609,98.6603775024414,210910800,0.0,0.0,0.0
2008-04-03 00:00:00-04:00,98.12629632834054,99.19445234594659,97.94586404773825,98.90575408935547,175884800,0.0,0.0,0.0
2008-04-04 00:00:00-04:00,98.96347994301387,99.56974069097308,98.24175092122944,98.7974853515625,204446800,0.0,0.0,0.0
2008-04-07 00:00:00-04:00,99.50480293297484,100.0100221915388,98.68925641207169,98.84803771972656,154245500,0.0,0.0,0.0
2008-04-08 00:00:00-04:00,98.29232388317344,98.81918323553649,98.1191048711687,98.74701690673828,148937300,0.0,0.0,0.0
2008-04-09 00:00:00-04:00,98.5954338994164,98.73256421980803,97.35405870063832,98.03248596191406,195610600,0.0,0.0,0.0
2008-04-10 00:00:00-04:00,97.73660512254678,98.63876697496956,97.36130270837789,98.16964721679688,192967800,0.0,0.0,0.0
2008-04-11 00:00:00-04:00,97.06535623804226,97.5200381086978,95.99718917910451,96.26423645019531,222973300,0.0,0.0,0.0
2008-04-14 00:00:00-04:00,96.12714033429954,96.37973901610789,95.66523395983525,95.93948364257812,160522000,0.0,0.0,0.0
2008-04-15 00:00:00-04:00,96.40859330663065,96.48798396362642,95.50643175563962,96.1632080078125,172389200,0.0,0.0,0.0
2008-04-16 00:00:00-04:00,97.10143502318411,98.81194059781818,97.08700836933325,98.76863861083984,189268900,0.0,0.0,0.0
2008-04-17 00:00:00-04:00,98.1695687174485,99.05729218682102,97.90974587120421,98.91294860839844,179665700,0.0,0.0,0.0
2008-04-18 00:00:00-04:00,100.27706867625604,100.7245373091386,99.78628703556863,99.945068359375,218530600,0.0,0.0,0.0
2008-04-21 00:00:00-04:00,99.76463156288816,100.30592850266126,99.49038193538226,99.99559020996094,118587400,0.0,0.0,0.0
2008-04-22 00:00:00-04:00,99.73576831373833,99.82237230096719,98.80473140016983,99.55533599853516,162166000,0.0,0.0,0.0
2008-04-23 00:00:00-04:00,99.66358168768379,100.16157659323456,98.96350348896945,99.39654541015625,193309000,0.0,0.0,0.0
2008-04-24 00:00:00-04:00,99.65636325221676,100.85443629507196,98.90575876232869,99.82958221435547,229381300,0.0,0.0,0.0
2008-04-25 00:00:00-04:00,100.6090632938732,100.96271462697653,99.53369364996342,100.75341796875,190788100,0.0,0.0,0.0
2008-04-28 00:00:00-04:00,100.95547195128168,101.22250819929029,100.59460739442146,100.77503967285156,105610200,0.0,0.0,0.0
2008-04-29 00:00:00-04:00,100.60184711488706,100.84723243488035,100.03889913950705,100.37811279296875,125514100,0.0,0.0,0.0
2008-04-30 00:00:00-04:00,100.52965798492792,101.46790817138684,99.7862777709961,99.7862777709961,208395900,0.0,0.0,0.0
2008-05-01 00:00:00-04:00,99.87287222841138,101.85040283203125,99.7934815902047,101.85040283203125,187279500,0.0,0.0,0.0
2008-05-02 00:00:00-04:00,102.73093354100476,102.75258453637885,101.44625642281139,102.13189697265625,181585500,0.0,0.0,0.0
2008-05-05 00:00:00-04:00,101.79993277521649,102.20409947203117,101.33802640561164,101.64115142822266,118504500,0.0,0.0,0.0
2008-05-06 00:00:00-04:00,101.05647489819616,102.62983847765769,100.81830306032472,102.5215835571289,179339800,0.0,0.0,0.0
2008-05-07 00:00:00-04:00,102.40615041359321,102.51440538286921,100.41418188992323,100.6956558227539,199267300,0.0,0.0,0.0
2008-05-08 00:00:00-04:00,100.85444104400348,101.27304529601477,100.30591981109252,100.43583679199219,178321200,0.0,0.0,0.0
2008-05-09 00:00:00-04:00,100.03167424837814,100.60183548630638,99.92340825780249,100.24818420410156,152588200,0.0,0.0,0.0
2008-05-12 00:00:00-04:00,100.50079489151064,101.44625841714517,100.12549260979209,101.37409210205078,147865900,0.0,0.0,0.0
2008-05-13 00:00:00-04:00,101.61950086745355,101.68445386985499,100.84724512984779,101.38854217529297,159132200,0.0,0.0,0.0
2008-05-14 00:00:00-04:00,101.8143221255193,102.62986846142046,101.37406696556627,101.5978012084961,181910800,0.0,0.0,0.0
2008-05-15 00:00:00-04:00,101.79268437763041,102.94024220748108,101.64112740849895,102.8680648803711,166927000,0.0,0.0,0.0
2008-05-16 00:00:00-04:00,103.10625773324915,103.11347106233595,102.20409602517182,102.9619140625,204236800,0.0,0.0,0.0
2008-05-19 00:00:00-04:00,103.07014345726094,104.14552391071635,102.70206553638269,103.24336242675781,165664400,0.0,0.0,0.0
2008-05-20 00:00:00-04:00,102.68040377490979,102.73091908610355,101.76380471976103,102.40614318847656,178552100,0.0,0.0,0.0
2008-05-21 00:00:00-04:00,102.34844829226091,102.57218265262115,100.32039036419924,100.67404174804688,252724800,0.0,0.0,0.0
2008-05-22 00:00:00-04:00,100.63072925711153,101.16481300051764,100.32039088795088,100.68846893310547,170820400,0.0,0.0,0.0
2008-05-23 00:00:00-04:00,100.35647779252717,100.7967331780908,99.25223266381656,99.33883666992188,181376400,0.0,0.0,0.0
2008-05-27 00:00:00-04:00,99.45426375794388,100.32033640203794,99.25939383389158,100.074951171875,168322900,0.0,0.0,0.0
2008-05-28 00:00:00-04:00,100.44305217241383,101.04208873429278,99.59863032380288,100.53688049316406,181288100,0.0,0.0,0.0
2008-05-29 00:00:00-04:00,100.41415255883975,101.71325586153459,100.37806390871825,101.04205322265625,173927200,0.0,0.0,0.0
2008-05-30 00:00:00-04:00,101.38133514872274,101.57620518075856,100.99881942717813,101.29473114013672,117362000,0.0,0.0,0.0
2008-06-02 00:00:00-04:00,100.91939810498599,100.94104910055833,99.59863231150342,100.24818420410156,181069900,0.0,0.0,0.0
2008-06-03 00:00:00-04:00,100.53691750051591,100.76786520459436,99.04293220962458,99.66361999511719,271965700,0.0,0.0,0.0
2008-06-04 00:00:00-04:00,99.38213183113334,100.43586155464544,99.208923830847,99.61309051513672,246637700,0.0,0.0,0.0
2008-06-05 00:00:00-04:00,100.01723186862874,101.68442452544154,99.82958624493709,101.60503387451172,237867100,0.0,0.0,0.0
2008-06-06 00:00:00-04:00,100.71730013833464,100.89773241697274,98.31394086534955,98.36445617675781,384276300,0.0,0.0,0.0
2008-06-09 00:00:00-04:00,98.77588014290082,99.23778649042032,97.72937477881777,98.6026611328125,228263900,0.0,0.0,0.0
2008-06-10 00:00:00-04:00,97.91699222901524,98.94907063770208,97.68604462816832,98.11186218261719,260234900,0.0,0.0,0.0
2008-06-11 00:00:00-04:00,98.1335361466596,98.34283280306552,96.66120217236157,96.66842651367188,283890100,0.0,0.0,0.0
2008-06-12 00:00:00-04:00,97.14474974672832,98.06133785460231,96.36528092914797,97.03648376464844,252791800,0.0,0.0,0.0
2008-06-13 00:00:00-04:00,97.5561210417523,98.53045973100097,97.01482421721686,98.26341247558594,244726900,0.0,0.0,0.0
2008-06-16 00:00:00-04:00,97.83041919043828,98.82639824139498,97.76546618960299,98.3211898803711,185832500,0.0,0.0,0.0
2008-06-17 00:00:00-04:00,98.92743489274432,98.96351254555023,97.70048634133616,97.84484100341797,191707700,0.0,0.0,0.0
2008-06-18 00:00:00-04:00,97.20966758148214,97.80870389172311,96.5023763410147,96.89210510253906,265893000,0.0,0.0,0.0
2008-06-19 00:00:00-04:00,96.81993874565266,97.60663170744297,96.35081931139293,97.01480865478516,304204900,0.0,0.0,0.0
2008-06-20 00:00:00-04:00,96.35406324040483,96.53539805276684,95.17901719799457,95.44013977050781,289275700,0.669,0.0,0.0
2008-06-23 00:00:00-04:00,95.8100571228944,95.91160417332414,95.25155387943008,95.34584045410156,165096400,0.0,0.0,0.0
2008-06-24 00:00:00-04:00,95.05571002874866,96.06393113401926,94.43191783692521,95.15725708007812,267300600,0.0,0.0,0.0
2008-06-25 00:00:00-04:00,95.54164811462373,96.76021224745952,95.19348851492694,95.60692596435547,287853900,0.0,0.0,0.0
2008-06-26 00:00:00-04:00,94.70754848499345,95.32408018923736,92.90144981957663,93.01024627685547,297775000,0.0,0.0,0.0
2008-06-27 00:00:00-04:00,93.04652216141396,93.46722027289228,92.147103001691,92.50251770019531,303423400,0.0,0.0,0.0
2008-06-30 00:00:00-04:00,92.76364267177156,93.50349185705434,92.33569514087048,92.82892608642578,258842600,0.0,0.0,0.0
2008-07-01 00:00:00-04:00,91.7699347542149,93.18434984754592,91.34198718173593,93.11907196044922,388622000,0.0,0.0,0.0
2008-07-02 00:00:00-04:00,93.41640702375409,93.68478998584064,91.35644687407896,91.52327728271484,288064600,0.0,0.0,0.0
2008-07-03 00:00:00-04:00,92.19785774917254,92.19785774917254,90.66013679316062,91.61758422851562,239352500,0.0,0.0,0.0
2008-07-07 00:00:00-04:00,91.96574570876004,92.36467889583166,89.88402048697812,90.68189239501953,372427300,0.0,0.0,0.0
2008-07-08 00:00:00-04:00,90.66014680278028,92.40096202305278,90.08712815968771,92.29216003417969,375973700,0.0,0.0,0.0
2008-07-09 00:00:00-04:00,92.48075976027843,92.65483964092353,90.2249541187079,90.51509094238281,336729400,0.0,0.0,0.0
2008-07-10 00:00:00-04:00,90.25397020562592,91.24043210601376,89.63743290135845,90.88501739501953,436475700,0.0,0.0,0.0
2008-07-11 00:00:00-04:00,89.92030930358375,91.3202143022814,88.84680475961842,89.82601165771484,481124600,0.0,0.0,0.0
2008-07-14 00:00:00-04:00,90.85598051419665,91.03006035502547,88.78151017016707,89.01361846923828,322720800,0.0,0.0,0.0
2008-07-15 00:00:00-04:00,88.34630222199006,89.57212150503341,87.05519401017413,87.75877380371094,502502500,0.0,0.0,0.0
2008-07-16 00:00:00-04:00,88.09242987445823,90.35548981737882,87.83856230086892,89.91303253173828,371642900,0.0,0.0,0.0
2008-07-17 00:00:00-04:00,90.76895852516012,91.58134052410857,90.00735005527723,90.8124771118164,375490600,0.0,0.0,0.0
2008-07-18 00:00:00-04:00,91.51605318914932,91.69738800431395,90.77620957819336,91.37824249267578,267030100,0.0,0.0,0.0
2008-07-21 00:00:00-04:00,91.76266385222146,91.97301288454317,90.80521632842208,91.42900848388672,222863000,0.0,0.0,0.0
2008-07-22 00:00:00-04:00,90.77618335318853,92.69833294540942,90.55857942429643,92.46622467041016,296904200,0.0,0.0,0.0
2008-07-23 00:00:00-04:00,92.76363411053484,93.67755756014957,92.51702142746714,92.96672821044922,311698400,0.0,0.0,0.0
2008-07-24 00:00:00-04:00,93.09001309063858,93.14079213780956,90.78344017289248,91.03730773925781,248634500,0.0,0.0,0.0
2008-07-25 00:00:00-04:00,91.31292719204524,91.7481294896732,90.7906822213327,91.01554107666016,219131000,0.0,0.0,0.0
2008-07-28 00:00:00-04:00,91.03733276888309,91.43626604459686,89.52137082625238,89.68094635009766,205201300,0.0,0.0,0.0
2008-07-29 00:00:00-04:00,89.92753352222084,91.66834273125006,89.68091537947328,91.59580993652344,261505600,0.0,0.0,0.0
2008-07-30 00:00:00-04:00,92.19787147240538,93.27863092714753,91.59583857354622,93.22785186767578,354710000,0.0,0.0,0.0
2008-07-31 00:00:00-04:00,92.40819400443472,93.25684487966521,91.8496798494772,91.9947509765625,277402100,0.0,0.0,0.0
2008-08-01 00:00:00-04:00,92.20512166411548,92.32117305920283,91.00105592842789,91.50879669189453,248690900,0.0,0.0,0.0
2008-08-04 00:00:00-04:00,91.42177241106266,91.49430523934056,90.49333892774537,90.66016387939453,188239600,0.0,0.0,0.0
2008-08-05 00:00:00-04:00,91.40723390786827,93.24959594561223,90.64563114853799,93.10453033447266,251577600,0.0,0.0,0.0
2008-08-06 00:00:00-04:00,92.85791703789297,93.78635022403466,92.46623324988352,93.5179672241211,209555400,0.0,0.0,0.0
2008-08-07 00:00:00-04:00,92.81441342385119,93.16257871248847,91.78443297639436,92.1253433227539,246312500,0.0,0.0,0.0
2008-08-08 00:00:00-04:00,91.81345114031731,94.24333118687734,91.66837995805268,93.83714294433594,260811700,0.0,0.0,0.0
2008-08-11 00:00:00-04:00,93.90966508760141,95.38935215391352,93.73557969894213,94.80908966064453,249425800,0.0,0.0,0.0
2008-08-12 00:00:00-04:00,94.49719967722253,94.80184084399232,93.37292158960607,93.82263946533203,213200800,0.0,0.0,0.0
2008-08-13 00:00:00-04:00,93.41643853949238,94.04023074656506,92.60406210899727,93.25687408447266,256393200,0.0,0.0,0.0
2008-08-14 00:00:00-04:00,92.727367077729,94.497196618844,92.66208920149082,93.96044158935547,239555300,0.0,0.0,0.0
2008-08-15 00:00:00-04:00,94.24331116367928,94.65675979486618,93.78635502180614,94.41739654541016,181000800,0.0,0.0,0.0
2008-08-18 00:00:00-04:00,94.60596855510293,94.64223772176629,92.59678732194259,93.12628173828125,172275100,0.0,0.0,0.0
2008-08-19 00:00:00-04:00,92.42272832135957,92.61857302295952,91.77717681470682,92.11083221435547,194673700,0.0,0.0,0.0
2008-08-20 00:00:00-04:00,92.40095636994025,92.80714453405683,91.63934802832296,92.53877258300781,225498200,0.0,0.0,0.0
2008-08-21 00:00:00-04:00,91.93675578332568,93.16258096461792,91.82795378212761,92.6983642578125,180609800,0.0,0.0,0.0
2008-08-22 00:00:00-04:00,93.3294079995805,94.04023742675781,92.69836633948017,94.04023742675781,167715300,0.0,0.0,0.0
2008-08-25 00:00:00-04:00,93.42369205481809,94.04022373995508,91.93674446723226,92.13258361816406,171936900,0.0,0.0,0.0
2008-08-26 00:00:00-04:00,92.1325929331152,92.74913574838493,91.81344741288919,92.40097045898438,159117200,0.0,0.0,0.0
2008-08-27 00:00:00-04:00,92.51698659865683,93.44541958240558,92.33565185858411,93.30035400390625,171032800,0.0,0.0,0.0
2008-08-28 00:00:00-04:00,93.77182362924638,94.54068118687658,93.64851732922972,94.431884765625,167537100,0.0,0.0,0.0
2008-08-29 00:00:00-04:00,94.09824820862947,94.39563992707708,93.2133335284374,93.41642761230469,189195800,0.0,0.0,0.0
2008-09-02 00:00:00-04:00,94.31586682424657,94.8091032958182,92.4952636601175,92.83617401123047,252364900,0.0,0.0,0.0
2008-09-03 00:00:00-04:00,92.75635528564453,93.20606748673313,92.06728540494375,92.75635528564453,251947000,0.0,0.0,0.0
2008-09-04 00:00:00-04:00,92.09628922031725,92.28487890060369,89.91301738738878,89.96379089355469,340042500,0.0,0.0,0.0
2008-09-05 00:00:00-04:00,89.42707277809698,90.63113300136402,88.49138452357491,90.2467041015625,289503400,0.0,0.0,0.0
2008-09-08 00:00:00-04:00,92.87243512641236,93.01751183444131,90.24671051451224,92.11083221435547,364075300,0.0,0.0,0.0
2008-09-09 00:00:00-04:00,92.19057961880189,92.37916929566245,89.07162544803074,89.37626647949219,377326800,0.0,0.0,0.0
2008-09-10 00:00:00-04:00,89.86226659312406,90.59486068201508,88.89031479118226,89.73896026611328,298916600,0.0,0.0,0.0
2008-09-11 00:00:00-04:00,88.57840874779463,91.2041326254845,88.20122933442507,91.03730773925781,375369400,0.0,0.0,0.0
2008-09-12 00:00:00-04:00,90.15242326646305,91.54507340985819,89.81876784881003,91.4580307006836,297851200,0.0,0.0,0.0
2008-09-15 00:00:00-04:00,88.22301838092933,91.1388855093467,86.9609295296217,87.10599517822266,483607000,0.0,0.0,0.0
2008-09-16 00:00:00-04:00,85.00974107949364,88.72347929746859,84.86467547173372,88.56390380859375,581744300,0.0,0.0,0.0
2008-09-17 00:00:00-04:00,86.77957137428788,88.38257015618774,84.13933743540596,84.58179473876953,624095600,0.0,0.0,0.0
2008-09-18 00:00:00-04:00,85.62627870746888,88.33904525697979,82.54358768587537,87.09146118164062,776114700,0.0,0.0,0.0
2008-09-19 00:00:00-04:00,92.432442977924,93.38084440528803,89.97390399601254,90.55023956298828,501087800,0.691,0.0,0.0
2008-09-22 00:00:00-04:00,90.7909379979404,91.00980147033297,87.80713234883568,88.50019073486328,249966500,0.0,0.0,0.0
2008-09-23 00:00:00-04:00,88.16460433096458,89.01816185628888,86.28969320903025,86.4866714477539,327470400,0.0,0.0,0.0
2008-09-24 00:00:00-04:00,87.07032050367326,87.54452110618458,85.9322435103907,86.763916015625,311818400,0.0,0.0,0.0
2008-09-25 00:00:00-04:00,87.10679276490166,88.93793374585633,86.40643731903064,88.120849609375,328253000,0.0,0.0,0.0
2008-09-26 00:00:00-04:00,86.69095591608314,88.6388200075871,86.45750410248638,88.16461944580078,285917400,0.0,0.0,0.0
2008-09-29 00:00:00-04:00,86.91711913147977,87.06302444174796,80.95679759553815,81.25590515136719,459562300,0.0,0.0,0.0
2008-09-30 00:00:00-04:00,82.80982913966635,85.21000893489874,80.63580425922335,84.61907958984375,328154400,0.0,0.0,0.0
2008-10-01 00:00:00-04:00,84.09376979298439,85.12971708358819,83.1307806917781,84.67010498046875,332783000,0.0,0.0,0.0
2008-10-02 00:00:00-04:00,83.86035885306038,83.97708756013758,81.02245756193648,81.59879302978516,365337800,0.0,0.0,0.0
2008-10-03 00:00:00-04:00,82.33562281968815,84.22512273487224,80.01569278001534,80.49718475341797,461798000,0.0,0.0,0.0
2008-10-06 00:00:00-04:00,78.16994744077488,78.51283097037137,73.42065656273824,76.39717102050781,610637500,0.0,0.0,0.0
2008-10-07 00:00:00-04:00,77.94382896089176,78.30130655035451,72.6984550834463,72.97567749023438,540012100,0.0,0.0,0.0
2008-10-08 00:00:00-04:00,71.14451365952826,74.54416199427791,70.62654256331915,71.13722229003906,725414800,0.0,0.0,0.0
2008-10-09 00:00:00-04:00,72.70573847756613,73.4060940847264,65.84078523463964,66.16907501220703,534485200,0.0,0.0,0.0
2008-10-10 00:00:00-04:00,63.29467790661311,68.53275761495496,60.97474832958305,64.56407165527344,871026300,0.0,0.0,0.0
2008-10-13 00:00:00-04:00,68.48171969023811,73.93865966796875,65.62192710036528,73.93865966796875,455584000,0.0,0.0,0.0
2008-10-14 00:00:00-04:00,76.38257815791579,76.98809565151312,70.8453909048558,72.84432220458984,546268300,0.0,0.0,0.0
2008-10-15 00:00:00-04:00,71.10072700786645,71.34877266235677,65.44681115020917,65.67296600341797,484627500,0.0,0.0,0.0
2008-10-16 00:00:00-04:00,66.59949450878433,69.13828248142647,63.13419057906426,68.40874481201172,708811200,0.0,0.0,0.0
2008-10-17 00:00:00-04:00,67.11016161039768,71.92510861020725,66.86212150046558,68.00019836425781,476649000,0.0,0.0,0.0
2008-10-20 00:00:00-04:00,69.56139524981431,72.29716070719502,68.64217649767426,72.0855941772461,321294200,0.0,0.0,0.0
2008-10-21 00:00:00-04:00,70.74327426052399,71.96160092849405,69.46658323858468,69.93348693847656,356502000,0.0,0.0,0.0
2008-10-22 00:00:00-04:00,67.9929123016817,69.93348528067433,63.856434824478676,66.12529754638672,516168000,0.0,0.0,0.0
2008-10-23 00:00:00-04:00,65.86997280635228,67.44577165998024,62.60164080611598,66.89132690429688,634666400,0.0,0.0,0.0
2008-10-24 00:00:00-04:00,61.32493759615803,65.60002898540966,61.28116711503092,63.49896240234375,545812600,0.0,0.0,0.0
2008-10-27 00:00:00-04:00,62.71834754707446,65.30091128540715,61.06229409968584,61.24467849731445,397288600,0.0,0.0,0.0
2008-10-28 00:00:00-04:00,63.717815202764704,68.75162606329954,61.66781620269581,68.40145111083984,639939500,0.0,0.0,0.0
2008-10-29 00:00:00-04:00,68.40873449196435,70.88916330696658,67.19040810366013,67.90535736083984,531270100,0.0,0.0,0.0
2008-10-30 00:00:00-04:00,69.87511575678944,70.42956593345816,67.77404931257776,70.25447845458984,414582100,0.0,0.0,0.0
2008-10-31 00:00:00-04:00,69.36446768084204,71.91055349663533,68.9267460362771,70.64115905761719,411394000,0.0,0.0,0.0
2008-11-03 00:00:00-05:00,70.6046644083628,71.26854644994181,69.99914672413982,70.84541320800781,205419400,0.0,0.0,0.0
2008-11-04 00:00:00-05:00,72.26798097241416,73.58115066250807,70.55356900796271,73.25286102294922,346793400,0.0,0.0,0.0
2008-11-05 00:00:00-05:00,72.3701211954801,73.47172443102706,69.30606577697517,70.1742172241211,387844100,0.0,0.0,0.0
2008-11-06 00:00:00-05:00,68.91213970723676,69.62708919803842,65.70217228396517,66.28580474853516,477721900,0.0,0.0,0.0
2008-11-07 00:00:00-05:00,66.86211841402879,68.57653056496699,66.02314910776077,68.47439575195312,380391000,0.0,0.0,0.0
2008-11-10 00:00:00-05:00,69.45927281982217,69.69272462445181,66.32955591136464,67.57706451416016,301773000,0.0,0.0,0.0
2008-11-11 00:00:00-05:00,66.21284695727786,67.21960703651273,64.67352187789689,65.4906005859375,418498200,0.0,0.0,0.0
2008-11-12 00:00:00-05:00,64.36709769793734,64.89236003580857,62.09823557042147,62.608909606933594,454330600,0.0,0.0,0.0
2008-11-13 00:00:00-05:00,62.835069921950506,66.92048483311596,59.88773742332059,66.5119400024414,753141900,0.0,0.0,0.0
2008-11-14 00:00:00-05:00,65.2279573496797,67.16122747356907,63.11958863412962,63.19254684448242,540352300,0.0,0.0,0.0
2008-11-17 00:00:00-05:00,63.01745295097089,64.60784506757959,62.12742179578081,62.35357666015625,415254900,0.0,0.0,0.0
2008-11-18 00:00:00-05:00,62.12011445893106,63.630256745110024,60.48595214311673,63.52812194824219,523811800,0.0,0.0,0.0
2008-11-19 00:00:00-05:00,62.674568936354454,63.374924264416855,59.034172824812494,59.457305908203125,558327600,0.0,0.0,0.0
2008-11-20 00:00:00-05:00,58.45784580515755,60.19414885300323,54.751799032279656,55.043609619140625,814180400,0.0,0.0,0.0
2008-11-21 00:00:00-05:00,56.50996453832546,59.01957489558388,54.233805919003046,58.01280975341797,718536500,0.0,0.0,0.0
2008-11-24 00:00:00-05:00,59.76371526953678,63.46247045692369,58.6256384629346,62.03257751464844,523305300,0.0,0.0,0.0
2008-11-25 00:00:00-05:00,63.68863249182076,63.84183471458206,61.149839283089214,62.492191314697266,454112400,0.0,0.0,0.0
2008-11-26 00:00:00-05:00,61.5000420498051,65.06748163699298,61.45626599463438,64.906982421875,370134200,0.0,0.0,0.0
2008-11-28 00:00:00-05:00,64.6588979720115,65.753204075629,64.54947181439269,65.7240219116211,118308100,0.0,0.0,0.0
2008-12-01 00:00:00-05:00,63.84182829668643,63.871010464649714,59.719940301190206,59.90232467651367,369927100,0.0,0.0,0.0
2008-12-02 00:00:00-05:00,60.89449276990025,62.36815599234574,59.85125397786722,62.20765686035156,469508400,0.0,0.0,0.0
2008-12-03 00:00:00-05:00,60.84342349951746,64.07527457552932,60.65374220699925,63.703208923339844,519863500,0.0,0.0,0.0
2008-12-04 00:00:00-05:00,62.78402082731037,64.23580504615384,61.091493366337275,62.229576110839844,444173800,0.0,0.0,0.0
2008-12-05 00:00:00-05:00,61.02582646608141,64.50571866062614,59.99717569225201,64.14824676513672,471905300,0.0,0.0,0.0
2008-12-08 00:00:00-05:00,65.90641153975298,67.39466862775805,64.25766088574572,66.38790893554688,412859300,0.0,0.0,0.0
2008-12-09 00:00:00-05:00,65.92833239129841,67.21231490017277,64.91427530377763,65.29363250732422,370790000,0.0,0.0,0.0
2008-12-10 00:00:00-05:00,65.89184207419744,66.65056191824628,64.92885257327596,65.73863983154297,396187400,0.0,0.0,0.0
2008-12-11 00:00:00-05:00,65.32279955208018,66.38792381571741,63.73970424306714,64.1555404663086,365061000,0.0,0.0,0.0
2008-12-12 00:00:00-05:00,62.41194147464813,64.97991127758438,62.156598871852765,64.92154693603516,415060400,0.0,0.0,0.0
2008-12-15 00:00:00-05:00,64.94345548472559,65.03829896527056,62.951820316328465,64.0169448852539,256694200,0.0,0.0,0.0
2008-12-16 00:00:00-05:00,67.02993774414062,67.13207260105044,64.33064984135439,67.02993774414062,377699500,0.0,0.0,0.0
2008-12-17 00:00:00-05:00,66.2711987303709,67.43116651048936,65.70216024296325,66.38063049316406,281819800,0.0,0.0,0.0
2008-12-18 00:00:00-05:00,66.67974393022106,66.87671665145882,64.35251698953526,65.14041900634766,374673300,0.0,0.0,0.0
2008-12-19 00:00:00-05:00,65.52947215629736,66.64737428149898,64.78665612939093,64.8602066040039,301451300,0.719,0.0,0.0
2008-12-22 00:00:00-05:00,65.1470233150473,65.2132119964837,62.874449863488174,64.02912139892578,243759500,0.0,0.0,0.0
2008-12-23 00:00:00-05:00,64.37482146334196,64.66900662468815,63.10247863635894,63.367244720458984,221625200,0.0,0.0,0.0
2008-12-24 00:00:00-05:00,63.58049571306762,63.889393084999256,63.249541056635,63.734947204589844,62061600,0.0,0.0,0.0
2008-12-26 00:00:00-05:00,64.16151654528569,64.20564795239468,63.61727782059124,64.1026840209961,74767700,0.0,0.0,0.0
2008-12-29 00:00:00-05:00,64.16153606389669,64.22773038914048,62.955381976777026,63.91883850097656,127795900,0.0,0.0,0.0
2008-12-30 00:00:00-05:00,64.36008261574082,65.49269127454717,63.89673939420815,65.43385314941406,168256300,0.0,0.0,0.0
2008-12-31 00:00:00-05:00,65.51478156573704,66.90480058938985,65.36033563101059,66.36791229248047,193987200,0.0,0.0,0.0
2009-01-02 00:00:00-05:00,66.51499823240924,68.72137803460471,66.08107395353153,68.36835479736328,227566300,0.0,0.0,0.0
2009-01-05 00:00:00-05:00,68.12565822830537,68.88318674662654,67.58141939583602,68.28746032714844,240349700,0.0,0.0,0.0
2009-01-06 00:00:00-05:00,68.86843498571804,69.46415545310593,68.16239445852574,68.743408203125,328260900,0.0,0.0,0.0
2009-01-07 00:00:00-05:00,67.66230601083883,67.85352714241598,66.33847604009448,66.68414306640625,280899200,0.0,0.0,0.0
2009-01-08 00:00:00-05:00,66.30905807893332,66.99303030438342,65.9486787379233,66.95626068115234,263834400,0.0,0.0,0.0
2009-01-09 00:00:00-05:00,67.04453275035874,67.16220342636088,62.77886273133277,65.52212524414062,330953600,0.0,0.0,0.0
2009-01-12 00:00:00-05:00,65.3382532875582,65.3897408660177,63.551091159216355,63.94823455810547,277858500,0.0,0.0,0.0
2009-01-13 00:00:00-05:00,63.78643760607456,64.63221197579966,63.39663915789876,64.06591033935547,356432300,0.0,0.0,0.0
2009-01-14 00:00:00-05:00,62.91124129404823,63.06568720161649,61.16084873049413,62.05075454711914,435491600,0.0,0.0,0.0
2009-01-15 00:00:00-05:00,61.8669098852112,62.69797783534374,60.101804401641154,62.072837829589844,532647300,0.0,0.0,0.0
2009-01-16 00:00:00-05:00,63.146590098672455,63.24219786966224,61.07994948896581,62.55821990966797,399237200,0.0,0.0,0.0
2009-01-20 00:00:00-05:00,61.947786291694776,62.55821370922564,58.87356386163081,59.25600051879883,419855200,0.0,0.0,0.0
2009-01-21 00:00:00-05:00,60.263593400300074,61.95514801130911,59.182466316788634,61.81541442871094,364360700,0.0,0.0,0.0
2009-01-22 00:00:00-05:00,60.616565228490515,61.80801153205915,59.69724093561322,60.85926818847656,427940300,0.0,0.0,0.0
2009-01-23 00:00:00-05:00,59.49870360190899,61.77127186855269,59.2560005022344,61.12406921386719,386800600,0.0,0.0,0.0
2009-01-26 00:00:00-05:00,61.47707581794944,62.77884267550882,60.90341812930799,61.543270111083984,317978800,0.0,0.0,0.0
2009-01-27 00:00:00-05:00,61.87424901497175,62.62442137216886,61.263821467235005,62.168434143066406,273789700,0.0,0.0,0.0
2009-01-28 00:00:00-05:00,63.54376936742416,64.68372943570859,63.301066128152975,64.2718734741211,330007000,0.0,0.0,0.0
2009-01-29 00:00:00-05:00,63.33044384979237,64.34537635415874,62.1242902262452,62.183128356933594,294392500,0.0,0.0,0.0
2009-01-30 00:00:00-05:00,62.49936846188875,62.80826019261718,60.46214192827251,60.918128967285156,383383600,0.0,0.0,0.0
2009-02-02 00:00:00-05:00,59.991474869712555,61.17556597572559,59.800253689375445,60.734291076660156,288233300,0.0,0.0,0.0
2009-02-03 00:00:00-05:00,61.11671987525814,62.043400970519606,60.46951714823413,61.5874137878418,278385800,0.0,0.0,0.0
2009-02-04 00:00:00-05:00,61.99926267935635,62.786204431962304,61.07258177078343,61.285865783691406,322989300,0.0,0.0,0.0
2009-02-05 00:00:00-05:00,60.8225221920356,62.72736595975971,57.16729176088059,62.19783401489258,417679400,0.0,0.0,0.0
2009-02-06 00:00:00-05:00,62.41113678742726,64.23507446678659,62.278753761416134,63.970314025878906,366101700,0.0,0.0,0.0
2009-02-09 00:00:00-05:00,63.95559166682419,64.52924948598854,63.484897783863,64.05855560302734,240075200,0.0,0.0,0.0
2009-02-10 00:00:00-05:00,63.44811944609821,64.00707050898453,60.638663014518,61.12406921386719,536212800,0.0,0.0,0.0
2009-02-11 00:00:00-05:00,61.37414260171073,61.815423147016254,60.601912869656495,61.48446273803711,324442500,0.0,0.0,0.0
2009-02-12 00:00:00-05:00,60.432747882641486,61.64625802553326,59.60903625972506,61.528587341308594,469302200,0.0,0.0,0.0
2009-02-13 00:00:00-05:00,61.4476557931502,61.95511913436983,60.85192966311838,60.866641998291016,293998400,0.0,0.0,0.0
2009-02-17 00:00:00-05:00,58.954460382265275,61.01374445982162,58.22635113877039,58.263126373291016,478910100,0.0,0.0,0.0
2009-02-18 00:00:00-05:00,58.682368206364366,58.79268835515671,57.57182176778889,58.123416900634766,362964800,0.0,0.0,0.0
2009-02-19 00:00:00-05:00,58.71912502231906,58.94712144298539,57.380588016772535,57.49826431274414,316867500,0.0,0.0,0.0
2009-02-20 00:00:00-05:00,56.43182949212285,57.615914535912594,55.72578318926744,56.939292907714844,477176600,0.0,0.0,0.0
2009-02-23 00:00:00-05:00,57.56445367895524,57.56445367895524,54.85796056292931,54.90209197998047,379641400,0.0,0.0,0.0
2009-02-24 00:00:00-05:00,55.37276275036023,57.32908267923995,54.93883859967644,56.983421325683594,426260900,0.0,0.0,0.0
2009-02-25 00:00:00-05:00,56.73338848893576,57.67477646645443,55.62284222899656,56.53481674194336,461985800,0.0,0.0,0.0
2009-02-26 00:00:00-05:00,57.23347231523478,58.594071606767265,55.54926896757769,55.61546325683594,363353900,0.0,0.0,0.0
2009-02-27 00:00:00-05:00,54.43138528455776,55.666958061881495,54.28428994730888,54.3725471496582,470510900,0.0,0.0,0.0
2009-03-02 00:00:00-05:00,53.33551598576356,54.36516032139587,51.75428268262881,51.92343521118164,426452600,0.0,0.0,0.0
2009-03-03 00:00:00-05:00,52.66628899124143,52.732477695320505,51.21743195006928,51.5336799621582,443761000,0.0,0.0,0.0
2009-03-04 00:00:00-05:00,52.386817127155055,53.59297105197859,51.533680852413625,52.754547119140625,462753100,0.0,0.0,0.0
2009-03-05 00:00:00-05:00,51.55574210386206,52.75454543047469,50.13630415578919,50.599647521972656,485549400,0.0,0.0,0.0
2009-03-06 00:00:00-05:00,51.040927644244036,51.813157315732546,49.34936731621529,50.687904357910156,490470000,0.0,0.0,0.0
2009-03-09 00:00:00-04:00,49.97449444627261,51.48218937969472,49.81269799298592,50.09217071533203,379905300,0.0,0.0,0.0
2009-03-10 00:00:00-04:00,51.121816145528534,53.225231781913386,51.01885221461012,53.0781364440918,406227900,0.0,0.0,0.0
2009-03-11 00:00:00-04:00,53.68857124251791,54.24016615254378,52.82808452954482,53.423805236816406,356648300,0.0,0.0,0.0
2009-03-12 00:00:00-04:00,53.409102886255646,55.71109047946551,52.931052802822904,55.527225494384766,409702700,0.0,0.0,0.0
2009-03-13 00:00:00-04:00,55.90229572083252,56.61569255763471,54.96090816299095,55.96112823486328,337474700,0.0,0.0,0.0
2009-03-16 00:00:00-04:00,56.60100087929732,57.34381704978772,55.75522075778224,55.791996002197266,360644900,0.0,0.0,0.0
2009-03-17 00:00:00-04:00,55.946443229085055,57.63064734015488,55.490455998867034,57.49826431274414,356814300,0.0,0.0,0.0
2009-03-18 00:00:00-04:00,57.226139288584854,59.498713546166364,56.68190047411321,58.785316467285156,473273200,0.0,0.0,0.0
2009-03-19 00:00:00-04:00,59.52074924800958,59.57223119867507,57.87332121560196,58.057186126708984,428520400,0.0,0.0,0.0
2009-03-20 00:00:00-04:00,58.3393971743745,58.45050685387749,56.687580922321715,56.8209114074707,371078200,0.561,0.0,0.0
2009-03-23 00:00:00-04:00,58.32458820546412,60.95415985569635,58.00607675755943,60.90230941772461,419933300,0.0,0.0,0.0
2009-03-24 00:00:00-04:00,60.17638658837128,61.00599909490256,59.63566149896503,59.70232391357422,330271000,0.0,0.0,0.0
2009-03-25 00:00:00-04:00,60.16903850105266,61.25789849534684,58.561662445014704,60.331993103027344,441775100,0.0,0.0,0.0
2009-03-26 00:00:00-04:00,60.92454237632459,61.70230475227704,60.23566890516742,61.56156539916992,422025200,0.0,0.0,0.0
2009-03-27 00:00:00-04:00,60.77637874639947,61.13192293955649,60.22823916743341,60.45045852661133,322332300,0.0,0.0,0.0
2009-03-30 00:00:00-04:00,59.10977756859826,59.16162802264205,57.74684246744267,58.36164474487305,324108500,0.0,0.0,0.0
2009-03-31 00:00:00-04:00,58.931996274648874,60.05789985522839,58.55423112508596,58.902366638183594,364238300,0.0,0.0,0.0
2009-04-01 00:00:00-04:00,58.16905984256919,60.3097519354585,58.02091729027747,60.0430908203125,377018300,0.0,0.0,0.0
2009-04-02 00:00:00-04:00,61.53933179669362,62.67263825375356,60.094917063142155,61.798583984375,476230700,0.0,0.0,0.0
2009-04-03 00:00:00-04:00,61.84304950216935,62.42822218124206,61.235656005746904,62.41341018676758,284646300,0.0,0.0,0.0
2009-04-06 00:00:00-04:00,61.73194779780369,62.428230305513814,60.95419083296695,61.924537658691406,264866600,0.0,0.0,0.0
2009-04-07 00:00:00-04:00,60.92453955460222,61.220830238922105,60.37640546193902,60.480106353759766,258947800,0.0,0.0,0.0
2009-04-08 00:00:00-04:00,60.78378643886734,61.43562692696681,60.39861259239595,61.131927490234375,230402800,0.0,0.0,0.0
2009-04-09 00:00:00-04:00,62.7170797253737,63.56891318400843,62.4652363582902,63.56150436401367,269653500,0.0,0.0,0.0
2009-04-13 00:00:00-04:00,62.90227064764788,64.10224536988828,62.6504272406019,63.576332092285156,224847500,0.0,0.0,0.0
2009-04-14 00:00:00-04:00,62.98376459778061,63.52449563681116,62.28007901603667,62.480072021484375,276598800,0.0,0.0,0.0
2009-04-15 00:00:00-04:00,62.1022935838963,63.27263878739324,61.93193023920925,63.1467170715332,250726100,0.0,0.0,0.0
2009-04-16 00:00:00-04:00,63.650389027052334,64.5540728631451,62.791146805431865,64.07260131835938,335202900,0.0,0.0,0.0
2009-04-17 00:00:00-04:00,64.31705444665745,64.92444778889033,63.80595317225462,64.50223541259766,262649000,0.0,0.0,0.0
2009-04-20 00:00:00-04:00,63.361511581749156,64.48000605005896,61.731915906814734,61.798583984375,293690100,0.0,0.0,0.0
2009-04-21 00:00:00-04:00,61.346761272575215,63.05783189910817,61.294910818779535,63.0059814453125,114090900,0.0,0.0,0.0
2009-04-22 00:00:00-04:00,62.43564186134291,63.95412304081681,62.272681637405505,62.62082290649414,340395200,0.0,0.0,0.0
2009-04-23 00:00:00-04:00,62.74671526038188,63.27262850403701,61.94673216386098,63.235595703125,324903700,0.0,0.0,0.0
2009-04-24 00:00:00-04:00,63.7244795231336,64.67260526018254,63.47263609666287,64.1911392211914,287703000,0.0,0.0,0.0
2009-04-27 00:00:00-04:00,63.46521591999349,64.45037993821506,63.36151503926219,63.5837287902832,289581600,0.0,0.0,0.0
2009-04-28 00:00:00-04:00,62.93932144451898,64.13929075079659,62.783770077085805,63.38375473022461,247926300,0.0,0.0,0.0
2009-04-29 00:00:00-04:00,64.08747083150908,65.45040662853327,63.92451621508356,64.73190307617188,311505700,0.0,0.0,0.0
2009-04-30 00:00:00-04:00,65.59108789055935,65.93922329307878,64.38370460602006,64.75406646728516,301419800,0.0,0.0,0.0
2009-05-01 00:00:00-04:00,64.76891033709744,65.33926534787243,64.2355881366827,65.10223388671875,236110300,0.0,0.0,0.0
2009-05-04 00:00:00-04:00,65.5911185573191,67.36144862977233,65.46519117064446,67.31700134277344,287120000,0.0,0.0,0.0
2009-05-05 00:00:00-04:00,67.0873794555664,67.35404057549871,66.54664839257138,67.0873794555664,243036300,0.0,0.0,0.0
2009-05-06 00:00:00-04:00,67.90957283256652,68.29474680494286,67.11699842195772,68.25030517578125,291941000,0.0,0.0,0.0
2009-05-07 00:00:00-04:00,68.89474283538156,68.99844374630953,66.87256376973455,67.30218505859375,317728000,0.0,0.0,0.0
2009-05-08 00:00:00-04:00,68.1688141486287,69.05027732738174,67.73178979527094,68.87250518798828,299081700,0.0,0.0,0.0
2009-05-11 00:00:00-04:00,67.92434266639953,68.22804201390674,67.43546809522707,67.58361053466797,247923600,0.0,0.0,0.0
2009-05-12 00:00:00-04:00,67.87252655165842,68.02067471724833,66.55403895991903,67.38365173339844,282431300,0.0,0.0,0.0
2009-05-13 00:00:00-04:00,66.47255868431057,66.67255729444449,65.55406266547884,65.68739318847656,269619100,0.0,0.0,0.0
2009-05-14 00:00:00-04:00,65.71701367559155,66.75402808222078,65.55405354224317,66.25033569335938,260098700,0.0,0.0,0.0
2009-05-15 00:00:00-04:00,66.19849810971986,66.66515214024257,65.29481403205925,65.7096176147461,271502700,0.0,0.0,0.0
2009-05-18 00:00:00-04:00,66.33182422307972,67.65771496534614,65.60591235044053,67.57624053955078,241447400,0.0,0.0,0.0
2009-05-19 00:00:00-04:00,67.53920786254554,68.12438044279145,67.26513797520755,67.49476623535156,206102200,0.0,0.0,0.0
2009-05-20 00:00:00-04:00,68.10956931667043,68.73918923563114,66.9688593335248,67.04293060302734,285722200,0.0,0.0,0.0
2009-05-21 00:00:00-04:00,66.26515226850299,66.51700130600153,65.37628594488585,66.07997131347656,258988400,0.0,0.0,0.0
2009-05-22 00:00:00-04:00,66.26516749549477,66.66515912841835,65.68740368725257,65.93924713134766,166811900,0.0,0.0,0.0
2009-05-26 00:00:00-04:00,65.45036735660857,67.82068168838485,65.42073772105198,67.62809753417969,236318500,0.0,0.0,0.0
2009-05-27 00:00:00-04:00,67.73180767005003,67.96143031283496,66.31702204847285,66.42072296142578,246015800,0.0,0.0,0.0
2009-05-28 00:00:00-04:00,67.00590909359762,67.6577443419053,65.9985237499458,67.34664154052734,289095000,0.0,0.0,0.0
2009-05-29 00:00:00-04:00,67.71698055313199,69.40583021503515,67.1688464254367,68.5391845703125,258641500,0.0,0.0,0.0
2009-06-01 00:00:00-04:00,69.38362231640886,70.4947084219824,69.20585012187442,70.19841766357422,276246800,0.0,0.0,0.0
2009-06-02 00:00:00-04:00,69.92431364216421,70.64281648637373,69.79839197805633,70.25763702392578,230874500,0.0,0.0,0.0
2009-06-03 00:00:00-04:00,69.65769450570832,69.72435696158227,68.70956856921421,69.36881256103516,235310500,0.0,0.0,0.0
2009-06-04 00:00:00-04:00,69.6280395304819,70.12432313678696,69.10953511363697,70.02062225341797,210102300,0.0,0.0,0.0
2009-06-05 00:00:00-04:00,70.73170737130042,70.86503786870604,69.47988811089196,70.03543090820312,284257900,0.0,0.0,0.0
2009-06-08 00:00:00-04:00,69.50951448674621,70.4428280008078,68.91693887325337,69.74655151367188,238565100,0.0,0.0,0.0
2009-06-09 00:00:00-04:00,70.13916554002076,70.4724891183446,69.64287610723072,70.10212707519531,225125500,0.0,0.0,0.0
2009-06-10 00:00:00-04:00,70.72434563570913,70.73174880842667,69.02808662270517,69.92436218261719,296100400,0.0,0.0,0.0
2009-06-11 00:00:00-04:00,70.05769378388696,71.19100086672218,70.04287613568115,70.23546600341797,275414200,0.0,0.0,0.0
2009-06-12 00:00:00-04:00,69.92430912861694,70.47244301150201,69.62801855769139,70.4280014038086,184361800,0.0,0.0,0.0
2009-06-15 00:00:00-04:00,69.59841316335883,69.64285478652282,68.44288575089868,68.81324768066406,224190500,0.0,0.0,0.0
2009-06-16 00:00:00-04:00,69.0577134167601,69.10215505633839,67.83551746686702,67.87995910644531,227319000,0.0,0.0,0.0
2009-06-17 00:00:00-04:00,67.85029573693511,68.39102657189132,67.27994092450284,67.81326293945312,223445200,0.0,0.0,0.0
2009-06-18 00:00:00-04:00,67.91697231337747,68.64287852912909,67.5910520076178,68.30955505371094,211725100,0.0,0.0,0.0
2009-06-19 00:00:00-04:00,68.9635760287077,69.05296134112469,68.17396977544736,68.56132507324219,215655600,0.518,0.0,0.0
2009-06-22 00:00:00-04:00,67.89092349682369,67.9281711749478,66.48304764833823,66.5053939819336,251913600,0.0,0.0,0.0
2009-06-23 00:00:00-04:00,66.64690899700766,66.9523182728394,66.1850640650129,66.5575180053711,188309800,0.0,0.0,0.0
2009-06-24 00:00:00-04:00,67.16090051428397,67.84621443385102,66.74374821625483,67.131103515625,211577700,0.0,0.0,0.0
2009-06-25 00:00:00-04:00,66.79590202824633,68.65817211278446,66.72141236150425,68.59113311767578,279411000,0.0,0.0,0.0
2009-06-26 00:00:00-04:00,68.36021780232234,68.71032553894554,67.98776373071435,68.41236114501953,167579000,0.0,0.0,0.0
2009-06-29 00:00:00-04:00,68.61346272256611,69.14234661565824,68.23355812663947,69.0529556274414,168481300,0.0,0.0,0.0
2009-06-30 00:00:00-04:00,69.06786020982989,69.3211261635413,67.9877403634826,68.49427795410156,228888200,0.0,0.0,0.0
2009-07-01 00:00:00-04:00,68.78481162732461,69.44778506873406,68.68797561971093,68.7773666381836,173041100,0.0,0.0,0.0
2009-07-02 00:00:00-04:00,67.88348617346779,68.7997258134354,66.86296551728147,66.90020751953125,212309900,0.0,0.0,0.0
2009-07-06 00:00:00-04:00,66.25213214261098,66.98958961383796,66.04355877161329,66.89275360107422,174499600,0.0,0.0,0.0
2009-07-07 00:00:00-04:00,66.8256795392915,66.90761985376591,65.55188785500165,65.5965805053711,197088900,0.0,0.0,0.0
2009-07-08 00:00:00-04:00,65.99139575482167,66.1478314331021,64.80699478496204,65.5519027709961,248050500,0.0,0.0,0.0
2009-07-09 00:00:00-04:00,66.00630445985871,66.22232848188878,65.48487108474994,65.67854309082031,163777600,0.0,0.0,0.0
2009-07-10 00:00:00-04:00,65.32843230522609,65.91691033404008,65.0677156299787,65.52210998535156,173520300,0.0,0.0,0.0
2009-07-13 00:00:00-04:00,65.78283986584862,67.1683695418058,65.24650506442025,67.11622619628906,217413500,0.0,0.0,0.0
2009-07-14 00:00:00-04:00,67.32482334187048,67.55574882483829,66.84063739825508,67.49615478515625,181487400,0.0,0.0,0.0
2009-07-15 00:00:00-04:00,68.3900107666869,69.65635794520405,67.54826666056968,69.47013092041016,220877900,0.0,0.0,0.0
2009-07-16 00:00:00-04:00,69.27644284542082,70.40125549796956,69.1423591803276,69.35838317871094,231174500,0.0,0.0,0.0
2009-07-17 00:00:00-04:00,70.06605886622924,70.25973657678969,69.67870912830654,70.11820220947266,138561700,0.0,0.0,0.0
2009-07-20 00:00:00-04:00,70.52789940094247,70.9822937983096,70.16289602186322,70.86310577392578,164179400,0.0,0.0,0.0
2009-07-21 00:00:00-04:00,71.41431629893201,71.43666262470558,70.33419652657766,71.19084167480469,217718300,0.0,0.0,0.0
2009-07-22 00:00:00-04:00,70.73645049907546,71.60799134110924,70.68430717561692,71.17594909667969,196068100,0.0,0.0,0.0
2009-07-23 00:00:00-04:00,71.22069993636347,73.06062478375546,71.16110589423889,72.74776458740234,258795500,0.0,0.0,0.0
2009-07-24 00:00:00-04:00,72.40506340829369,73.10527882507206,72.02516437779269,73.04568481445312,154003100,0.0,0.0,0.0
2009-07-27 00:00:00-04:00,72.9115882154508,73.29894353265402,72.50933723983054,73.2616958618164,159259400,0.0,0.0,0.0
2009-07-28 00:00:00-04:00,72.74772644673983,73.27661050610723,72.30077704833566,72.91905212402344,186685200,0.0,0.0,0.0
2009-07-29 00:00:00-04:00,72.58381967384318,73.06800520944896,72.2411627592195,72.74024963378906,194399300,0.0,0.0,0.0
2009-07-30 00:00:00-04:00,73.6192719522374,74.36418008325298,73.44794058149668,73.50008392333984,225575400,0.0,0.0,0.0
2009-07-31 00:00:00-04:00,73.48518015524034,74.09600452796569,73.28405179946154,73.60436248779297,207358000,0.0,0.0,0.0
2009-08-03 00:00:00-04:00,74.37907425429472,74.88561200055939,73.97682318962589,74.81857299804688,175776900,0.0,0.0,0.0
2009-08-04 00:00:00-04:00,74.48333836983834,75.11650894003942,74.3269083948378,75.01222229003906,176714600,0.0,0.0,0.0
2009-08-05 00:00:00-04:00,75.06438819413054,75.13143287969538,74.17795140249058,74.79622650146484,184726400,0.0,0.0,0.0
2009-08-06 00:00:00-04:00,75.13889470222581,75.2506263894176,74.05877436604904,74.40888214111328,193203800,0.0,0.0,0.0
2009-08-07 00:00:00-04:00,75.19101733780718,76.00296435146072,74.78131565363519,75.38468933105469,220640900,0.0,0.0,0.0
2009-08-10 00:00:00-04:00,75.04204444933275,75.39960285722104,74.6919367141416,75.228271484375,130898700,0.0,0.0,0.0
2009-08-11 00:00:00-04:00,74.89305416783961,74.94519750271591,74.08855212986467,74.28968048095703,157301000,0.0,0.0,0.0
2009-08-12 00:00:00-04:00,74.16304091703549,75.65285696234804,74.12579892582099,75.08673095703125,219052400,0.0,0.0,0.0
2009-08-13 00:00:00-04:00,75.4294043780339,75.69012110605308,74.68449619329424,75.66032409667969,176449500,0.0,0.0,0.0
2009-08-14 00:00:00-04:00,75.62303363504941,75.68262762008455,74.26730173307371,75.07925415039062,199616100,0.0,0.0,0.0
2009-08-17 00:00:00-04:00,73.63416174624264,73.70865141676842,73.08293136451488,73.2319107055664,237667500,0.0,0.0,0.0
2009-08-18 00:00:00-04:00,73.39580336472002,74.07367254844917,73.26171966261968,73.81295013427734,173461500,0.0,0.0,0.0
2009-08-19 00:00:00-04:00,73.23189176872454,74.71426253989357,73.15740211746085,74.46099090576172,192812800,0.0,0.0,0.0
2009-08-20 00:00:00-04:00,74.55785302158326,75.39960285722104,74.39397800463247,75.228271484375,174131300,0.0,0.0,0.0
2009-08-21 00:00:00-04:00,75.84655569345853,76.8223836553911,75.6975763208516,76.70320129394531,224605000,0.0,0.0,0.0
2009-08-24 00:00:00-04:00,77.01604280540468,77.43318949462206,76.42011409235351,76.69573211669922,191279000,0.0,0.0,0.0
2009-08-25 00:00:00-04:00,77.00113365536832,77.66410124881537,76.68082302277733,76.8447036743164,215310600,0.0,0.0,0.0
2009-08-26 00:00:00-04:00,76.60635179687937,77.20228059310547,76.34563507972977,76.8521728515625,194620700,0.0,0.0,0.0
2009-08-27 00:00:00-04:00,76.80748211256606,77.26187655239626,75.93594091480585,77.02350616455078,196230100,0.0,0.0,0.0
2009-08-28 00:00:00-04:00,77.64175938313167,77.73114470132953,76.47969909778902,77.00858306884766,147024400,0.0,0.0,0.0
2009-08-31 00:00:00-04:00,76.25624895865641,76.41267898734635,75.824200869971,76.32328796386719,176051600,0.0,0.0,0.0
2009-09-01 00:00:00-04:00,75.94338264171697,76.90431482483213,74.48336336849336,74.6397933959961,321276800,0.0,0.0,0.0
2009-09-02 00:00:00-04:00,74.32692296726162,74.81856499925063,74.17049296159165,74.35671997070312,171805000,0.0,0.0,0.0
2009-09-03 00:00:00-04:00,74.78875623550418,75.0643685284037,74.1853769562884,74.97498321533203,143572300,0.0,0.0,0.0
2009-09-04 00:00:00-04:00,75.12399134370446,76.0476759266838,74.90052229210549,76.02532958984375,142687900,0.0,0.0,0.0
2009-09-08 00:00:00-04:00,76.72553220473043,76.76277988199236,76.27113782148349,76.68083953857422,132909100,0.0,0.0,0.0
2009-09-09 00:00:00-04:00,76.81492324356819,77.53003431827293,76.57655288533329,77.26931762695312,154612500,0.0,0.0,0.0
2009-09-10 00:00:00-04:00,77.32144925903447,78.11104988554543,76.88940127414492,78.05890655517578,162902400,0.0,0.0,0.0
2009-09-11 00:00:00-04:00,78.2079099483588,78.43883535381667,77.67902581090121,78.04402923583984,152360100,0.0,0.0,0.0
2009-09-14 00:00:00-04:00,77.38106231257208,78.55801864079146,76.8372825053508,78.42393493652344,149593800,0.0,0.0,0.0
2009-09-15 00:00:00-04:00,78.5505729442361,79.0422151187677,78.03659011464272,78.75170135498047,196795900,0.0,0.0,0.0
2009-09-16 00:00:00-04:00,79.03473854226203,79.95842288123865,78.75912621644319,79.94352722167969,206406300,0.0,0.0,0.0
2009-09-17 00:00:00-04:00,79.83180106832555,80.49476883392484,79.38485733737741,79.82435607910156,229170900,0.0,0.0,0.0
2009-09-18 00:00:00-04:00,80.19708818535156,80.20457434671314,79.60580706368258,79.87525177001953,153799100,0.508,0.0,0.0
2009-09-21 00:00:00-04:00,79.25403829032655,80.0848252520997,79.08189653660042,79.67317199707031,151892000,0.0,0.0,0.0
2009-09-22 00:00:00-04:00,80.14469319230483,80.36174618075263,79.78543169515417,80.13720703125,143126700,0.0,0.0,0.0
2009-09-23 00:00:00-04:00,80.32430112620565,80.85570422369618,79.32885323317707,79.47106170654297,225947400,0.0,0.0,0.0
2009-09-24 00:00:00-04:00,79.64323791510331,79.81537966698235,78.25110873519223,78.59539794921875,228636800,0.0,0.0,0.0
2009-09-25 00:00:00-04:00,78.42325386285482,78.85735990759272,77.90681716445047,78.17626190185547,204059000,0.0,0.0,0.0
2009-09-28 00:00:00-04:00,78.47565769154284,79.74803708353303,78.4606910750517,79.57588958740234,118285800,0.0,0.0,0.0
2009-09-29 00:00:00-04:00,79.71805604496907,80.09976452176146,79.17168061210958,79.33634185791016,133733900,0.0,0.0,0.0
2009-09-30 00:00:00-04:00,79.6058174530813,79.68066194566111,78.30350500933253,79.02950286865234,254383000,0.0,0.0,0.0
2009-10-01 00:00:00-04:00,77.09099525476412,79.13428336966565,77.0535701574264,77.06854248046875,281840600,0.0,0.0,0.0
2009-10-02 00:00:00-04:00,76.3575217477879,77.16585605494271,76.33506896874515,76.70929718017578,224748800,0.0,0.0,0.0
2009-10-05 00:00:00-04:00,77.01613346137106,78.07893974779167,76.79159434834501,77.85440063476562,149875000,0.0,0.0,0.0
2009-10-06 00:00:00-04:00,78.415773171862,79.41870770001712,78.37086761591758,78.96963500976562,202491100,0.0,0.0,0.0
2009-10-07 00:00:00-04:00,78.78996663026041,79.26898376032175,78.6402777029245,79.18665313720703,159200300,0.0,0.0,0.0
2009-10-08 00:00:00-04:00,79.74800979985854,80.21204898582943,79.224087037602,79.79291534423828,183305800,0.0,0.0,0.0
2009-10-09 00:00:00-04:00,79.81535884419353,80.27940368652344,79.60579204774355,80.27940368652344,135008300,0.0,0.0,0.0
2009-10-12 00:00:00-04:00,80.65364312630412,80.9006293368352,80.29438163148151,80.59376525878906,118031000,0.0,0.0,0.0
2009-10-13 00:00:00-04:00,80.37670833267994,80.61621408073484,79.90518299720958,80.4291000366211,157692700,0.0,0.0,0.0
2009-10-14 00:00:00-04:00,81.37217236040122,81.89608950245946,80.39917685627185,81.81375885009766,191421600,0.0,0.0,0.0
2009-10-15 00:00:00-04:00,81.41706417070507,82.11312866210938,81.37964478702727,82.11312866210938,173873600,0.0,0.0,0.0
2009-10-16 00:00:00-04:00,81.43204658210003,81.78381624154134,81.0054267254937,81.49940490722656,192069400,0.0,0.0,0.0
2009-10-19 00:00:00-04:00,81.63413752875296,82.42749946806256,81.37966509926461,82.17302703857422,159530400,0.0,0.0,0.0
2009-10-20 00:00:00-04:00,82.29276288974985,82.32270182515894,81.34222595915003,81.73890686035156,180921100,0.0,0.0,0.0
2009-10-21 00:00:00-04:00,81.61167993655766,82.56221697511411,80.94555425128745,81.00543212890625,225379300,0.0,0.0,0.0
2009-10-22 00:00:00-04:00,80.97549555650025,82.09069393596427,80.45905883991614,81.8287353515625,238444000,0.0,0.0,0.0
2009-10-23 00:00:00-04:00,82.09818079715122,82.15057251447745,80.55635679676547,80.8931655883789,240033200,0.0,0.0,0.0
2009-10-26 00:00:00-04:00,80.98295181792535,81.81373858762339,79.79290929986809,80.01744842529297,242028200,0.0,0.0,0.0
2009-10-27 00:00:00-04:00,80.10725447292359,80.37669912239338,79.45610132859392,79.65069580078125,253266300,0.0,0.0,0.0
2009-10-28 00:00:00-04:00,79.44865201948173,79.6956440144358,78.10142814724988,78.1463394165039,248821400,0.0,0.0,0.0
2009-10-29 00:00:00-04:00,78.73010774602888,79.98002820163465,78.54299370021002,79.8228530883789,198110600,0.0,0.0,0.0
2009-10-30 00:00:00-04:00,79.56090618909617,79.80041197432229,77.42032073539542,77.5101318359375,325608100,0.0,0.0,0.0
2009-11-02 00:00:00-05:00,77.9367709341984,78.89480002187528,77.15089505910807,78.0789794921875,254222900,0.0,0.0,0.0
2009-11-03 00:00:00-05:00,77.64482997960077,78.43819728530408,77.49514105187306,78.325927734375,228362600,0.0,0.0,0.0
2009-11-04 00:00:00-05:00,78.96960721908887,79.58334101217923,78.32593449581519,78.52801513671875,247996700,0.0,0.0,0.0
2009-11-05 00:00:00-05:00,79.08187529212273,79.99498694933587,78.9172140343454,79.9725341796875,180015300,0.0,0.0,0.0
2009-11-06 00:00:00-05:00,79.53096038369253,80.38420002676469,79.37378526104953,80.18211364746094,170954100,0.0,0.0,0.0
2009-11-09 00:00:00-05:00,80.79581537747215,82.05322156856413,80.7359432428606,82.00831604003906,159495700,0.0,0.0,0.0
2009-11-10 00:00:00-05:00,81.8137485991222,82.27779351699385,81.55927622208372,82.0233154296875,171899800,0.0,0.0,0.0
2009-11-11 00:00:00-05:00,82.56221678052651,82.94393111161084,82.04578579052045,82.44246673583984,169466200,0.0,0.0,0.0
2009-11-12 00:00:00-05:00,82.33017511990248,82.75679488984038,81.3946049480854,81.60417175292969,157144500,0.0,0.0,0.0
2009-11-13 00:00:00-05:00,81.81375104617786,82.39754600886194,81.39461737251092,82.0457763671875,150963000,0.0,0.0,0.0
2009-11-16 00:00:00-05:00,82.61460448439796,83.59508612211435,82.56969893360444,83.23582458496094,210922200,0.0,0.0,0.0
2009-11-17 00:00:00-05:00,83.01877957641364,83.3705549855943,82.70442927001478,83.3331298828125,147134100,0.0,0.0,0.0
2009-11-18 00:00:00-05:00,83.27322786332847,83.40046403074825,82.75679132345566,83.28070831298828,156486800,0.0,0.0,0.0
2009-11-19 00:00:00-05:00,82.71187869531683,83.31064010199702,81.67900570409724,82.19544219970703,208734600,0.0,0.0,0.0
2009-11-20 00:00:00-05:00,81.76884210499895,82.1505563764007,81.58921421092016,81.903564453125,134196000,0.0,0.0,0.0
2009-11-23 00:00:00-05:00,82.86906421992438,83.63248696546687,82.77924742798585,82.94390869140625,148010200,0.0,0.0,0.0
2009-11-24 00:00:00-05:00,83.07865315440998,83.2283421372474,82.33768298190803,83.0711669921875,138420100,0.0,0.0,0.0
2009-11-25 00:00:00-05:00,83.20590770602843,83.45289972140858,82.94394907317216,83.36308288574219,109564800,0.0,0.0,0.0
2009-11-27 00:00:00-05:00,81.13262397220687,82.56965798766467,81.0502933630672,82.00831604003906,126001800,0.0,0.0,0.0
2009-11-30 00:00:00-05:00,81.94100434068606,82.47988812020458,80.92310324003638,82.28529357910156,160874800,0.0,0.0,0.0
2009-12-01 00:00:00-05:00,83.0187598708965,83.57262156720269,82.87655707667095,83.30317687988281,159613700,0.0,0.0,0.0
2009-12-02 00:00:00-05:00,83.28822273562841,83.83459839034627,83.018777989503,83.2657699584961,132315100,0.0,0.0,0.0
2009-12-03 00:00:00-05:00,83.49028389157705,83.9618091995089,82.5472275654462,82.61458587646484,167324900,0.0,0.0,0.0
2009-12-04 00:00:00-05:00,83.70736562933757,84.11153279275254,82.3601474615572,83.08615112304688,274907800,0.0,0.0,0.0
2009-12-07 00:00:00-05:00,83.01129024466297,83.47532949201455,82.69693426162065,82.95889282226562,127973800,0.0,0.0,0.0
2009-12-08 00:00:00-05:00,82.36012835456319,82.90649823204576,81.7838138308826,82.03829193115234,169863700,0.0,0.0,0.0
2009-12-09 00:00:00-05:00,82.0158217450256,82.46489426810031,81.59668244125785,82.34513854980469,155063400,0.0,0.0,0.0
2009-12-10 00:00:00-05:00,82.85410201848799,83.16845797353176,82.6669879617974,82.80919647216797,138014600,0.0,0.0,0.0
2009-12-11 00:00:00-05:00,83.16098022460938,83.34809430022766,82.78675207337282,83.16098022460938,124854000,0.0,0.0,0.0
2009-12-14 00:00:00-05:00,83.72978973388672,83.82708697557291,83.17592808354864,83.72978973388672,107141500,0.0,0.0,0.0
2009-12-15 00:00:00-05:00,83.42292206425238,83.7672112091366,83.07863291936816,83.34059143066406,120408800,0.0,0.0,0.0
2009-12-16 00:00:00-05:00,83.67740700920089,83.9243932200171,83.2807204191565,83.46783447265625,155358200,0.0,0.0,0.0
2009-12-17 00:00:00-05:00,82.8690718205485,83.02624693815642,82.39006030680976,82.46490478515625,183390100,0.0,0.0,0.0
2009-12-18 00:00:00-05:00,82.92392342551027,82.99917658975407,82.23163794614621,82.93144989013672,174591200,0.59,0.0,0.0
2009-12-21 00:00:00-05:00,83.34532953575405,84.05266228997931,83.34532953575405,83.77424621582031,118039600,0.0,0.0,0.0
2009-12-22 00:00:00-05:00,83.95482536805979,84.25582078209563,83.84947783429875,84.07522583007812,91707500,0.0,0.0,0.0
2009-12-23 00:00:00-05:00,84.27841027811341,84.3611841760603,83.90216737508612,84.24078369140625,111783100,0.0,0.0,0.0
2009-12-24 00:00:00-05:00,84.42137348731694,84.72988964252619,84.27839936555564,84.63959503173828,39677500,0.0,0.0,0.0
2009-12-28 00:00:00-05:00,84.95563808757491,85.02335904601344,84.51919499649208,84.8201904296875,87508500,0.0,0.0,0.0
2009-12-29 00:00:00-05:00,85.03839765399755,85.05344483966857,84.69225497346999,84.69977569580078,80572500,0.0,0.0,0.0
2009-12-30 00:00:00-05:00,84.45145435131836,84.76749689904524,84.40630131520805,84.66967010498047,73138400,0.0,0.0,0.0
2009-12-31 00:00:00-05:00,84.85783468647637,84.88041408653018,83.81940618346786,83.8570327758789,90637900,0.0,0.0,0.0
2010-01-04 00:00:00-05:00,84.5568348724195,85.32436789377836,83.90969659866086,85.27922058105469,118944600,0.0,0.0,0.0
2010-01-05 00:00:00-05:00,85.22656584926315,85.54260859098174,84.91804383400508,85.5049819946289,111579900,0.0,0.0,0.0
2010-01-06 00:00:00-05:00,85.42217328121302,85.77584247522753,85.35445232457717,85.56514739990234,116074400,0.0,0.0,0.0
2010-01-07 00:00:00-05:00,85.40712884356047,86.03169336625015,85.16633364386222,85.92634582519531,131091100,0.0,0.0,0.0
2010-01-08 00:00:00-05:00,85.70061255661136,86.24992975033221,85.52754402696755,86.2123031616211,126402800,0.0,0.0,0.0
2010-01-11 00:00:00-05:00,86.59607918423205,86.63370003481369,85.96398803973517,86.33271026611328,106375700,0.0,0.0,0.0
2010-01-12 00:00:00-05:00,85.76076498299996,85.94135987789079,85.19640091308393,85.52749633789062,163333500,0.0,0.0,0.0
2010-01-13 00:00:00-05:00,85.7457538613096,86.49071893030164,85.30931646430706,86.24992370605469,161822000,0.0,0.0,0.0
2010-01-14 00:00:00-05:00,86.15208925752364,86.6412061281666,86.09941548628582,86.48318481445312,115718800,0.0,0.0,0.0
2010-01-15 00:00:00-05:00,86.33267104912512,86.41543917921167,85.18136331688645,85.51245880126953,212283100,0.0,0.0,0.0
2010-01-19 00:00:00-05:00,85.49740319495339,86.63365214806302,85.47482380787096,86.58097839355469,139172700,0.0,0.0,0.0
2010-01-20 00:00:00-05:00,85.99403802491253,86.12195917612536,85.01581036498037,85.70056915283203,216490200,0.0,0.0,0.0
2010-01-21 00:00:00-05:00,85.72315406332326,85.98652286249157,83.94728767320377,84.0526351928711,344859600,0.0,0.0,0.0
2010-01-22 00:00:00-05:00,83.67639987643315,84.08274280612169,82.0886547356354,82.178955078125,345942400,0.0,0.0,0.0
2010-01-25 00:00:00-05:00,82.9314679379467,83.08196855817636,82.32948268006305,82.60037231445312,186937500,0.0,0.0,0.0
2010-01-26 00:00:00-05:00,82.27679271009102,83.12710531863769,82.05105041992773,82.25421905517578,211168800,0.0,0.0,0.0
2010-01-27 00:00:00-05:00,82.1488720663215,82.83363688882172,81.5167867603314,82.64551544189453,271863600,0.0,0.0,0.0
2010-01-28 00:00:00-05:00,82.9164013405275,82.96154864552422,81.20073485852865,81.69737243652344,316104000,0.0,0.0,0.0
2010-01-29 00:00:00-05:00,82.05103544625187,82.62292614411955,80.68151180154943,80.80943298339844,310677600,0.0,0.0,0.0
2010-02-01 00:00:00-05:00,81.38132683703017,82.07361227965674,80.89221000045332,82.06608581542969,187865000,0.0,0.0,0.0
2010-02-02 00:00:00-05:00,82.21660671760176,83.21740854879928,81.93065841639262,83.05938720703125,216327900,0.0,0.0,0.0
2010-02-03 00:00:00-05:00,82.68313628667339,83.1346323521074,82.40472021946816,82.64551544189453,172730700,0.0,0.0,0.0
2010-02-04 00:00:00-05:00,82.00588039237114,82.04350122647097,80.07951341876745,80.09456634521484,356715700,0.0,0.0,0.0
2010-02-05 00:00:00-05:00,80.18486342459823,80.42565858613419,78.69494515665995,80.26011657714844,493585800,0.0,0.0,0.0
2010-02-08 00:00:00-05:00,80.32029845994215,80.764267878092,79.62048673449233,79.6806869506836,224166900,0.0,0.0,0.0
2010-02-09 00:00:00-05:00,80.6137842326315,81.38132279740921,79.96664612546982,80.68151092529297,337820500,0.0,0.0,0.0
2010-02-10 00:00:00-05:00,80.55362918187465,80.9674930402751,79.84629049960964,80.52352905273438,240511500,0.0,0.0,0.0
2010-02-11 00:00:00-05:00,80.41814417896924,81.45657231820213,79.95160100516375,81.36627197265625,223591600,0.0,0.0,0.0
2010-02-12 00:00:00-05:00,80.5084185415196,81.34367786953,80.14722873216881,81.29853057861328,304622100,0.0,0.0,0.0
2010-02-16 00:00:00-05:00,81.91559630742738,82.66055556609975,81.13301046618137,82.5777816772461,159317500,0.0,0.0,0.0
2010-02-17 00:00:00-05:00,82.9765758974669,83.08192915216411,82.57775948978855,82.96905517578125,168845100,0.0,0.0,0.0
2010-02-18 00:00:00-05:00,82.83364155989707,83.63127470272421,82.80354143777004,83.45820617675781,193708600,0.0,0.0,0.0
2010-02-19 00:00:00-05:00,83.2399508975108,83.95480985033169,83.04430305339844,83.63124084472656,222684900,0.0,0.0,0.0
2010-02-22 00:00:00-05:00,83.93981612847766,83.96238979005874,83.39802528648137,83.64634704589844,132346900,0.0,0.0,0.0
2010-02-23 00:00:00-05:00,83.42057502127678,83.67641743383145,82.41224107877018,82.63046264648438,207497000,0.0,0.0,0.0
2010-02-24 00:00:00-05:00,82.87877427867991,83.52591243793027,82.66807920190263,83.39046478271484,176350700,0.0,0.0,0.0
2010-02-25 00:00:00-05:00,82.20154821231922,83.33780339200942,81.9758059141033,83.27760314941406,259634700,0.0,0.0,0.0
2010-02-26 00:00:00-05:00,83.3528348819373,83.61620945843039,82.85619732659927,83.33026123046875,173589300,0.0,0.0,0.0
2010-03-01 00:00:00-05:00,83.67639316548046,84.2783839184445,83.65381951692095,84.19561004638672,147709700,0.0,0.0,0.0
2010-03-02 00:00:00-05:00,84.55681333539316,84.83522934762362,84.27839158215286,84.42888641357422,160992400,0.0,0.0,0.0
2010-03-03 00:00:00-05:00,84.64711113417638,85.00830678064037,84.29344195187063,84.50414276123047,150785000,0.0,0.0,0.0
2010-03-04 00:00:00-05:00,84.61701276054208,84.8803873424114,84.30097015151108,84.7599868774414,135770400,0.0,0.0,0.0
2010-03-05 00:00:00-05:00,85.30928847964302,86.03919463735319,85.1061141671082,85.97147369384766,176118800,0.0,0.0,0.0
2010-03-08 00:00:00-05:00,85.97905153919152,86.1746937646879,85.83607736277969,85.986572265625,114631200,0.0,0.0,0.0
2010-03-09 00:00:00-05:00,85.73068489215099,86.5283177933959,85.68553759314001,86.12950134277344,154556700,0.0,0.0,0.0
2010-03-10 00:00:00-05:00,86.16710204474064,86.74651325842902,86.0918546553147,86.51324462890625,186088800,0.0,0.0,0.0
2010-03-11 00:00:00-05:00,86.31011686489485,86.89706059707211,86.04674798950109,86.87448120117188,160791100,0.0,0.0,0.0
2010-03-12 00:00:00-05:00,87.25071253148225,87.26576546008793,86.6412009661856,86.88199615478516,162074800,0.0,0.0,0.0
2010-03-15 00:00:00-04:00,86.73150303787051,86.96477176680153,86.23485972219898,86.90457153320312,146816800,0.0,0.0,0.0
2010-03-16 00:00:00-04:00,87.14538955191753,87.67965384776618,86.90459429546446,87.59688568115234,168673000,0.0,0.0,0.0
2010-03-17 00:00:00-04:00,87.86024644264033,88.40203715463578,87.60439827708193,88.1160888671875,177468100,0.0,0.0,0.0
2010-03-18 00:00:00-04:00,88.12361952030349,88.24401427257261,87.7172764669986,88.0709457397461,196509100,0.0,0.0,0.0
2010-03-19 00:00:00-04:00,87.62515258789062,88.62252409308547,87.28513603735507,87.62515258789062,226641100,0.48,0.0,0.0
2010-03-22 00:00:00-04:00,87.12648032049603,88.25230580853858,87.07358961576382,88.0936279296875,184477800,0.0,0.0,0.0
2010-03-23 00:00:00-04:00,88.22206462935185,88.788753112235,87.9349387753129,88.71319580078125,182941600,0.0,0.0,0.0
2010-03-24 00:00:00-04:00,88.3807309073286,88.72829912890778,87.33046878254608,88.28250122070312,196072600,0.0,0.0,0.0
2010-03-25 00:00:00-04:00,88.8794470019991,89.28746352731827,88.0331956291787,88.13897705078125,223396300,0.0,0.0,0.0
2010-03-26 00:00:00-04:00,88.3051568646797,88.72072485394344,87.73846852642306,88.0860366821289,205808500,0.0,0.0,0.0
2010-03-29 00:00:00-04:00,88.5318485320117,88.80385945635362,88.1691711426579,88.64518737792969,134513500,0.0,0.0,0.0
2010-03-30 00:00:00-04:00,88.75096066977795,89.0305290289263,88.3353926255145,88.70562744140625,145772500,0.0,0.0,0.0
2010-03-31 00:00:00-04:00,88.36559981899734,88.7962827283101,88.10870387100289,88.40338134765625,161078700,0.0,0.0,0.0
2010-04-01 00:00:00-04:00,89.00786590576172,89.34787666119051,88.47895324051898,89.00786590576172,161215200,0.0,0.0,0.0
2010-04-05 00:00:00-04:00,89.34786562937911,89.79365770988377,89.09852136503642,89.73321533203125,105847600,0.0,0.0,0.0
2010-04-06 00:00:00-04:00,89.47629880367434,90.10343520792503,89.37807491184579,89.94476318359375,110384200,0.0,0.0,0.0
2010-04-07 00:00:00-04:00,89.76343587372686,90.18656132531775,89.01540311011192,89.43097686767578,184576300,0.0,0.0,0.0
2010-04-08 00:00:00-04:00,89.12117422042475,89.89187350676265,88.85672084360341,89.74075317382812,158704000,0.0,0.0,0.0
2010-04-09 00:00:00-04:00,89.92965929790844,90.36789966532615,89.76343556011558,90.33012390136719,133006500,0.0,0.0,0.0
2010-04-12 00:00:00-04:00,90.44345451972366,90.70791368356664,90.33767316004716,90.47367858886719,110279000,0.0,0.0,0.0
2010-04-13 00:00:00-04:00,90.38299211917868,90.70033612789163,89.91452779823305,90.54166412353516,125043600,0.0,0.0,0.0
2010-04-14 00:00:00-04:00,90.8741177331278,91.56925964355469,90.73056064160583,91.56925964355469,161609000,0.0,0.0,0.0
2010-04-15 00:00:00-04:00,91.41814356933065,91.85638385032921,91.3879195053324,91.64482116699219,144615300,0.0,0.0,0.0
2010-04-16 00:00:00-04:00,91.3199305489191,91.64483206973956,89.72564701241068,90.18655395507812,366786700,0.0,0.0,0.0
2010-04-19 00:00:00-04:00,89.92209390920965,90.61723011842929,89.51407767388915,90.52655792236328,217947800,0.0,0.0,0.0
2010-04-20 00:00:00-04:00,91.0932428526836,91.41059264500682,90.57189359712204,91.33502960205078,157708000,0.0,0.0,0.0
2010-04-21 00:00:00-04:00,91.38792236610601,91.59949082071667,90.66256210139379,91.16880798339844,192910100,0.0,0.0,0.0
2010-04-22 00:00:00-04:00,90.52655482891076,91.55414995727332,90.00520557213696,91.44081115722656,115360300,0.0,0.0,0.0
2010-04-23 00:00:00-04:00,91.3803802391146,92.07551651164977,91.14614515243854,92.03773498535156,177335500,0.0,0.0,0.0
2010-04-26 00:00:00-04:00,92.06797016746157,92.27198121065662,91.59951146686245,91.69017791748047,143457300,0.0,0.0,0.0
2010-04-27 00:00:00-04:00,91.16126139969693,91.68261072938378,89.34785763928843,89.52164459228516,355853300,0.0,0.0,0.0
2010-04-28 00:00:00-04:00,89.95233691150561,90.42835307059919,89.36297615997972,90.20167541503906,300674100,0.0,0.0,0.0
2010-04-29 00:00:00-04:00,90.74565494658981,91.5087965495386,90.72298834451254,91.31990051269531,193775000,0.0,0.0,0.0
2010-04-30 00:00:00-04:00,91.33501702743057,91.43324666388925,89.7482913428715,89.77095794677734,270000900,0.0,0.0,0.0
2010-05-03 00:00:00-04:00,90.20163747560925,91.18389921702077,90.06563209240842,90.93455505371094,182747900,0.0,0.0,0.0
2010-05-04 00:00:00-04:00,89.92212803976976,89.9372371958567,88.3429531723102,88.79630279541016,360353400,0.0,0.0,0.0
2010-05-05 00:00:00-04:00,88.07091856711591,89.00784740289707,87.62512652423995,88.26737213134766,328973200,0.0,0.0,0.0
2010-05-06 00:00:00-04:00,87.84424873190186,88.4033796041848,79.3363663114479,85.33570861816406,647356600,0.0,0.0,0.0
2010-05-07 00:00:00-04:00,85.10901127990773,85.96281942540257,82.66847732839176,84.0663070678711,637558800,0.0,0.0,0.0
2010-05-10 00:00:00-04:00,87.50423284877343,88.13892678104835,86.82421145907779,87.76869201660156,396159600,0.0,0.0,0.0
2010-05-11 00:00:00-04:00,86.94510992830527,88.67539915976862,86.8242194034997,87.51935577392578,317849800,0.0,0.0,0.0
2010-05-12 00:00:00-04:00,87.86693307226072,88.87186196515974,87.71581269476484,88.743408203125,235607100,0.0,0.0,0.0
2010-05-13 00:00:00-04:00,88.5016170935479,88.91719090579379,87.56469385689218,87.64025115966797,234452500,0.0,0.0,0.0
2010-05-14 00:00:00-04:00,86.98286855986446,87.141540574515,85.28280384834319,86.05349731445312,345601400,0.0,0.0,0.0
2010-05-17 00:00:00-04:00,86.28774254950345,86.52952934478179,84.45167209125945,86.09884643554688,325739800,0.0,0.0,0.0
2010-05-18 00:00:00-04:00,86.80151910651087,87.05842075665183,84.6481050838831,84.92767333984375,360556800,0.0,0.0,0.0
2010-05-19 00:00:00-04:00,84.45165874847983,85.20724308492903,83.38628783170499,84.44410705566406,394742700,0.0,0.0,0.0
2010-05-20 00:00:00-04:00,82.64582685020446,83.03117654212741,81.20266351716282,81.25555419921875,530418300,0.0,0.0,0.0
2010-05-21 00:00:00-04:00,80.02393553773949,82.64580820194176,79.60836186917608,82.44180297851562,500909400,0.0,0.0,0.0
2010-05-24 00:00:00-04:00,81.99602426241255,82.65338482750491,81.3084453913718,81.38400268554688,269823000,0.0,0.0,0.0
2010-05-25 00:00:00-04:00,79.41947665037799,81.50489120599129,78.8678975025897,81.46710968017578,396505200,0.0,0.0,0.0
2010-05-26 00:00:00-04:00,81.96579447501614,82.71382138247706,80.73418827033821,80.9759750366211,349719300,0.0,0.0,0.0
2010-05-27 00:00:00-04:00,82.50224764536988,83.71873877179604,82.19245533004313,83.68851470947266,300870500,0.0,0.0,0.0
2010-05-28 00:00:00-04:00,83.5978880361049,83.65833619366173,82.24539077520217,82.63829803466797,297933500,0.0,0.0,0.0
2010-06-01 00:00:00-04:00,81.86754941336078,83.07648301729337,81.1270801029865,81.24797058105469,277909400,0.0,0.0,0.0
2010-06-02 00:00:00-04:00,81.66356722125546,83.3711838959587,81.23288432334864,83.36363220214844,240243700,0.0,0.0,0.0
2010-06-03 00:00:00-04:00,83.60543123722323,83.915217903721,82.79695600291831,83.65076446533203,226618300,0.0,0.0,0.0
2010-06-04 00:00:00-04:00,82.06402948144063,82.6080512204187,80.43952172328439,80.71153259277344,398475600,0.0,0.0,0.0
2010-06-07 00:00:00-04:00,80.99865275386566,81.30844515312333,79.64616162753452,79.70660400390625,264609100,0.0,0.0,0.0
2010-06-08 00:00:00-04:00,79.7670436324206,80.71908157566374,79.07190737878655,80.56040954589844,357774300,0.0,0.0,0.0
2010-06-09 00:00:00-04:00,81.02886405143626,81.81467246691838,79.7897061790436,80.12972259521484,268023300,0.0,0.0,0.0
2010-06-10 00:00:00-04:00,81.49734878143678,82.57027744255929,80.12218515199245,82.47205352783203,317890600,0.0,0.0,0.0
2010-06-11 00:00:00-04:00,81.74671604087926,82.92542640754085,81.69382533890482,82.8725357055664,214128200,0.0,0.0,0.0
2010-06-14 00:00:00-04:00,83.50719286376192,83.96054815626641,82.66094194901113,82.74405670166016,207196100,0.0,0.0,0.0
2010-06-15 00:00:00-04:00,83.32584408487102,84.70100741896697,83.18228120870481,84.62545013427734,238268700,0.0,0.0,0.0
2010-06-16 00:00:00-04:00,84.1872441985587,84.9428288833736,84.02101464555484,84.59526062011719,216374000,0.0,0.0,0.0
2010-06-17 00:00:00-04:00,84.83701304120315,84.87479456596444,83.90764748444919,84.73123168945312,263185800,0.0,0.0,0.0
2010-06-18 00:00:00-04:00,84.89902162919594,85.12677194158849,84.54979984986473,84.82310485839844,174006600,0.531,0.0,0.0
2010-06-21 00:00:00-04:00,85.87837334882704,85.93910329710421,84.10948400748718,84.5801773071289,213140700,0.0,0.0,0.0
2010-06-22 00:00:00-04:00,84.58016619978174,84.95216242447319,83.06180764274764,83.18327331542969,239355400,0.0,0.0,0.0
2010-06-23 00:00:00-04:00,83.2364161338317,83.53249559086773,82.35577117733635,82.92515563964844,254639900,0.0,0.0,0.0
2010-06-24 00:00:00-04:00,82.5152170624812,82.62150172313049,81.33848658690454,81.55105590820312,268523600,0.0,0.0,0.0
2010-06-25 00:00:00-04:00,81.79400314681884,82.31024547282773,81.0575980561214,81.8927001953125,238726500,0.0,0.0,0.0
2010-06-28 00:00:00-04:00,82.01411867036072,82.23428130823285,81.33844972299455,81.63452911376953,169218600,0.0,0.0,0.0
2010-06-29 00:00:00-04:00,80.48820291991818,81.6193844732372,78.61303453958467,79.11408996582031,373649500,0.0,0.0,0.0
2010-06-30 00:00:00-04:00,78.89391866401787,79.62273016346371,78.10437142493183,78.36249542236328,284101700,0.0,0.0,0.0
2010-07-01 00:00:00-04:00,78.30932400957259,78.5674421190451,76.77577900973876,78.01324462890625,382924800,0.0,0.0,0.0
2010-07-02 00:00:00-04:00,78.27899082121482,78.51433458903672,77.147815101971,77.588134765625,233385200,0.0,0.0,0.0
2010-07-06 00:00:00-04:00,78.68135208503456,79.23555559225579,77.3451947271931,78.09678649902344,256935300,0.0,0.0,0.0
2010-07-07 00:00:00-04:00,78.29415420491414,80.65520214294433,78.2106440237945,80.55651092529297,253769400,0.0,0.0,0.0
2010-07-08 00:00:00-04:00,81.23220434530883,81.44477367293763,80.40470149245678,81.35367584228516,210842100,0.0,0.0,0.0
2010-07-09 00:00:00-04:00,81.33087831066437,81.9685919501237,81.17904476378664,81.96099853515625,144999900,0.0,0.0,0.0
2010-07-12 00:00:00-04:00,81.68771274076894,82.17358715561332,81.34608428385896,82.01416015625,131283600,0.0,0.0,0.0
2010-07-13 00:00:00-04:00,82.86441912037247,83.57804370108352,82.69739875294705,83.25160217285156,213025900,0.0,0.0,0.0
2010-07-14 00:00:00-04:00,82.98587174142034,83.57044293547362,82.64424343783503,83.2439956665039,184426800,0.0,0.0,0.0
2010-07-15 00:00:00-04:00,83.21364234940991,83.55527071270556,82.12042231953846,83.26678466796875,232337900,0.0,0.0,0.0
2010-07-16 00:00:00-04:00,82.81889125376689,82.9099948815326,80.81465777956186,80.97409057617188,282693400,0.0,0.0,0.0
2010-07-19 00:00:00-04:00,81.27014539375496,81.710464980422,80.6400251923171,81.45234680175781,186709000,0.0,0.0,0.0
2010-07-20 00:00:00-04:00,80.37432291327531,82.41651150349564,80.33636162750628,82.35578155517578,258162400,0.0,0.0,0.0
2010-07-21 00:00:00-04:00,82.78091595304761,82.80369040652172,80.95129096291058,81.28533172607422,264527000,0.0,0.0,0.0
2010-07-22 00:00:00-04:00,82.2494790977599,83.46417055996896,82.24189147537777,83.09976196289062,274781300,0.0,0.0,0.0
2010-07-23 00:00:00-04:00,82.93273976103119,83.94244955500342,82.69739604667602,83.82098388671875,222020800,0.0,0.0,0.0
2010-07-26 00:00:00-04:00,83.96524210684471,84.77756384888514,83.72989834175465,84.69405364990234,184445700,0.0,0.0,0.0
2010-07-27 00:00:00-04:00,85.15715758418202,85.24826120340317,84.35242922000694,84.68647003173828,204855600,0.0,0.0,0.0
2010-07-28 00:00:00-04:00,84.5118430528596,84.76996703776193,83.85894836361561,84.13984680175781,163056200,0.0,0.0,0.0
2010-07-29 00:00:00-04:00,84.66367624740661,84.89143236300758,83.06181319144002,83.72988891601562,220149100,0.0,0.0,0.0
2010-07-30 00:00:00-04:00,82.87961027391516,84.16262526022079,82.73537013250535,83.71470642089844,220070600,0.0,0.0,0.0
2010-08-02 00:00:00-04:00,85.02052336323227,85.74174747189234,84.67889485371174,85.60509490966797,188263200,0.0,0.0,0.0
2010-08-03 00:00:00-04:00,85.39247181542038,85.61262866796044,84.91418525253304,85.19508361816406,146657300,0.0,0.0,0.0
2010-08-04 00:00:00-04:00,85.43043986816707,85.87076522219579,85.1495472532796,85.76448059082031,158171700,0.0,0.0,0.0
2010-08-05 00:00:00-04:00,85.21786400612515,85.7189250513027,85.08880493403186,85.67337036132812,140473800,0.0,0.0,0.0
2010-08-06 00:00:00-04:00,84.8306672749846,85.46078729032298,84.20814067209322,85.32413482666016,239728300,0.0,0.0,0.0
2010-08-09 00:00:00-04:00,85.72655889268589,85.92394721012491,85.27105229189488,85.77970123291016,120800400,0.0,0.0,0.0
2010-08-10 00:00:00-04:00,85.05087769128092,85.7721016850249,84.54982223768097,85.31658935546875,242916300,0.0,0.0,0.0
2010-08-11 00:00:00-04:00,84.00319292565008,84.03356079350284,82.84164949265497,82.97830200195312,273406900,0.0,0.0,0.0
2010-08-12 00:00:00-04:00,81.72564263192605,82.76571443654962,81.68768135481932,82.46963500976562,239542600,0.0,0.0,0.0
2010-08-13 00:00:00-04:00,82.21151879314853,82.7201674827038,82.12800861521225,82.22669982910156,158698500,0.0,0.0,0.0
2010-08-16 00:00:00-04:00,81.66493840158685,82.45448577487944,81.36885886061211,82.18877410888672,147895300,0.0,0.0,0.0
2010-08-17 00:00:00-04:00,82.89477352438503,83.80578619065793,82.65942404847067,83.19844055175781,172270300,0.0,0.0,0.0
2010-08-18 00:00:00-04:00,83.1604859715132,83.79819368640672,82.68220518534305,83.35028076171875,182922100,0.0,0.0,0.0
2010-08-19 00:00:00-04:00,82.91754102826096,83.12251683377951,81.55860976388618,81.90023803710938,265847600,0.0,0.0,0.0
2010-08-20 00:00:00-04:00,81.65730356043268,81.94579533037125,81.04237033221958,81.63452911376953,209714200,0.0,0.0,0.0
2010-08-23 00:00:00-04:00,82.02174691327514,82.42411108739081,81.28534193404633,81.32330322265625,163490300,0.0,0.0,0.0
2010-08-24 00:00:00-04:00,80.43504195505712,80.76908268987779,79.69104950832879,80.1161880493164,280677800,0.0,0.0,0.0
2010-08-25 00:00:00-04:00,79.67586801313519,80.73112681378656,79.17481266943933,80.42745971679688,272234800,0.0,0.0,0.0
2010-08-26 00:00:00-04:00,80.80706471646984,80.9133493790037,79.62274080353879,79.88845825195312,224439500,0.0,0.0,0.0
2010-08-27 00:00:00-04:00,80.38949542257235,81.20941045472249,79.1899907413244,81.12590026855469,272649000,0.0,0.0,0.0
2010-08-30 00:00:00-04:00,80.91335712549727,81.163887764918,79.94160823668021,79.9491958618164,167238600,0.0,0.0,0.0
2010-08-31 00:00:00-04:00,79.65311630325746,80.45785055787431,79.32666886791296,79.9491958618164,273933100,0.0,0.0,0.0
2010-09-01 00:00:00-04:00,81.02722190922564,82.45447713128347,80.97407958159795,82.3405990600586,256828100,0.0,0.0,0.0
2010-09-02 00:00:00-04:00,82.53799908291023,83.12256477004854,82.36338524322572,83.10738372802734,156112200,0.0,0.0,0.0
2010-09-03 00:00:00-04:00,83.91965986772261,84.26128815182997,83.47174117905702,84.18537139892578,212197300,0.0,0.0,0.0
2010-09-07 00:00:00-04:00,83.79059240572542,83.89687700754804,83.1680658270173,83.23638916015625,141973700,0.0,0.0,0.0
2010-09-08 00:00:00-04:00,83.40343298181955,84.1550188185601,83.36547170243671,83.82098388671875,149924400,0.0,0.0,0.0
2010-09-09 00:00:00-04:00,84.76240219535897,84.78517665627595,83.9804481461129,84.20819854736328,147017900,0.0,0.0,0.0
2010-09-10 00:00:00-04:00,84.36001861687161,84.73201490816126,84.17022376326352,84.6333236694336,127819000,0.0,0.0,0.0
2010-09-13 00:00:00-04:00,85.46840713364125,85.74929976820255,85.12677297279646,85.57469177246094,178503500,0.0,0.0,0.0
2010-09-14 00:00:00-04:00,85.40767498116017,86.00742734941065,85.08882105132938,85.52155303955078,209823600,0.0,0.0,0.0
2010-09-15 00:00:00-04:00,85.27102166322148,85.94669079998397,85.01290347258349,85.8479995727539,168608400,0.0,0.0,0.0
2010-09-16 00:00:00-04:00,85.58226585203829,85.87834524929818,85.293774075781,85.82520294189453,199962900,0.0,0.0,0.0
2010-09-17 00:00:00-04:00,86.27706325499136,86.36102052268885,85.62067324740387,85.8572769165039,195836900,0.602,0.0,0.0
2010-09-20 00:00:00-04:00,86.15492109971413,87.36084718408776,85.88015298370279,87.17003631591797,214555200,0.0,0.0,0.0
2010-09-21 00:00:00-04:00,87.23875220230691,87.65089865219386,86.63578901534989,86.99451446533203,268389100,0.0,0.0,0.0
2010-09-22 00:00:00-04:00,86.8571292076419,87.34560467503029,86.32285516181362,86.56709289550781,191322400,0.0,0.0,0.0
2010-09-23 00:00:00-04:00,85.857295130603,86.75792306534946,85.62069141130894,85.86492919921875,202354300,0.0,0.0,0.0
2010-09-24 00:00:00-04:00,86.81895734775081,87.69668863060909,86.74263415426019,87.63562774658203,209671800,0.0,0.0,0.0
2010-09-27 00:00:00-04:00,87.66614461300209,87.76536416686658,87.13187651821568,87.21582794189453,128761800,0.0,0.0,0.0
2010-09-28 00:00:00-04:00,87.33034538030223,87.80355858483136,86.38392479433143,87.52115631103516,209207500,0.0,0.0,0.0
2010-09-29 00:00:00-04:00,87.29979717736684,87.70432115964104,87.02502902714747,87.36849212646484,179665800,0.0,0.0,0.0
2010-09-30 00:00:00-04:00,87.81119747829577,88.37599623383991,86.69685645725856,87.1090087890625,287106700,0.0,0.0,0.0
2010-10-01 00:00:00-04:00,87.76539520722103,87.86462061926447,86.95635871381327,87.4753646850586,174638700,0.0,0.0,0.0
2010-10-04 00:00:00-04:00,87.29213688473965,87.65849040180015,86.38387550925836,86.81892395019531,166153200,0.0,0.0,0.0
2010-10-05 00:00:00-04:00,87.62035219390845,88.78047969964545,87.5211268165901,88.5667724609375,229634100,0.0,0.0,0.0
2010-10-06 00:00:00-04:00,88.5515242583562,88.78813374567426,88.20043288388547,88.55915832519531,148626600,0.0,0.0,0.0
2010-10-07 00:00:00-04:00,88.91787242130216,88.9407687958113,87.91802524716262,88.4522933959961,164860000,0.0,0.0,0.0
2010-10-08 00:00:00-04:00,88.57440710520636,89.19263245309462,88.23857811470629,88.94839477539062,177760100,0.0,0.0,0.0
2010-10-11 00:00:00-04:00,89.08582887861402,89.2766398534832,88.72710331416577,89.03240203857422,103098300,0.0,0.0,0.0
2010-10-12 00:00:00-04:00,88.74234723328357,89.56665187137743,88.26913984048302,89.3071517944336,182210000,0.0,0.0,0.0
2010-10-13 00:00:00-04:00,89.80326978572221,90.48255631309009,89.58955662679985,90.001708984375,194347200,0.0,0.0,0.0
2010-10-14 00:00:00-04:00,89.91772307400892,90.0703752817855,89.08579037820026,89.65058898925781,217764300,0.0,0.0,0.0
2010-10-15 00:00:00-04:00,90.2764611111922,90.3298879356157,89.11633328524445,89.83377838134766,243705000,0.0,0.0,0.0
2010-10-18 00:00:00-04:00,89.86433684529197,90.57415391856252,89.53614172919723,90.2764892578125,141204800,0.0,0.0,0.0
2010-10-19 00:00:00-04:00,89.44452858832675,89.9482663883653,88.55152905852096,89.09343719482422,280604700,0.0,0.0,0.0
2010-10-20 00:00:00-04:00,89.25372223297768,90.39858780980668,89.20029540564916,89.96353912353516,200051800,0.0,0.0,0.0
2010-10-21 00:00:00-04:00,90.3680510963675,90.89468526549354,89.45978927167235,90.16197204589844,221585500,0.0,0.0,0.0
2010-10-22 00:00:00-04:00,90.29937982494286,90.46729440697456,90.06277609012832,90.32991027832031,108212400,0.0,0.0,0.0
2010-10-25 00:00:00-04:00,90.93283677943127,91.40604988037612,90.52831862651874,90.59700775146484,151145700,0.0,0.0,0.0
2010-10-26 00:00:00-04:00,90.13908384657853,90.70388257943564,89.96354104863732,90.61229705810547,158982900,0.0,0.0,0.0
2010-10-27 00:00:00-04:00,89.97881063238944,90.45202388215695,89.49796913728635,90.35279846191406,190024000,0.0,0.0,0.0
2010-10-28 00:00:00-04:00,90.8717720603862,90.90993656580225,89.93298578724546,90.36803436279297,168576000,0.0,0.0,0.0
2010-10-29 00:00:00-04:00,90.27645659529406,90.61228565949243,90.11617613004125,90.43673706054688,144305500,0.0,0.0,0.0
2010-11-01 00:00:00-04:00,90.87942983591549,91.39843580031469,89.94827156245628,90.46727752685547,174074800,0.0,0.0,0.0
2010-11-02 00:00:00-04:00,91.14655838735703,91.39843019796959,90.90232064396862,91.18472290039062,158345900,0.0,0.0,0.0
2010-11-03 00:00:00-04:00,91.34500556109685,91.60450562206091,90.40621325500753,91.55107879638672,226702800,0.0,0.0,0.0
2010-11-04 00:00:00-04:00,92.56621219848988,93.35998649270401,91.56636462915603,93.31419372558594,215039400,0.0,0.0,0.0
2010-11-05 00:00:00-04:00,93.37523161109978,93.81791435534325,93.2531156469114,93.66526794433594,180654100,0.0,0.0,0.0
2010-11-08 00:00:00-05:00,93.3752202409192,93.64236016228371,93.06992745607968,93.48970794677734,156107100,0.0,0.0,0.0
2010-11-09 00:00:00-05:00,93.74160136776247,93.84082096342352,92.44408926350827,92.81807708740234,186621600,0.0,0.0,0.0
2010-11-10 00:00:00-05:00,92.79514779537598,93.23783043087305,92.09296516029603,93.19203186035156,221387400,0.0,0.0,0.0
2010-11-11 00:00:00-05:00,92.39063908826476,92.97833409161231,92.10823686307431,92.84095001220703,158017600,0.0,0.0,0.0
2010-11-12 00:00:00-05:00,92.21508780407137,92.61960596408098,91.32209422558755,91.74187469482422,239068800,0.0,0.0,0.0
2010-11-15 00:00:00-05:00,92.03190786013305,92.39063325722256,91.57396289871316,91.61212158203125,163940800,0.0,0.0,0.0
2010-11-16 00:00:00-05:00,91.04733874524777,91.19998515110635,89.74982100310133,90.18487548828125,299566200,0.0,0.0,0.0
2010-11-17 00:00:00-05:00,90.22304067588348,90.6046625411007,89.95590653484895,90.23067474365234,172308900,0.0,0.0,0.0
2010-11-18 00:00:00-05:00,91.1007707535908,91.88691085236242,91.09313668593732,91.5587158203125,197723700,0.0,0.0,0.0
2010-11-19 00:00:00-05:00,91.51292044595374,91.8487437129749,91.01681087822645,91.81058502197266,156852900,0.0,0.0,0.0
2010-11-22 00:00:00-05:00,91.35264631342419,91.77242688212918,90.65045763778119,91.73426818847656,181361000,0.0,0.0,0.0
2010-11-23 00:00:00-05:00,90.65044959847721,90.84126051908139,90.0551204578861,90.40621185302734,222309000,0.0,0.0,0.0
2010-11-24 00:00:00-05:00,90.97863112557248,91.76477689329427,90.96336881634542,91.74187469482422,140046100,0.0,0.0,0.0
2010-11-26 00:00:00-05:00,90.94810034652089,91.44420397446065,90.67333221435547,90.67333221435547,76007800,0.0,0.0,0.0
2010-11-29 00:00:00-05:00,90.44433855533232,91.19231961355902,89.86427196873314,90.94808197021484,223642300,0.0,0.0,0.0
2010-11-30 00:00:00-05:00,90.04748699768442,90.95574296745032,89.91773115364342,90.43673706054688,233930700,0.0,0.0,0.0
2010-12-01 00:00:00-05:00,91.741891317852,92.53566547247082,91.73426307339943,92.36012268066406,221037200,0.0,0.0,0.0
2010-12-02 00:00:00-05:00,92.50513989274147,93.61184682076788,92.45171306332556,93.54315185546875,191213600,0.0,0.0,0.0
2010-12-03 00:00:00-05:00,93.22257309675193,93.90185943678934,93.19967672038226,93.79500579833984,151288900,0.0,0.0,0.0
2010-12-06 00:00:00-05:00,93.59656774947062,93.90950044455052,93.49734817017278,93.69579315185547,103050500,0.0,0.0,0.0
2010-12-07 00:00:00-05:00,94.59643814176424,94.64986497467488,93.69581022763623,93.74923706054688,206581000,0.0,0.0,0.0
2010-12-08 00:00:00-05:00,93.86369704822468,94.16898981856052,93.42864844510116,94.09266662597656,138019200,0.0,0.0,0.0
2010-12-09 00:00:00-05:00,94.61933353661013,94.65749223224064,93.99347386200738,94.45905303955078,123705100,0.0,0.0,0.0
2010-12-10 00:00:00-05:00,94.74906195280958,95.10015331713394,94.43613509849108,95.0085678100586,117571700,0.0,0.0,0.0
2010-12-13 00:00:00-05:00,95.4436270898057,95.55810898642649,95.03910303709206,95.06963348388672,133812700,0.0,0.0,0.0
2010-12-14 00:00:00-05:00,95.21464823270614,95.58100775800435,94.86355684180089,95.1535873413086,147249600,0.0,0.0,0.0
2010-12-15 00:00:00-05:00,94.97801929664632,95.35200696658654,94.55823305879515,94.71851348876953,160823100,0.0,0.0,0.0
2010-12-16 00:00:00-05:00,94.77960614615047,95.336776628398,94.45141111098275,95.26808166503906,185035200,0.0,0.0,0.0
2010-12-17 00:00:00-05:00,95.20129673978872,95.4928524357034,95.00180818273697,95.3700942993164,141075300,0.653,0.0,0.0
2010-12-20 00:00:00-05:00,95.63098702702737,95.83047564254898,95.12460005373214,95.60029602050781,119085500,0.0,0.0,0.0
2010-12-21 00:00:00-05:00,95.89953953188507,96.26782580831066,95.8074723530625,96.2064437866211,94965500,0.0,0.0,0.0
2010-12-22 00:00:00-05:00,96.27548724053756,96.53635201751167,96.2217794421187,96.50566101074219,78878100,0.0,0.0,0.0
2010-12-23 00:00:00-05:00,96.39826761295825,96.50568323453213,96.12972855902355,96.3675765991211,70053700,0.0,0.0,0.0
2010-12-27 00:00:00-05:00,96.0069598878356,96.49800437819692,95.93790950030608,96.40593719482422,58126000,0.0,0.0,0.0
2010-12-28 00:00:00-05:00,96.59774466956817,96.63610404197138,96.29084042178431,96.54403686523438,55309100,0.0,0.0,0.0
2010-12-29 00:00:00-05:00,96.65909942665307,96.82789115429954,96.59771742366709,96.6130599975586,58033100,0.0,0.0,0.0
2010-12-30 00:00:00-05:00,96.52101489053975,96.77420546668883,96.3138520465771,96.45963287353516,76616900,0.0,0.0,0.0
2010-12-31 00:00:00-05:00,96.3138455189746,96.5747161467081,96.16039634057438,96.4826431274414,91218900,0.0,0.0,0.0
2011-01-03 00:00:00-05:00,97.21920902501147,97.90206781531641,96.44427721609844,97.4800796508789,138725200,0.0,0.0,0.0
2011-01-04 00:00:00-05:00,97.69488474058787,97.7255757385912,96.8202117854754,97.42634582519531,137409700,0.0,0.0,0.0
2011-01-05 00:00:00-05:00,97.11944824389779,97.99412125795581,97.02737524368285,97.9327392578125,133975300,0.0,0.0,0.0
2011-01-06 00:00:00-05:00,97.97112352714487,98.0785391214336,97.44938813186643,97.7409439086914,122519000,0.0,0.0,0.0
2011-01-07 00:00:00-05:00,97.87137244156827,98.03249582665904,96.78954232632717,97.54912567138672,156034600,0.0,0.0,0.0
2011-01-10 00:00:00-05:00,97.11944169887127,97.56445238935568,96.82788014469423,97.42634582519531,122401700,0.0,0.0,0.0
2011-01-11 00:00:00-05:00,97.77931880798276,98.00949259550825,97.40335833704837,97.77164459228516,110287000,0.0,0.0,0.0
2011-01-12 00:00:00-05:00,98.37010250288436,98.76139966602486,97.79465344650814,98.65398406982422,107929200,0.0,0.0,0.0
2011-01-13 00:00:00-05:00,98.69235336462609,98.73838694955167,98.24734253130825,98.49285888671875,129048400,0.0,0.0,0.0
2011-01-14 00:00:00-05:00,98.35477952856242,99.22945295469654,98.28572913615247,99.20643615722656,117677900,0.0,0.0,0.0
2011-01-18 00:00:00-05:00,99.11434473503981,99.46728843068699,98.99926076223284,99.3752212524414,114401300,0.0,0.0,0.0
2011-01-19 00:00:00-05:00,99.29082437748812,99.3905599200626,98.13993779722725,98.40080261230469,151958400,0.0,0.0,0.0
2011-01-20 00:00:00-05:00,98.17828982713395,98.51587921823425,97.5414645621342,98.2703628540039,175745700,0.0,0.0,0.0
2011-01-21 00:00:00-05:00,98.8841677734309,99.10666733637862,98.38544328608495,98.49285888671875,151462900,0.0,0.0,0.0
2011-01-24 00:00:00-05:00,98.43146716993084,99.16803957841303,98.40845037973651,99.0529556274414,113715500,0.0,0.0,0.0
2011-01-25 00:00:00-05:00,98.79208812716878,99.19106537245547,98.29337535112718,99.1066665649414,167552200,0.0,0.0,0.0
2011-01-26 00:00:00-05:00,99.35221751282495,99.78188001099353,99.15272299051452,99.49031829833984,141281500,0.0,0.0,0.0
2011-01-27 00:00:00-05:00,99.5133361508894,99.90464512884667,99.33687013171904,99.73584747314453,123302700,0.0,0.0,0.0
2011-01-28 00:00:00-05:00,99.85091036742644,100.01203962561958,97.83302484991272,97.99414825439453,295637300,0.0,0.0,0.0
2011-01-31 00:00:00-05:00,98.26269694377658,98.80744334178681,98.01716886599728,98.730712890625,149249200,0.0,0.0,0.0
2011-02-01 00:00:00-05:00,99.32918278963652,100.48773765293384,99.26780077134342,100.31127166748047,167194300,0.0,0.0,0.0
2011-02-02 00:00:00-05:00,100.05040659335563,100.38800187882559,99.99670463835318,100.11946868896484,118323600,0.0,0.0,0.0
2011-02-03 00:00:00-05:00,99.9429646279029,100.49539100259466,99.41356675062603,100.3419418334961,145886700,0.0,0.0,0.0
2011-02-04 00:00:00-05:00,100.38030003330965,100.664181561662,99.91994085078444,100.62581634521484,134634800,0.0,0.0,0.0
2011-02-07 00:00:00-05:00,100.84832122344046,101.58488182017838,100.84064115618261,101.25496673583984,112439100,0.0,0.0,0.0
2011-02-08 00:00:00-05:00,101.34704760499275,101.76904160162216,101.07083441696453,101.71533966064453,99072800,0.0,0.0,0.0
2011-02-09 00:00:00-05:00,101.4391196212502,101.76136636761453,100.9787604364895,101.48515319824219,146436700,0.0,0.0,0.0
2011-02-10 00:00:00-05:00,100.97109506822503,101.63860536923012,100.74091546902373,101.52352142333984,162708500,0.0,0.0,0.0
2011-02-11 00:00:00-05:00,101.12455595799852,102.26009394966572,101.10153916615151,102.1296615600586,137710300,0.0,0.0,0.0
2011-02-14 00:00:00-05:00,102.06827712045902,102.45957427998168,101.95319316395876,102.37517547607422,101690700,0.0,0.0,0.0
2011-02-15 00:00:00-05:00,102.06062043824575,102.21406963361298,101.5235424007489,102.05294036865234,119575400,0.0,0.0,0.0
2011-02-16 00:00:00-05:00,102.39818826447716,102.82017051185049,102.19102546713859,102.69741821289062,130183500,0.0,0.0,0.0
2011-02-17 00:00:00-05:00,102.39818238576498,103.1424113265941,102.30610353255634,103.00431060791016,109810500,0.0,0.0,0.0
2011-02-18 00:00:00-05:00,103.09637510294556,103.34190309529663,102.85852717749236,103.2191390991211,130002400,0.0,0.0,0.0
2011-02-22 00:00:00-05:00,102.13737109607871,103.2422243798224,100.8714002044547,101.14761352539062,233116400,0.0,0.0,0.0
2011-02-23 00:00:00-05:00,101.08618729085694,101.33171533875388,99.90461575576256,100.52609252929688,227584000,0.0,0.0,0.0
2011-02-24 00:00:00-05:00,100.41864723027734,100.84830947957657,99.51327745575264,100.45700073242188,260431400,0.0,0.0,0.0
2011-02-25 00:00:00-05:00,100.87905329221155,101.59260914133186,100.8176712626961,101.5312271118164,141686900,0.0,0.0,0.0
2011-02-28 00:00:00-05:00,101.90717749484638,102.2908063605115,101.56958221987325,102.16036224365234,141585500,0.0,0.0,0.0
2011-03-01 00:00:00-05:00,102.4825714061209,102.57463854313694,100.4263155892226,100.45700073242188,258565500,0.0,0.0,0.0
2011-03-02 00:00:00-05:00,100.3189313521989,101.13990260500694,100.01203299470204,100.671875,200277400,0.0,0.0,0.0
2011-03-03 00:00:00-05:00,101.58491244947137,102.52096775843363,101.577244087321,102.4058837890625,176480100,0.0,0.0,0.0
2011-03-04 00:00:00-05:00,102.3291533296504,102.52864781977517,100.97111566148762,101.63862609863281,277202300,0.0,0.0,0.0
2011-03-07 00:00:00-05:00,101.93785996877736,102.1680396236005,100.31127736756132,100.8406753540039,216790400,0.0,0.0,0.0
2011-03-08 00:00:00-05:00,101.00177565794809,102.04524631411859,100.56444497588895,101.7229995727539,174615000,0.0,0.0,0.0
2011-03-09 00:00:00-05:00,101.52354566786263,101.89182609008017,100.97111918082456,101.5772476196289,153806000,0.0,0.0,0.0
2011-03-10 00:00:00-05:00,100.51077063341941,100.64887141625258,99.59773198882863,99.69747924804688,301291800,0.0,0.0,0.0
2011-03-11 00:00:00-05:00,99.37524901059818,100.74863553521992,99.35223220960758,100.38802337646484,225621800,0.0,0.0,0.0
2011-03-14 00:00:00-04:00,99.73583439133536,100.11178317819473,99.02227862992869,99.78186798095703,234974100,0.0,0.0,0.0
2011-03-15 00:00:00-04:00,97.12712782924133,99.22941767430164,97.05807746138181,98.63862609863281,359585400,0.0,0.0,0.0
2011-03-16 00:00:00-04:00,98.32406128910316,98.64631979848834,96.1220356219797,96.81256866455078,468670300,0.0,0.0,0.0
2011-03-17 00:00:00-04:00,98.20896950658971,98.50819949225824,97.51843651900435,98.09387969970703,254303700,0.0,0.0,0.0
2011-03-18 00:00:00-04:00,99.28290950703851,99.31373972170701,98.25802827666332,98.45067596435547,230435400,0.553,0.0,0.0
2011-03-21 00:00:00-04:00,99.67591813715048,100.18449909545501,99.56032246977267,99.97644805908203,153992600,0.0,0.0,0.0
2011-03-22 00:00:00-04:00,99.96099869486197,100.09199766637107,99.53717157628685,99.629638671875,129538600,0.0,0.0,0.0
2011-03-23 00:00:00-04:00,99.35224006112293,100.17677764416825,98.8821910847408,99.91477966308594,148603100,0.0,0.0,0.0
2011-03-24 00:00:00-04:00,100.48500501032444,101.01671438169821,99.92247718998183,100.87030029296875,159129800,0.0,0.0,0.0
2011-03-25 00:00:00-04:00,101.13230953844842,101.61777359663202,100.862598138574,101.17854309082031,155642800,0.0,0.0,0.0
2011-03-28 00:00:00-04:00,101.39432782187549,101.65632584332698,100.90115023396868,100.93196868896484,109762400,0.0,0.0,0.0
2011-03-29 00:00:00-04:00,100.84721069427121,101.64091824975466,100.51586230587496,101.61009979248047,129798800,0.0,0.0,0.0
2011-03-30 00:00:00-04:00,102.14178657087125,102.61184730807321,101.99537247527532,102.31131744384766,135835000,0.0,0.0,0.0
2011-03-31 00:00:00-04:00,102.18033611331036,102.45774924810314,102.06474044814917,102.17262268066406,132537100,0.0,0.0,0.0
2011-04-01 00:00:00-04:00,102.80451761997689,103.08193076797309,102.35757356163403,102.60415649414062,153850100,0.0,0.0,0.0
2011-04-04 00:00:00-04:00,102.81992572295931,103.00487174960112,102.39611018578103,102.68892669677734,100768900,0.0,0.0,0.0
2011-04-05 00:00:00-04:00,102.48856930764106,103.12816103837427,102.44233574416569,102.67351531982422,120791500,0.0,0.0,0.0
2011-04-06 00:00:00-04:00,103.16665456014476,103.25912165270742,102.58099828517523,102.99712371826172,120411600,0.0,0.0,0.0
2011-04-07 00:00:00-04:00,102.81219757472967,103.24372643416349,102.22655294525228,102.73514556884766,170731500,0.0,0.0,0.0
2011-04-08 00:00:00-04:00,103.18979881981114,103.25144748403328,101.95684905192935,102.38067626953125,147945400,0.0,0.0,0.0
2011-04-11 00:00:00-04:00,102.48856253252112,102.83532599394489,101.8258540638593,102.07244873046875,121385400,0.0,0.0,0.0
2011-04-12 00:00:00-04:00,101.50220271879242,101.70255205749623,100.93967482907298,101.30955505371094,161187400,0.0,0.0,0.0
2011-04-13 00:00:00-04:00,101.77961179305177,101.8566638010624,100.91655405034166,101.30184936523438,162059000,0.0,0.0,0.0
2011-04-14 00:00:00-04:00,100.71623570378222,101.53306023667825,100.38488723632942,101.37894439697266,161220400,0.0,0.0,0.0
2011-04-15 00:00:00-04:00,101.56387553729188,102.00310620383298,101.2633455786217,101.74880981445312,170006700,0.0,0.0,0.0
2011-04-18 00:00:00-04:00,100.63143892440526,101.7410914383576,99.799199538941,100.60832214355469,210759300,0.0,0.0,0.0
2011-04-19 00:00:00-04:00,100.76243679681221,101.21709425105915,100.5158538844318,101.18626403808594,124258800,0.0,0.0,0.0
2011-04-20 00:00:00-04:00,102.39609715514747,102.78909418368174,102.32673505505701,102.56562805175781,156133800,0.0,0.0,0.0
2011-04-21 00:00:00-04:00,103.09735469140503,103.13588658931538,102.56565683006595,103.08965301513672,135935400,0.0,0.0,0.0
2011-04-25 00:00:00-04:00,103.01254605054042,103.15125847323154,102.6426658538299,102.98172760009766,65757100,0.0,0.0,0.0
2011-04-26 00:00:00-04:00,103.29766754115899,104.07595977846131,103.18978533244105,103.8678970336914,146600000,0.0,0.0,0.0
2011-04-27 00:00:00-04:00,104.06828090390795,104.70015919102956,103.64445364885485,104.5460433959961,143031000,0.0,0.0,0.0
2011-04-28 00:00:00-04:00,104.3611087072567,105.02381728023927,104.34570535687955,104.88511657714844,124791100,0.0,0.0,0.0
2011-04-29 00:00:00-04:00,104.92363994127841,105.2395849725706,104.78492749117964,105.1316909790039,115094100,0.0,0.0,0.0
2011-05-02 00:00:00-04:00,105.6248860301701,105.70963972976172,104.76181634319396,104.96987915039062,126278700,0.0,0.0,0.0
2011-05-03 00:00:00-04:00,104.76950657782723,104.94673912930826,104.06055285534353,104.5922622680664,138375000,0.0,0.0,0.0
2011-05-04 00:00:00-04:00,104.54602067039679,104.59225422302869,103.43636837411526,103.89872741699219,182678500,0.0,0.0,0.0
2011-05-05 00:00:00-04:00,103.32080436978953,103.99121452848615,102.50398009407154,102.95862579345703,226900000,0.0,0.0,0.0
2011-05-06 00:00:00-04:00,103.98351806240711,104.51522756315524,103.01256618859513,103.41327667236328,222787200,0.0,0.0,0.0
2011-05-09 00:00:00-04:00,103.40557557135376,104.11451765685615,103.24374633872694,103.8139877319336,114104500,0.0,0.0,0.0
2011-05-10 00:00:00-04:00,104.16074601420483,104.88510317095844,104.0297470030466,104.70015716552734,114806900,0.0,0.0,0.0
2011-05-11 00:00:00-04:00,104.5460133449954,104.56142844755223,103.1204279528584,103.59819030761719,193564200,0.0,0.0,0.0
2011-05-12 00:00:00-04:00,103.32080939481506,104.30716461628924,102.78909989483816,104.09140014648438,171550700,0.0,0.0,0.0
2011-05-13 00:00:00-04:00,104.14531883733291,104.29173293821168,102.9200825588419,103.28996276855469,157444900,0.0,0.0,0.0
2011-05-16 00:00:00-04:00,102.92006344769213,103.72918580979591,102.46541788285548,102.63494873046875,141675400,0.0,0.0,0.0
2011-05-17 00:00:00-04:00,102.24968000474476,102.75827267948259,101.81043766975826,102.61956024169922,192686200,0.0,0.0,0.0
2011-05-18 00:00:00-04:00,102.67350229445825,103.64444227911069,102.45002442163592,103.53656005859375,135217900,0.0,0.0,0.0
2011-05-19 00:00:00-04:00,103.87563623496175,104.05286881647933,103.21292771463312,103.78315734863281,119489500,0.0,0.0,0.0
2011-05-20 00:00:00-04:00,103.5134520483374,103.78315174333574,102.76597811490916,102.95862579345703,182594900,0.0,0.0,0.0
2011-05-23 00:00:00-04:00,101.70252676654988,102.27276794636686,101.40199695408843,101.76417541503906,168700000,0.0,0.0,0.0
2011-05-24 00:00:00-04:00,102.05704470365188,102.28051085603066,101.48680329392218,101.67945098876953,147199600,0.0,0.0,0.0
2011-05-25 00:00:00-04:00,101.27103494305115,102.44233617524331,101.24021648669843,102.01850891113281,151050100,0.0,0.0,0.0
2011-05-26 00:00:00-04:00,101.74112748350122,102.67354775517934,101.54847973597383,102.48860168457031,164850000,0.0,0.0,0.0
2011-05-27 00:00:00-04:00,102.77367142902239,103.15896675477657,102.4577381981969,102.88155364990234,120921900,0.0,0.0,0.0
2011-05-31 00:00:00-04:00,103.85251369804418,103.96809760169809,103.13585822054642,103.95268249511719,164731200,0.0,0.0,0.0
2011-06-01 00:00:00-04:00,103.65217251371952,103.96811758881994,101.53304764528276,101.61781311035156,233094300,0.0,0.0,0.0
2011-06-02 00:00:00-04:00,101.68715491214301,101.9029193695313,100.91656420481883,101.5099105834961,200466800,0.0,0.0,0.0
2011-06-03 00:00:00-04:00,100.29239494078087,101.2710486176411,100.23845969531034,100.50045776367188,234690200,0.0,0.0,0.0
2011-06-06 00:00:00-04:00,100.24612655668201,100.45418930731552,99.30600510066895,99.43700408935547,179951200,0.0,0.0,0.0
2011-06-07 00:00:00-04:00,99.94560338709664,100.23072991875895,99.29060839982918,99.37537384033203,161660500,0.0,0.0,0.0
2011-06-08 00:00:00-04:00,99.22125705649694,99.55261718101193,98.77431302708212,98.95925903320312,198696400,0.0,0.0,0.0
2011-06-09 00:00:00-04:00,99.22893724887939,100.12281324999338,98.99005608658697,99.71440124511719,160964400,0.0,0.0,0.0
2011-06-10 00:00:00-04:00,99.29062932830821,99.35226624504757,98.06538689859953,98.32738494873047,238629400,0.0,0.0,0.0
2011-06-13 00:00:00-04:00,98.55087888760933,98.8205904309834,97.90358529345363,98.40446472167969,207599800,0.0,0.0,0.0
2011-06-14 00:00:00-04:00,99.30603387211467,99.9995726557355,99.26751373826015,99.6528091430664,160570400,0.0,0.0,0.0
2011-06-15 00:00:00-04:00,98.820567343819,99.63739170155719,97.618441711155,97.88043975830078,300958000,0.0,0.0,0.0
2011-06-16 00:00:00-04:00,97.91125303358122,98.6124933966718,97.34101755840395,98.09619903564453,308032800,0.0,0.0,0.0
2011-06-17 00:00:00-04:00,99.07038017716745,99.07812593997971,98.0559038553395,98.38890075683594,233284900,0.628,0.0,0.0
2011-06-20 00:00:00-04:00,98.05596659300372,99.10142072669191,98.02498943022093,98.89232635498047,159479000,0.0,0.0,0.0
2011-06-21 00:00:00-04:00,99.40341513394915,100.44112323320084,98.93102386241274,100.24752044677734,193157300,0.0,0.0,0.0
2011-06-22 00:00:00-04:00,99.93775840341569,100.52630660656165,99.5815240853431,99.64347839355469,176703000,0.0,0.0,0.0
2011-06-23 00:00:00-04:00,98.47415845826019,99.62028404487542,97.7229784396905,99.35698699951172,334286500,0.0,0.0,0.0
2011-06-24 00:00:00-04:00,99.33370930410221,99.41114331963435,98.05592988207276,98.20306396484375,226129300,0.0,0.0,0.0
2011-06-27 00:00:00-04:00,98.26502151983856,99.45760938436803,98.07141874973748,99.07815551757812,168904700,0.0,0.0,0.0
2011-06-28 00:00:00-04:00,99.47310967499922,100.38692097497285,99.33372134020698,100.37142944335938,165556300,0.0,0.0,0.0
2011-06-29 00:00:00-04:00,100.82834379034198,101.39366070207008,100.38693551631754,101.23104095458984,244295500,0.0,0.0,0.0
2011-06-30 00:00:00-04:00,101.55625783919723,102.36164007809538,101.22326678190083,102.19902038574219,223322700,0.0,0.0,0.0
2011-07-01 00:00:00-04:00,102.29197822931316,103.84855239000939,102.05191263468859,103.70915222167969,202385700,0.0,0.0,0.0
2011-07-05 00:00:00-04:00,103.6007157559383,103.83304144867769,103.29869590034977,103.62394714355469,165936000,0.0,0.0,0.0
2011-07-06 00:00:00-04:00,103.37613451826049,103.87949697023416,103.08185454023447,103.74784851074219,143331600,0.0,0.0,0.0
2011-07-07 00:00:00-04:00,104.66938470284123,105.08756140801863,104.45255058659026,104.82426452636719,170464200,0.0,0.0,0.0
2011-07-08 00:00:00-04:00,103.63945569884051,104.82430392821132,103.29871286905954,104.08086395263672,194100500,0.0,0.0,0.0
2011-07-11 00:00:00-04:00,102.80306001905932,103.13605107635571,101.95895486693334,102.19902038574219,195918600,0.0,0.0,0.0
2011-07-12 00:00:00-04:00,101.98219997273603,102.82630523843204,101.72664289093734,101.75761413574219,214675700,0.0,0.0,0.0
2011-07-13 00:00:00-04:00,102.29196857612858,103.16705697924917,101.8505603539917,102.0983657836914,204062600,0.0,0.0,0.0
2011-07-14 00:00:00-04:00,102.35387411070238,102.82626517179301,101.19999776369185,101.39360046386719,226111800,0.0,0.0,0.0
2011-07-15 00:00:00-04:00,101.95896160700646,102.12158131010975,101.26973624565596,101.98219299316406,220012800,0.0,0.0,0.0
2011-07-18 00:00:00-04:00,101.50981004466655,101.66468990385165,100.38691629485474,101.14583587646484,196872100,0.0,0.0,0.0
2011-07-19 00:00:00-04:00,101.71115898639911,102.91149864851666,101.6879275969097,102.78759002685547,166554900,0.0,0.0,0.0
2011-07-20 00:00:00-04:00,103.05089478719978,103.11283727904058,102.54752046252874,102.72563171386719,137145400,0.0,0.0,0.0
2011-07-21 00:00:00-04:00,103.30642621336898,104.40610026963668,102.74110947263803,104.15054321289062,245246300,0.0,0.0,0.0
2011-07-22 00:00:00-04:00,104.17378258682488,104.32866244069415,103.58522259891616,104.22024536132812,126019400,0.0,0.0,0.0
2011-07-25 00:00:00-04:00,103.22899789308164,104.15054895612992,103.12058081605096,103.63943481445312,136653800,0.0,0.0,0.0
2011-07-26 00:00:00-04:00,103.56974680582321,103.74011819650153,103.01990971471125,103.25223541259766,131278200,0.0,0.0,0.0
2011-07-27 00:00:00-04:00,102.67917027731225,102.71015334021325,101.00643937794526,101.13809967041016,249020100,0.0,0.0,0.0
2011-07-28 00:00:00-04:00,101.13809102467822,102.04415056357064,100.68117951026905,100.84381103515625,207939900,0.0,0.0,0.0
2011-07-29 00:00:00-04:00,99.82931274123563,101.09934615457553,99.10136459885068,100.1545639038086,307038400,0.0,0.0,0.0
2011-08-01 00:00:00-04:00,101.32395331141315,101.41689068586042,98.76065426314865,99.72866821289062,325790900,0.0,0.0,0.0
2011-08-02 00:00:00-04:00,98.97748068147955,99.51182623048992,97.18084716796875,97.18084716796875,346653800,0.0,0.0,0.0
2011-08-03 00:00:00-04:00,97.31249024720455,97.81585267652979,95.66299101638693,97.70743560791016,370830800,0.0,0.0,0.0
2011-08-04 00:00:00-04:00,96.35222322548779,96.50710898335772,92.97579051166132,93.13067626953125,520721800,0.0,0.0,0.0
2011-08-05 00:00:00-04:00,94.29228265645474,94.53234816979983,90.4976676696852,92.99127197265625,655619200,0.0,0.0,0.0
2011-08-08 00:00:00-04:00,90.53639924384217,93.02225802051396,86.74952375061395,86.93538665771484,702263900,0.0,0.0,0.0
2011-08-09 00:00:00-04:00,88.33704695232962,91.10169349835567,85.39428330807446,90.97779083251953,717828700,0.0,0.0,0.0
2011-08-10 00:00:00-04:00,89.25862777628292,90.04852452284825,86.69532293907659,86.95862579345703,662607400,0.0,0.0,0.0
2011-08-11 00:00:00-04:00,87.70977377517464,92.0929360763786,86.981825691749,90.86162567138672,487979700,0.0,0.0,0.0
2011-08-12 00:00:00-04:00,91.69026859477155,92.31753964841539,90.82292610036674,91.47343444824219,313731600,0.0,0.0,0.0
2011-08-15 00:00:00-04:00,92.30203887126602,93.50237224482721,92.15489890672967,93.4094467163086,258810600,0.0,0.0,0.0
2011-08-16 00:00:00-04:00,92.51888323803593,93.46366560461495,91.62056364086669,92.61180877685547,294095200,0.0,0.0,0.0
2011-08-17 00:00:00-04:00,93.12291924151563,93.85860730048314,91.9380714014817,92.67375946044922,238201100,0.0,0.0,0.0
2011-08-18 00:00:00-04:00,90.21889476052957,92.70475372691098,87.810475723873,88.67781829833984,512956300,0.0,0.0,0.0
2011-08-19 00:00:00-04:00,87.477471333379,89.7387501771086,87.12124296004797,87.22966003417969,428281300,0.0,0.0,0.0
2011-08-22 00:00:00-04:00,89.18893675752227,89.23540544729995,87.05156609298339,87.29937744140625,275090600,0.0,0.0,0.0
2011-08-23 00:00:00-04:00,87.62462608724032,90.27311090148348,87.18321195153312,90.17243957519531,331136600,0.0,0.0,0.0
2011-08-24 00:00:00-04:00,89.97880766557603,91.56634652389695,89.76971340625799,91.44244384765625,246869700,0.0,0.0,0.0
2011-08-25 00:00:00-04:00,91.94582592404689,92.46467990593452,89.73100986385097,90.04851531982422,312365400,0.0,0.0,0.0
2011-08-26 00:00:00-04:00,89.59161310079791,91.77545194833375,88.16669374681625,91.35726928710938,314495900,0.0,0.0,0.0
2011-08-29 00:00:00-04:00,92.58856383724836,94.03671432414417,91.42694750576752,93.98250579833984,190977200,0.0,0.0,0.0
2011-08-30 00:00:00-04:00,93.57209082373329,94.81114735166108,92.35626568253423,94.23033905029297,241315700,0.0,0.0,0.0
2011-08-31 00:00:00-04:00,94.83439371359468,95.64752782722626,93.93607980460303,94.6485366821289,301828400,0.0,0.0,0.0
2011-09-01 00:00:00-04:00,94.70274148218394,95.5623383425994,93.53337897605591,93.65728759765625,254585900,0.0,0.0,0.0
2011-09-02 00:00:00-04:00,91.7057343356463,93.60304452304665,90.93906922425032,91.26432037353516,255517200,0.0,0.0,0.0
2011-09-06 00:00:00-04:00,88.58487544027702,90.72999725821798,88.57712967581473,90.59834289550781,285130500,0.0,0.0,0.0
2011-09-07 00:00:00-04:00,91.96907485572545,93.19264004931149,91.65930919713476,93.15392303466797,209803200,0.0,0.0,0.0
2011-09-08 00:00:00-04:00,92.59635009054224,93.65729559753639,91.9768187461989,92.1859130859375,250568200,0.0,0.0,0.0
2011-09-09 00:00:00-04:00,91.13270249393996,92.20138773197579,89.27411459050923,89.76973724365234,380195100,0.0,0.0,0.0
2011-09-12 00:00:00-04:00,88.64684561746878,90.42024786659796,88.32159435124113,90.35054779052734,305793500,0.0,0.0,0.0
2011-09-13 00:00:00-04:00,90.64482143151423,91.51990384572724,90.00205880184976,91.17916107177734,272514700,0.0,0.0,0.0
2011-09-14 00:00:00-04:00,91.64379609365722,93.5488523776795,90.38925403867562,92.44144439697266,319389500,0.0,0.0,0.0
2011-09-15 00:00:00-04:00,93.43267311021648,94.06768979043223,92.46465951791893,94.03671264648438,326777200,0.0,0.0,0.0
2011-09-16 00:00:00-04:00,94.41425192165971,94.94357601791712,93.65918605535171,94.5932846069336,284528300,0.625,0.0,0.0
2011-09-19 00:00:00-04:00,93.04426338868221,94.13404931730882,92.41374697476387,93.65142822265625,241517000,0.0,0.0,0.0
2011-09-20 00:00:00-04:00,94.04837660032244,94.95912340294282,93.41786049679335,93.54240417480469,218932200,0.0,0.0,0.0
2011-09-21 00:00:00-04:00,93.58915045098408,93.8771611614703,90.63894704094483,90.7868423461914,316251300,0.0,0.0,0.0
2011-09-22 00:00:00-04:00,88.15578573231574,88.90306585235098,86.63787391644017,87.85220336914062,513911300,0.0,0.0,0.0
2011-09-23 00:00:00-04:00,87.26840094305895,88.86415945952778,87.19834026817941,88.38153839111328,307242500,0.0,0.0,0.0
2011-09-26 00:00:00-04:00,89.21444254510286,90.60781077635275,87.94562398180726,90.48326110839844,260673700,0.0,0.0,0.0
2011-09-27 00:00:00-04:00,92.26583283569403,93.06760197574546,90.95030525317001,91.49520111083984,311753900,0.0,0.0,0.0
2011-09-28 00:00:00-04:00,91.68201301514027,92.2346887323929,89.49466172112082,89.62699127197266,286696800,0.0,0.0,0.0
2011-09-29 00:00:00-04:00,91.11376750892681,91.5652451293351,88.68510285734551,90.3353500366211,298108900,0.0,0.0,0.0
2011-09-30 00:00:00-04:00,89.08990423905162,89.8683219464749,88.01568994079558,88.07796478271484,288392300,0.0,0.0,0.0
2011-10-03 00:00:00-04:00,87.56419648831277,88.70068550185462,85.47803702731474,85.57144927978516,365136800,0.0,0.0,0.0
2011-10-04 00:00:00-04:00,84.34154144067442,87.63425033266594,83.62539871077878,87.44742584228516,459177500,0.0,0.0,0.0
2011-10-05 00:00:00-04:00,87.66537288375964,89.30004829487119,86.85581804593646,89.06652069091797,284108000,0.0,0.0,0.0
2011-10-06 00:00:00-04:00,89.01984422348131,90.81020722005583,88.35819039913176,90.67787170410156,257800800,0.0,0.0,0.0
2011-10-07 00:00:00-04:00,91.20717515404904,91.26944997807975,89.56471378807719,90.07068634033203,312657900,0.0,0.0,0.0
2011-10-10 00:00:00-04:00,91.60422611815984,93.12213877038,91.59644027565011,93.08322143554688,230666300,0.0,0.0,0.0
2011-10-11 00:00:00-04:00,92.5305154088645,93.44126270505778,92.43710314559243,93.17659759521484,209088000,0.0,0.0,0.0
2011-10-12 00:00:00-04:00,93.87712507235902,95.07588842549066,93.66695501472256,93.99388885498047,281544900,0.0,0.0,0.0
2011-10-13 00:00:00-04:00,93.44126399754909,94.08735213169203,92.72512111912495,93.80712127685547,212538800,0.0,0.0,0.0
2011-10-14 00:00:00-04:00,94.89690718257462,95.43401137144346,94.36758289493665,95.41065979003906,211397600,0.0,0.0,0.0
2011-10-17 00:00:00-04:00,94.95914467560493,95.39506249343009,93.35560660180033,93.5891342163086,202311600,0.0,0.0,0.0
2011-10-18 00:00:00-04:00,93.51909323275113,96.13457693458177,92.78737876293684,95.4184341430664,318857900,0.0,0.0,0.0
2011-10-19 00:00:00-04:00,95.26274059571138,95.807636460982,93.96278467208019,94.28971862792969,226601300,0.0,0.0,0.0
2011-10-20 00:00:00-04:00,94.52323949488287,95.04477780687489,93.26998681517682,94.70227813720703,262075600,0.0,0.0,0.0
2011-10-21 00:00:00-04:00,95.81539325690068,96.6171681536598,95.52738262475201,96.50040435791016,278999400,0.0,0.0,0.0
2011-10-24 00:00:00-04:00,96.65609816110455,97.9249224687432,96.57047176222633,97.68360900878906,203215600,0.0,0.0,0.0
2011-10-25 00:00:00-04:00,97.21656426561934,97.26326741670682,95.57410281202644,95.7842788696289,268596800,0.0,0.0,0.0
2011-10-26 00:00:00-04:00,96.79623390867049,97.12316789742245,95.13042060729009,96.75731658935547,289053800,0.0,0.0,0.0
2011-10-27 00:00:00-04:00,99.34942233355996,100.74279035644787,98.55543910507483,100.12784576416016,393220200,0.0,0.0,0.0
2011-10-28 00:00:00-04:00,99.63744454450855,100.29910420077053,99.48176341294956,100.10449981689453,225906500,0.0,0.0,0.0
2011-10-31 00:00:00-04:00,98.98355136168341,100.12003402147754,97.55126037429535,97.69137573242188,228146700,0.0,0.0,0.0
2011-11-01 00:00:00-04:00,94.99028577868918,96.14234628212986,94.59329119413714,94.96693420410156,416565800,0.0,0.0,0.0
2011-11-02 00:00:00-04:00,96.39142463139713,96.83512229602714,95.58186985159176,96.5159683227539,244717600,0.0,0.0,0.0
2011-11-03 00:00:00-04:00,97.5123633410104,98.4698195353593,96.2124074649596,98.27521514892578,291174800,0.0,0.0,0.0
2011-11-04 00:00:00-04:00,97.48122265831397,97.84707388161665,96.53155239199762,97.67582702636719,249401600,0.0,0.0,0.0
2011-11-07 00:00:00-05:00,97.60575660149343,98.38417399583588,96.67943800179279,98.2829818725586,196617200,0.0,0.0,0.0
2011-11-08 00:00:00-05:00,98.79676428167915,99.65302842669418,97.85487966101782,99.5440444946289,224426300,0.0,0.0,0.0
2011-11-09 00:00:00-05:00,97.21657027011668,97.92493311258501,95.63638354627781,95.86991119384766,337982000,0.0,0.0,0.0
2011-11-10 00:00:00-05:00,97.13872247793455,97.25548629303766,95.76092014965565,96.77286529541016,231866500,0.0,0.0,0.0
2011-11-11 00:00:00-05:00,97.94828000061732,98.85124125436116,97.91714258650829,98.59436798095703,189924400,0.0,0.0,0.0
2011-11-14 00:00:00-05:00,98.22852582177228,99.20932779146472,97.23993207379199,97.6602783203125,159258300,0.0,0.0,0.0
2011-11-15 00:00:00-05:00,97.43455837168699,98.66445996861347,97.08427272367247,98.1429214477539,184709400,0.0,0.0,0.0
2011-11-16 00:00:00-05:00,97.15427040918166,98.3452480394772,96.44591368806118,96.58602905273438,235782500,0.0,0.0,0.0
2011-11-17 00:00:00-05:00,96.40702686473333,96.64834037991143,94.36757637817604,95.05258178710938,331219600,0.0,0.0,0.0
2011-11-18 00:00:00-05:00,95.35614473032331,95.55074910732397,94.55437564729726,94.95137023925781,215580400,0.0,0.0,0.0
2011-11-21 00:00:00-05:00,93.56578702767197,93.68255084780964,92.35924338986176,93.14544677734375,229611600,0.0,0.0,0.0
2011-11-22 00:00:00-05:00,92.94306140256926,93.48795133984437,92.25805012273209,92.77959442138672,216494900,0.0,0.0,0.0
2011-11-23 00:00:00-05:00,91.90774998839531,92.77957968844815,90.73233795166016,90.73233795166016,224329100,0.0,0.0,0.0
2011-11-25 00:00:00-05:00,90.59223360650721,91.61974454941988,90.45211820798026,90.56109619140625,99557000,0.0,0.0,0.0
2011-11-28 00:00:00-05:00,93.05203476050092,93.55022151803949,92.49157317355636,93.18436431884766,210686000,0.0,0.0,0.0
2011-11-29 00:00:00-05:00,93.44902801513672,94.1885223022989,93.10652239724037,93.44902801513672,199241500,0.0,0.0,0.0
2011-11-30 00:00:00-05:00,96.12676927136744,97.4734340734359,93.41009403279278,97.29439544677734,324439500,0.0,0.0,0.0
2011-12-01 00:00:00-05:00,97.18544211441791,97.80039276868031,96.85850812775345,97.27885437011719,176954800,0.0,0.0,0.0
2011-12-02 00:00:00-05:00,98.17402988512892,98.469826435247,97.13094721255095,97.19322204589844,221109700,0.0,0.0,0.0
2011-12-05 00:00:00-05:00,98.7344996405381,98.99916475055805,97.64471959591427,98.25188446044922,225263900,0.0,0.0,0.0
2011-12-06 00:00:00-05:00,98.2440586273001,98.944635469979,97.89377317538735,98.2829818725586,178842100,0.0,0.0,0.0
2011-12-07 00:00:00-05:00,97.95606004474503,99.06141746125809,97.2788405881501,98.64885711669922,237802500,0.0,0.0,0.0
2011-12-08 00:00:00-05:00,98.00278122964377,98.22073721677184,96.25134155455073,96.48486328125,240862800,0.0,0.0,0.0
2011-12-09 00:00:00-05:00,96.92077357963862,98.36863073907092,96.83514717158636,98.11953735351562,209111400,0.0,0.0,0.0
2011-12-12 00:00:00-05:00,97.26325255968675,97.2788242335736,95.86989062834235,96.68722534179688,215826100,0.0,0.0,0.0
2011-12-13 00:00:00-05:00,97.1932126900756,97.74588842041024,95.3172236033365,95.7842788696289,245159800,0.0,0.0,0.0
2011-12-14 00:00:00-05:00,95.40285139791355,95.7687085903808,94.5543791335572,94.7645492553711,238618800,0.0,0.0,0.0
2011-12-15 00:00:00-05:00,95.76871707047174,95.90104663810367,94.95916204795368,95.10706329345703,199109200,0.0,0.0,0.0
2011-12-16 00:00:00-05:00,95.74939912753837,96.31340920567084,95.02087938636667,95.248046875,220481400,0.77,0.0,0.0
2011-12-19 00:00:00-05:00,95.61623279074907,95.81990660101579,94.02602437088564,94.22969818115234,183903000,0.0,0.0,0.0
2011-12-20 00:00:00-05:00,95.71021536976359,97.2455888681337,94.29234619543838,97.08108520507812,225418100,0.0,0.0,0.0
2011-12-21 00:00:00-05:00,97.08112348539682,97.41796615967046,96.15676493575198,97.26912689208984,194230900,0.0,0.0,0.0
2011-12-22 00:00:00-05:00,97.62945961648815,98.23264586923186,97.31612262840929,98.13080596923828,119465400,0.0,0.0,0.0
2011-12-23 00:00:00-05:00,98.44413973448589,99.03949071393762,98.24047190657085,99.0081558227539,92187200,0.0,0.0,0.0
2011-12-27 00:00:00-05:00,98.83580606157456,99.34498752851468,98.74963661440691,99.08647918701172,86075700,0.0,0.0,0.0
2011-12-28 00:00:00-05:00,99.10216073337257,99.1178251907422,97.7077909432185,97.78612518310547,119107100,0.0,0.0,0.0
2011-12-29 00:00:00-05:00,98.10731324011054,98.89850293703252,97.80964068974839,98.79666900634766,123507200,0.0,0.0,0.0
2011-12-30 00:00:00-05:00,98.71828512264327,98.96112896768798,98.31094360351562,98.31094360351562,95599000,0.0,0.0,0.0
2012-01-03 00:00:00-05:00,100.0813593633765,100.56704124072019,99.82285097818456,99.877685546875,193697900,0.0,0.0,0.0
2012-01-04 00:00:00-05:00,99.64266276189012,100.12050935434358,99.25882083527829,100.03433990478516,127186500,0.0,0.0,0.0
2012-01-05 00:00:00-05:00,99.4938567535338,100.44954422359379,99.03950970900856,100.30070495605469,173895000,0.0,0.0,0.0
2012-01-06 00:00:00-05:00,100.42603253757414,100.44170297255756,99.71318313534381,100.04219055175781,148050000,0.0,0.0,0.0
2012-01-09 00:00:00-05:00,100.26935611654892,100.41035416112923,99.8071799219285,100.28502655029297,99530200,0.0,0.0,0.0
2012-01-10 00:00:00-05:00,101.35821646810248,101.56188429118544,101.01353864977864,101.15454864501953,115282000,0.0,0.0,0.0
2012-01-11 00:00:00-05:00,100.84119599576951,101.34254227115748,100.67669828597552,101.2093734741211,111540700,0.0,0.0,0.0
2012-01-12 00:00:00-05:00,101.49920550459905,101.60103341859465,100.69233971302194,101.45219421386719,118983700,0.0,0.0,0.0
2012-01-13 00:00:00-05:00,100.77072254263547,101.09190075681396,100.05003783599375,100.9273910522461,179836200,0.0,0.0,0.0
2012-01-17 00:00:00-05:00,101.89874019997184,102.08674955613908,100.97437580678208,101.31905364990234,132209200,0.0,0.0,0.0
2012-01-18 00:00:00-05:00,101.29556720462153,102.4940986182582,101.11539901874595,102.43927001953125,163395200,0.0,0.0,0.0
2012-01-19 00:00:00-05:00,102.79173465452118,103.06591339393094,102.46272733905104,102.97974395751953,126328900,0.0,0.0,0.0
2012-01-20 00:00:00-05:00,102.80742680272526,103.36360168457031,102.55674767910493,103.36360168457031,138230200,0.0,0.0,0.0
2012-01-23 00:00:00-05:00,103.01893455775205,103.59862112650697,102.60375767507614,103.09727478027344,129295800,0.0,0.0,0.0
2012-01-24 00:00:00-05:00,102.46272733905104,103.01107286483459,102.30605889640373,102.97974395751953,103083300,0.0,0.0,0.0
2012-01-25 00:00:00-05:00,102.82312825176622,104.08432973105609,102.42362167871546,103.84149169921875,198613200,0.0,0.0,0.0
2012-01-26 00:00:00-05:00,104.3036282868052,104.49946687686908,102.90142924128499,103.30877685546875,184880500,0.0,0.0,0.0
2012-01-27 00:00:00-05:00,102.80745559929336,103.44197087325837,102.73694460537581,103.26180267333984,135259100,0.0,0.0,0.0
2012-01-30 00:00:00-05:00,102.23560108767013,102.96412705663046,101.88309392019227,102.90928649902344,147311800,0.0,0.0,0.0
2012-01-31 00:00:00-05:00,103.41844759882406,103.54377521410768,102.36874365541992,102.87010192871094,157212000,0.0,0.0,0.0
2012-02-01 00:00:00-05:00,103.6299250826279,104.29578095455751,103.50459749103666,103.77093505859375,166234500,0.0,0.0,0.0
2012-02-02 00:00:00-05:00,103.97464832940702,104.20182784753699,103.56731256076381,103.93547821044922,113090400,0.0,0.0,0.0
2012-02-03 00:00:00-05:00,104.96951088739718,105.45518688891768,104.78934268571086,105.39251708984375,160598500,0.0,0.0,0.0
2012-02-06 00:00:00-05:00,104.953836270731,105.36901321415418,104.83633787279669,105.32201385498047,107694500,0.0,0.0,0.0
2012-02-07 00:00:00-05:00,105.1026572323143,105.76851324604611,104.68748036122393,105.58833312988281,135528100,0.0,0.0,0.0
2012-02-08 00:00:00-05:00,105.64319444657156,105.92520256097265,105.21234705609189,105.90170288085938,139361400,0.0,0.0,0.0
2012-02-09 00:00:00-05:00,106.0740364488875,106.21503452240498,105.40818033805628,106.03486633300781,148602900,0.0,0.0,0.0
2012-02-10 00:00:00-05:00,105.0948649655511,105.33770299976965,104.8441857347167,105.25153350830078,167907500,0.0,0.0,0.0
2012-02-13 00:00:00-05:00,106.00353741212875,106.16020592260635,105.54919036461493,106.03486633300781,115841900,0.0,0.0,0.0
2012-02-14 00:00:00-05:00,105.75286360478077,105.96437267884203,105.16534769586532,105.90170288085938,165329500,0.0,0.0,0.0
2012-02-15 00:00:00-05:00,106.24636760421757,106.4030361032051,105.19666355961655,105.40817260742188,195195100,0.0,0.0,0.0
2012-02-16 00:00:00-05:00,105.41600959864485,106.66936949361072,105.22800023553205,106.57537078857422,186567800,0.0,0.0,0.0
2012-02-17 00:00:00-05:00,106.94356083146579,107.0297303055097,106.50488421925722,106.85739135742188,129869400,0.0,0.0,0.0
2012-02-21 00:00:00-05:00,107.10802571674266,107.35870481996056,106.57535055196091,106.90435791015625,134042300,0.0,0.0,0.0
2012-02-22 00:00:00-05:00,106.73988346521826,106.96706297157971,106.37170588156332,106.5597152709961,124455300,0.0,0.0,0.0
2012-02-23 00:00:00-05:00,106.50487806516803,107.10805239558147,106.14452975279488,107.02972412109375,137704300,0.0,0.0,0.0
2012-02-24 00:00:00-05:00,107.26467895507812,107.47618792426793,107.02968227046262,107.26467895507812,105539100,0.0,0.0,0.0
2012-02-27 00:00:00-05:00,106.55187690716191,107.73473783768057,106.37953796986245,107.44490051269531,145728900,0.0,0.0,0.0
2012-02-28 00:00:00-05:00,107.47623926619715,107.88358696918246,107.26473019596843,107.75824737548828,129355900,0.0,0.0,0.0
2012-02-29 00:00:00-05:00,107.91488725672032,108.2517358312631,106.9591940262106,107.33521270751953,185934700,0.0,0.0,0.0
2012-03-01 00:00:00-05:00,107.56239576925886,108.09508300168908,107.26471725839961,107.89140319824219,145023500,0.0,0.0,0.0
2012-03-02 00:00:00-05:00,107.82089393296762,107.96190393374111,107.31954761929103,107.56238555908203,120638300,0.0,0.0,0.0
2012-03-05 00:00:00-05:00,107.39788179548707,107.4762100554761,106.75552551717016,107.12370300292969,140765000,0.0,0.0,0.0
2012-03-06 00:00:00-05:00,106.02700127344856,106.08965909403986,105.25147627196353,105.5569839477539,202129900,0.0,0.0,0.0
2012-03-07 00:00:00-05:00,105.79984835818868,106.46570441091423,105.69800845639674,106.29336547851562,143692200,0.0,0.0,0.0
2012-03-08 00:00:00-05:00,106.94354779536958,107.57023371629408,106.72420951600198,107.35088348388672,116968900,0.0,0.0,0.0
2012-03-09 00:00:00-05:00,107.55456609041995,108.04807125536713,107.42139727111419,107.76607513427734,122836800,0.0,0.0,0.0
2012-03-12 00:00:00-04:00,107.75038796117022,107.91488567292006,107.39003971846402,107.77388763427734,104003500,0.0,0.0,0.0
2012-03-13 00:00:00-04:00,108.35356217929018,109.77143141457552,108.17338210128739,109.71659088134766,184090500,0.0,0.0,0.0
2012-03-14 00:00:00-04:00,109.7479221490553,110.0220889321142,109.26223444377422,109.59908294677734,145163600,0.0,0.0,0.0
2012-03-15 00:00:00-04:00,109.76363270919971,110.28064956674322,109.48162460081612,110.23365020751953,165118500,0.0,0.0,0.0
2012-03-16 00:00:00-04:00,110.43347393628686,110.52788457741528,110.15023000747931,110.38626861572266,152893500,0.614,0.0,0.0
2012-03-19 00:00:00-04:00,110.3154796172888,111.15733599153072,110.23679606586086,110.81902313232422,125291100,0.0,0.0,0.0
2012-03-20 00:00:00-04:00,110.18955239067539,110.63015131232277,109.86696674967634,110.49639892578125,121729700,0.0,0.0,0.0
2012-03-21 00:00:00-04:00,110.55935471772838,110.66162890300498,110.0872775357297,110.3154525756836,122388400,0.0,0.0,0.0
2012-03-22 00:00:00-04:00,109.50503573593438,109.79615516096817,109.15885945564038,109.5207748413086,135216700,0.0,0.0,0.0
2012-03-23 00:00:00-04:00,109.61525621108082,110.00077445870014,109.00942638641672,109.87488555908203,120521000,0.0,0.0,0.0
2012-03-26 00:00:00-04:00,110.66163292297543,111.41695404052734,110.62230316089803,111.41695404052734,120164000,0.0,0.0,0.0
2012-03-27 00:00:00-04:00,111.51920652085052,111.59001447768969,110.99992415986004,111.07073211669922,119868500,0.0,0.0,0.0
2012-03-28 00:00:00-04:00,111.01569940131579,111.18879357799203,109.8669845929573,110.52001953125,148562100,0.0,0.0,0.0
2012-03-29 00:00:00-04:00,109.86700553374608,110.5357797079573,109.43427000957554,110.33120727539062,164963700,0.0,0.0,0.0
2012-03-30 00:00:00-04:00,110.87408371901977,110.97636992713875,110.18958249341982,110.78753662109375,135486800,0.0,0.0,0.0
2012-04-02 00:00:00-04:00,110.65380348306634,111.88906573189328,110.4335039236645,111.59794616699219,151741100,0.0,0.0,0.0
2012-04-03 00:00:00-04:00,111.44059996384979,111.62943331790287,110.48858164462703,111.14161682128906,155806700,0.0,0.0,0.0
2012-04-04 00:00:00-04:00,110.32332113043408,110.41773176894723,109.63094443354572,110.04007720947266,146896000,0.0,0.0,0.0
2012-04-05 00:00:00-04:00,109.66244212845055,110.30760161525482,109.56801946774388,109.98501586914062,137439400,0.0,0.0,0.0
2012-04-09 00:00:00-04:00,108.6002490940462,110.02433217353095,108.45075758750646,108.74974060058594,127555900,0.0,0.0,0.0
2012-04-10 00:00:00-04:00,108.53733235149929,108.84417899381589,106.81426581948126,106.9244155883789,235360300,0.0,0.0,0.0
2012-04-11 00:00:00-04:00,108.01803427396418,108.21473111924851,107.59317437053598,107.78987121582031,154133000,0.0,0.0,0.0
2012-04-12 00:00:00-04:00,107.89214624717495,109.28475112370926,107.81346271503814,109.19820404052734,154321500,0.0,0.0,0.0
2012-04-13 00:00:00-04:00,108.9464839185786,109.22186439082465,107.79776869816183,107.90005493164062,169246700,0.0,0.0,0.0
2012-04-16 00:00:00-04:00,108.45077276952394,108.60812784907024,107.45942496350148,107.82921600341797,147825300,0.0,0.0,0.0
2012-04-17 00:00:00-04:00,108.45076335499688,109.64668346549337,108.34061360833418,109.42638397216797,147877600,0.0,0.0,0.0
2012-04-18 00:00:00-04:00,108.93857392739591,109.42637820757287,108.87562950327285,109.05658721923828,123884200,0.0,0.0,0.0
2012-04-19 00:00:00-04:00,109.0723177630638,109.48143847961043,107.84493160258305,108.35633850097656,198666700,0.0,0.0,0.0
2012-04-20 00:00:00-04:00,108.83631371202486,109.22970745261394,108.47438618829625,108.5373306274414,143199600,0.0,0.0,0.0
2012-04-23 00:00:00-04:00,107.42794457164652,107.71906406861358,106.95587934255494,107.62464141845703,171844900,0.0,0.0,0.0
2012-04-24 00:00:00-04:00,107.71905756646416,108.30914807127661,107.63251047887479,108.03376770019531,137484200,0.0,0.0,0.0
2012-04-25 00:00:00-04:00,109.08805233711173,109.56012951060058,108.99364170458244,109.51292419433594,150252200,0.0,0.0,0.0
2012-04-26 00:00:00-04:00,109.27690726409732,110.40201954820473,109.21396282812972,110.27613067626953,136291600,0.0,0.0,0.0
2012-04-27 00:00:00-04:00,110.60656090596366,110.77177951716942,109.99286776778489,110.45706939697266,130725000,0.0,0.0,0.0
2012-04-30 00:00:00-04:00,110.23684518409608,110.31552877058307,109.74904056308002,110.04801177978516,115092200,0.0,0.0,0.0
2012-05-01 00:00:00-04:00,109.98504029719844,111.45634136620252,109.85916339733872,110.73249816894531,138832200,0.0,0.0,0.0
2012-05-02 00:00:00-04:00,110.08726308662514,110.51213489574323,109.7253476992933,110.40198516845703,121081000,0.0,0.0,0.0
2012-05-03 00:00:00-04:00,110.41774556794518,110.50429266587207,109.35558973566782,109.56015014648438,143759700,0.0,0.0,0.0
2012-05-04 00:00:00-04:00,108.98579139666748,109.59948459352081,107.7269267846786,107.78987121582031,193927300,0.0,0.0,0.0
2012-05-07 00:00:00-04:00,107.40433948949068,108.23046862855786,107.36500972535332,107.8685531616211,127765900,0.0,0.0,0.0
2012-05-08 00:00:00-04:00,107.22337796004408,107.60890807940602,106.15334669517905,107.4358139038086,213377700,0.0,0.0,0.0
2012-05-09 00:00:00-04:00,106.29496432096458,107.48300876935637,105.81502360901966,106.79850769042969,220752500,0.0,0.0,0.0
2012-05-10 00:00:00-04:00,107.53813058984913,107.67189505556063,106.77495761185469,107.01885986328125,150600000,0.0,0.0,0.0
2012-05-11 00:00:00-04:00,106.35007010721534,107.6876065211882,106.3028647757872,106.69625854492188,153032400,0.0,0.0,0.0
2012-05-14 00:00:00-04:00,105.67338439307662,106.69621012978803,105.35867432274371,105.51602935791016,163910000,0.0,0.0,0.0
2012-05-15 00:00:00-04:00,105.44523123175287,106.06678788055328,104.74499105531764,104.91020965576172,207629300,0.0,0.0,0.0
2012-05-16 00:00:00-04:00,105.38229127910569,105.86223200501857,104.48535425097259,104.50895690917969,207265500,0.0,0.0,0.0
2012-05-17 00:00:00-04:00,104.53258217962814,104.65847105424542,102.90392637850458,102.9590072631836,247992900,0.0,0.0,0.0
2012-05-18 00:00:00-04:00,103.36026762627048,103.54123739096181,101.92832065243758,102.07781219482422,319615900,0.0,0.0,0.0
2012-05-21 00:00:00-04:00,102.40823807176604,103.87166293316194,102.24300745602167,103.83232116699219,177861100,0.0,0.0,0.0
2012-05-22 00:00:00-04:00,104.0998298625214,104.82367276652134,103.33664519087998,104.0132827758789,197531200,0.0,0.0,0.0
2012-05-23 00:00:00-04:00,103.26582539813649,104.2178432422872,102.27447779626577,104.06835174560547,204958400,0.0,0.0,0.0
2012-05-24 00:00:00-04:00,104.35160986758098,104.51682848772052,103.3995918935623,104.2729263305664,167357600,0.0,0.0,0.0
2012-05-25 00:00:00-04:00,104.23360242762625,104.52472196014008,103.68285359039285,103.93463134765625,135465600,0.0,0.0,0.0
2012-05-29 00:00:00-04:00,104.76859110318173,105.37440863028267,103.20288018344168,105.19345092773438,152883500,0.0,0.0,0.0
2012-05-30 00:00:00-04:00,104.29653129276716,105.1856048578835,103.45467505415512,103.66709899902344,162370400,0.0,0.0,0.0
2012-05-31 00:00:00-04:00,103.62776761296588,104.20998257109179,102.54986077497236,103.43893432617188,196186000,0.0,0.0,0.0
2012-06-01 00:00:00-04:00,101.81814751749643,103.46253009550792,100.83466339111328,100.83466339111328,253240900,0.0,0.0,0.0
2012-06-04 00:00:00-04:00,101.01563866051674,101.2910190659205,100.03215436325124,100.7874755859375,202545800,0.0,0.0,0.0
2012-06-05 00:00:00-04:00,100.59077911085649,101.70014634720192,100.53570422682108,101.55066680908203,164149400,0.0,0.0,0.0
2012-06-06 00:00:00-04:00,102.25874656357387,103.87952648422731,102.22726834846947,103.83232116699219,184202800,0.0,0.0,0.0
2012-06-07 00:00:00-04:00,105.01253873619144,105.0597440698865,103.68286581179423,103.89530181884766,184772700,0.0,0.0,0.0
2012-06-08 00:00:00-04:00,103.62777860156376,104.74501532136568,103.29731731327685,104.7214126586914,143915400,0.0,0.0,0.0
2012-06-11 00:00:00-04:00,105.56326008332852,105.62620451363352,103.28944506228358,103.39173126220703,169756100,0.0,0.0,0.0
2012-06-12 00:00:00-04:00,103.69069940344698,104.65058092930087,103.19503153744992,104.57977294921875,181931800,0.0,0.0,0.0
2012-06-13 00:00:00-04:00,104.27295682285349,104.92599195368891,103.55697724508417,103.91104125976562,172223900,0.0,0.0,0.0
2012-06-14 00:00:00-04:00,104.12342349935817,105.42949323717946,103.84017960447427,105.01249694824219,230615500,0.0,0.0,0.0
2012-06-15 00:00:00-04:00,105.4854573339939,106.18140953478171,105.2640163517939,106.08650970458984,169444500,0.688,0.0,0.0
2012-06-18 00:00:00-04:00,105.6436196511703,106.55310846787967,105.40635802622903,106.29212188720703,131360900,0.0,0.0,0.0
2012-06-19 00:00:00-04:00,106.82991201046967,107.75522145484742,106.26839325313252,107.32024383544922,137382600,0.0,0.0,0.0
2012-06-20 00:00:00-04:00,107.32817819359934,107.6366147267714,106.18933189646276,107.14627075195312,206451800,0.0,0.0,0.0
2012-06-21 00:00:00-04:00,107.2727974150753,107.3835178974667,104.65503938539989,104.74203491210938,205272200,0.0,0.0,0.0
2012-06-22 00:00:00-04:00,105.28774233966105,105.74644496945793,104.88439392214163,105.5487289428711,130029200,0.0,0.0,0.0
2012-06-25 00:00:00-04:00,104.43362021271886,104.4731658363165,103.48458558452558,103.85629272460938,146375700,0.0,0.0,0.0
2012-06-26 00:00:00-04:00,104.15679389273285,104.694587726656,103.54782518991081,104.37823486328125,141634000,0.0,0.0,0.0
2012-06-27 00:00:00-04:00,104.7262335771135,105.52500205692841,104.37034710858725,105.31938171386719,108088000,0.0,0.0,0.0
2012-06-28 00:00:00-04:00,104.62340493094955,105.17701944685955,103.82463654611657,105.01883697509766,169242100,0.0,0.0,0.0
2012-06-29 00:00:00-04:00,106.92483456633269,107.7710650301592,106.64803934431471,107.6366195678711,212250900,0.0,0.0,0.0
2012-07-02 00:00:00-04:00,107.93710573599795,108.07155115591873,107.17788312143045,107.96083068847656,129524500,0.0,0.0,0.0
2012-07-03 00:00:00-04:00,107.9371280576333,108.75171710819363,107.8264075672939,108.67263793945312,80450000,0.0,0.0,0.0
2012-07-05 00:00:00-04:00,108.26927701704183,108.98106185922272,107.78684949324912,108.18228149414062,126177500,0.0,0.0,0.0
2012-07-06 00:00:00-04:00,107.13836940123983,107.37563106427298,106.64803748056624,107.15419006347656,151192100,0.0,0.0,0.0
2012-07-09 00:00:00-04:00,107.0671947922471,107.21746091480084,106.52940088350898,107.01974487304688,103780500,0.0,0.0,0.0
2012-07-10 00:00:00-04:00,107.56542170734593,107.73941277445,105.72270690947357,106.08650970458984,167884800,0.0,0.0,0.0
2012-07-11 00:00:00-04:00,106.14186342383512,106.45029990308885,105.48544485155115,106.1023178100586,141733400,0.0,0.0,0.0
2012-07-12 00:00:00-04:00,105.48546033557504,106.15768759794305,104.8685872865179,105.58826446533203,143583200,0.0,0.0,0.0
2012-07-13 00:00:00-04:00,105.86506204728232,107.47051510081796,105.84924138737173,107.35979461669922,129642600,0.0,0.0,0.0
2012-07-16 00:00:00-04:00,107.11468211478767,107.42311876492157,106.68760855759692,107.10676574707031,97525200,0.0,0.0,0.0
2012-07-17 00:00:00-04:00,107.53377240405898,108.0636498032182,106.41074704153294,107.84220886230469,138860300,0.0,0.0,0.0
2012-07-18 00:00:00-04:00,107.58911790466549,108.85450495123244,107.52585941319985,108.6409683227539,113349700,0.0,0.0,0.0
2012-07-19 00:00:00-04:00,108.8624343823545,109.28159137394378,108.51446432844544,108.92570495605469,129847300,0.0,0.0,0.0
2012-07-20 00:00:00-04:00,108.30882583067509,108.47491258571247,107.8105897008176,107.92921447753906,142904500,0.0,0.0,0.0
2012-07-23 00:00:00-04:00,106.34748251514021,107.85803564383876,105.84923433598395,106.83781433105469,145210900,0.0,0.0,0.0
2012-07-24 00:00:00-04:00,106.91692962707955,106.96437954670468,105.20866011479757,105.9204330444336,173301200,0.0,0.0,0.0
2012-07-25 00:00:00-04:00,106.14188413064763,106.41867934582822,105.38264922795383,105.94416809082031,129122300,0.0,0.0,0.0
2012-07-26 00:00:00-04:00,107.47050698549569,107.9213052516991,106.97225881077125,107.69194793701172,156526500,0.0,0.0,0.0
2012-07-27 00:00:00-04:00,108.26136838577666,109.98545811578423,107.66822040819349,109.67700958251953,236768900,0.0,0.0,0.0
2012-07-30 00:00:00-04:00,109.55048051869792,110.19898269902309,109.35276452617019,109.67700958251953,106782000,0.0,0.0,0.0
2012-07-31 00:00:00-04:00,109.52676218977963,109.82728231061284,108.9098892211914,108.9098892211914,120575900,0.0,0.0,0.0
2012-08-01 00:00:00-04:00,109.69283911375967,109.71656406937196,108.66471345592653,108.81497955322266,138293800,0.0,0.0,0.0
2012-08-02 00:00:00-04:00,107.99251529957579,108.79920021014016,107.22537601487227,108.06369018554688,199556600,0.0,0.0,0.0
2012-08-03 00:00:00-04:00,109.58211982806948,110.43625444231932,108.09529156612038,110.2069091796875,157825000,0.0,0.0,0.0
2012-08-06 00:00:00-04:00,110.49954717980546,110.85543365689267,110.37300601135622,110.42045593261719,86326200,0.0,0.0,0.0
2012-08-07 00:00:00-04:00,110.86330463057924,111.44854830801825,110.7446798630838,110.97403717041016,109545100,0.0,0.0,0.0
2012-08-08 00:00:00-04:00,110.60232990788715,111.23501142335824,110.57068859153779,111.10848236083984,89754700,0.0,0.0,0.0
2012-08-09 00:00:00-04:00,110.95031735812361,111.42484063695856,110.83959686874589,111.20339965820312,90291700,0.0,0.0,0.0
2012-08-10 00:00:00-04:00,110.75260597355694,111.42484530211385,110.57071060502682,111.38529968261719,99792700,0.0,0.0,0.0
2012-08-13 00:00:00-04:00,111.1954953493567,111.38529500676702,110.75260132426666,111.32994079589844,79426900,0.0,0.0,0.0
2012-08-14 00:00:00-04:00,111.74121156870275,111.81239852705906,111.01361786126483,111.34577941894531,102379400,0.0,0.0,0.0
2012-08-15 00:00:00-04:00,111.22713171686962,111.66210940563552,111.15595684078858,111.47229766845703,71085900,0.0,0.0,0.0
2012-08-16 00:00:00-04:00,111.63046477804153,112.42924525584847,111.35366957893201,112.2947998046875,112014200,0.0,0.0,0.0
2012-08-17 00:00:00-04:00,112.48460635159556,112.53997263538255,112.1919904733769,112.44506072998047,90813700,0.0,0.0,0.0
2012-08-20 00:00:00-04:00,112.28687801716765,112.47668973956043,111.97844151054696,112.45296478271484,78255700,0.0,0.0,0.0
2012-08-21 00:00:00-04:00,112.72978053545486,113.16475826969699,111.86774143244887,112.11290740966797,105581100,0.0,0.0,0.0
2012-08-22 00:00:00-04:00,111.82817345954896,112.34224234005703,111.56719893878868,112.16034698486328,133243500,0.0,0.0,0.0
2012-08-23 00:00:00-04:00,111.88354844827427,111.89145274515803,111.06895936697961,111.24295043945312,111466400,0.0,0.0,0.0
2012-08-24 00:00:00-04:00,110.96614943333189,112.16826634710895,110.89497455447372,111.9151840209961,99481200,0.0,0.0,0.0
2012-08-27 00:00:00-04:00,112.2156728402323,112.36593890475696,111.78069530282534,111.9388656616211,68785900,0.0,0.0,0.0
2012-08-28 00:00:00-04:00,111.65417972161644,112.17615288586869,111.48810503057194,111.82817077636719,75689600,0.0,0.0,0.0
2012-08-29 00:00:00-04:00,111.92310038595556,112.21571626634774,111.60674747831449,111.9151840209961,65421300,0.0,0.0,0.0
2012-08-30 00:00:00-04:00,111.43272741384955,111.46436873019893,110.871220758725,111.10848236083984,96589900,0.0,0.0,0.0
2012-08-31 00:00:00-04:00,111.74120136035249,112.16037050302232,111.00570342145971,111.63839721679688,151970400,0.0,0.0,0.0
2012-09-04 00:00:00-04:00,111.5434649043903,111.87563843860777,110.82378776059437,111.53556060791016,120226200,0.0,0.0,0.0
2012-09-05 00:00:00-04:00,111.58303122634449,111.88356349514889,111.21924043870486,111.44068145751953,100660300,0.0,0.0,0.0
2012-09-06 00:00:00-04:00,112.11291550556751,113.7104647232234,112.1050112071488,113.70256042480469,158272500,0.0,0.0,0.0
2012-09-07 00:00:00-04:00,113.89231111951158,114.19284327693875,113.78950701378068,114.14539337158203,107272100,0.0,0.0,0.0
2012-09-10 00:00:00-04:00,114.03471165922159,114.23242771048797,113.45738416846017,113.49691772460938,86458500,0.0,0.0,0.0
2012-09-11 00:00:00-04:00,113.56811220922695,114.17706899883547,113.53647088105222,113.81327819824219,88760000,0.0,0.0,0.0
2012-09-12 00:00:00-04:00,114.19287872314453,114.31941988845895,113.80535092973027,114.19287872314453,87640900,0.0,0.0,0.0
2012-09-13 00:00:00-04:00,114.17703541587186,116.2886409142895,113.87651529238934,115.93275451660156,225470200,0.0,0.0,0.0
2012-09-14 00:00:00-04:00,116.16210397831986,117.13486328418506,116.06719209576791,116.44681549072266,169777000,0.0,0.0,0.0
2012-09-17 00:00:00-04:00,116.20957727293455,116.4072933055705,115.75877892606266,116.05140686035156,119427800,0.0,0.0,0.0
2012-09-18 00:00:00-04:00,115.85368543678896,116.10675567162004,115.66387370994438,115.95648956298828,98326600,0.0,0.0,0.0
2012-09-19 00:00:00-04:00,116.09092736996291,116.39145956744606,115.79040724010736,116.0197525024414,128318300,0.0,0.0,0.0
2012-09-20 00:00:00-04:00,115.48985519469002,116.09090741873268,115.17351445943085,116.02764892578125,154009800,0.0,0.0,0.0
2012-09-21 00:00:00-04:00,116.59136825962915,116.6152198604127,115.931445663179,115.9791488647461,108737500,0.779,0.0,0.0
2012-09-24 00:00:00-04:00,115.40675530697675,116.06667829870062,115.31929534103617,115.8042984008789,95682000,0.0,0.0,0.0
2012-09-25 00:00:00-04:00,116.05072897316956,116.27335202711815,114.54005867046511,114.57186889648438,133165200,0.0,0.0,0.0
2012-09-26 00:00:00-04:00,114.54803462606606,114.57983272485036,113.65753014347658,113.9278564453125,146502200,0.0,0.0,0.0
2012-09-27 00:00:00-04:00,114.40493665502635,115.263631085447,114.10280005949383,115.00125122070312,111830300,0.0,0.0,0.0
2012-09-28 00:00:00-04:00,114.56393518226638,114.93762656093747,114.06303926800129,114.4685287475586,150696100,0.0,0.0,0.0
2012-10-01 00:00:00-04:00,114.90583119285218,115.83608034952476,114.50032957160167,114.77066802978516,135911200,0.0,0.0,0.0
2012-10-02 00:00:00-04:00,115.2237965359504,115.40666281561461,114.35715619749534,114.88986206054688,113422200,0.0,0.0,0.0
2012-10-03 00:00:00-04:00,115.20000927533728,115.62935037433078,114.59574828696323,115.35902404785156,121283100,0.0,0.0,0.0
2012-10-04 00:00:00-04:00,115.79631660514598,116.35287434052762,115.63730184247245,116.1859130859375,124311600,0.0,0.0,0.0
2012-10-05 00:00:00-04:00,116.8060211508193,117.00479253847013,115.84396229649053,116.19380187988281,124842100,0.0,0.0,0.0
2012-10-08 00:00:00-04:00,115.76451995408608,116.17795591580114,115.53393823308262,115.79631805419922,78415400,0.0,0.0,0.0
2012-10-09 00:00:00-04:00,115.70880963272903,115.80421602514275,114.6115875917961,114.6513442993164,148872900,0.0,0.0,0.0
2012-10-10 00:00:00-04:00,114.63547907235387,114.74680274495853,113.76883835430235,113.91990661621094,124247500,0.0,0.0,0.0
2012-10-11 00:00:00-04:00,114.71495204447889,114.88192536243092,113.95962313345841,113.98347473144531,123601500,0.0,0.0,0.0
2012-10-12 00:00:00-04:00,114.06304524577818,114.45262962928498,113.36336566912132,113.6098403930664,124181900,0.0,0.0,0.0
2012-10-15 00:00:00-04:00,113.88015659049567,114.67524253608995,113.5144238494696,114.55598449707031,107689100,0.0,0.0,0.0
2012-10-16 00:00:00-04:00,115.09661566479882,115.79629504877002,115.01711436428621,115.71678161621094,108815500,0.0,0.0,0.0
2012-10-17 00:00:00-04:00,115.79630050446248,116.33696518083518,115.62138065022842,116.24154663085938,128834100,0.0,0.0,0.0
2012-10-18 00:00:00-04:00,115.9394302368164,116.49598793308824,115.54983378340219,115.9394302368164,148108500,0.0,0.0,0.0
2012-10-19 00:00:00-04:00,115.72475850020905,115.73270499190033,113.73704369303283,114.00736999511719,185645200,0.0,0.0,0.0
2012-10-22 00:00:00-04:00,113.81650909650908,114.22995704293074,113.12478844410798,114.02323913574219,125578600,0.0,0.0,0.0
2012-10-23 00:00:00-04:00,112.79089506228323,112.94990982828426,111.97195749193138,112.44105529785156,192056300,0.0,0.0,0.0
2012-10-24 00:00:00-04:00,112.84654298044852,112.98171826805603,111.94810410737598,112.1230239868164,120179400,0.0,0.0,0.0
2012-10-25 00:00:00-04:00,112.91812274006604,113.12484074282234,111.76525040906527,112.44901275634766,134457400,0.0,0.0,0.0
2012-10-26 00:00:00-04:00,112.34561926252556,112.77496023080548,111.6220883160089,112.3853759765625,146023500,0.0,0.0,0.0
2012-10-31 00:00:00-04:00,112.78291885284033,112.92602846491837,111.85265784614991,112.3853759765625,103438500,0.0,0.0,0.0
2012-11-01 00:00:00-04:00,112.62390330995485,113.70522052733254,112.52055040153178,113.5621109008789,100995600,0.0,0.0,0.0
2012-11-02 00:00:00-04:00,114.23793879743008,114.26974902807557,112.43310249986811,112.55236053466797,137702200,0.0,0.0,0.0
2012-11-05 00:00:00-05:00,112.38534754412099,113.03731138761208,112.05140093633268,112.78289031982422,98378500,0.0,0.0,0.0
2012-11-06 00:00:00-05:00,113.12480927280518,114.11072005517038,113.0055512528624,113.66547393798828,107068100,0.0,0.0,0.0
2012-11-07 00:00:00-05:00,112.63186980900917,112.64776279169519,110.56464164733062,111.08940124511719,264304500,0.0,0.0,0.0
2012-11-08 00:00:00-05:00,111.07348456962865,111.63800082946992,109.66617929732999,109.7536392211914,181517300,0.0,0.0,0.0
2012-11-09 00:00:00-05:00,109.41969932127363,110.86676123992108,109.36404962627348,109.84905242919922,201055300,0.0,0.0,0.0
2012-11-12 00:00:00-05:00,110.19092165866684,110.3658414791148,109.69002592924282,109.9365005493164,97677500,0.0,0.0,0.0
2012-11-13 00:00:00-05:00,109.3560915334547,110.71569353907248,109.21298191815075,109.55486297607422,123018300,0.0,0.0,0.0
2012-11-14 00:00:00-05:00,109.88881852181639,110.06372624391909,107.82953699015304,108.07601165771484,191505000,0.0,0.0,0.0
2012-11-15 00:00:00-05:00,108.11575046762223,108.52125194055098,107.47967947898587,107.89312744140625,178128400,0.0,0.0,0.0
2012-11-16 00:00:00-05:00,108.05218141608223,108.640549417461,107.09808065247974,108.42587280273438,239483900,0.0,0.0,0.0
2012-11-19 00:00:00-05:00,109.64234350577239,110.63620090568712,108.45767324958499,110.62030792236328,151495800,0.0,0.0,0.0
2012-11-20 00:00:00-05:00,110.44536859038983,110.85085797057573,109.78544593727037,110.6679916381836,119807400,0.0,0.0,0.0
2012-11-21 00:00:00-05:00,110.7634061803344,110.97013626277993,110.54078311619851,110.87471771240234,81710800,0.0,0.0,0.0
2012-11-23 00:00:00-05:00,111.41537038788091,112.42512055855364,111.3438034497961,112.3853759765625,65409200,0.0,0.0,0.0
2012-11-26 00:00:00-05:00,111.82880899785617,112.39332523417173,111.46307633662025,112.1468505859375,100124400,0.0,0.0,0.0
2012-11-27 00:00:00-05:00,112.03559142163847,112.41722937364399,111.50288516120007,111.5744400024414,128646200,0.0,0.0,0.0
2012-11-28 00:00:00-05:00,111.12120644201856,112.5364584425552,110.51694549605247,112.47286224365234,177086500,0.0,0.0,0.0
2012-11-29 00:00:00-05:00,112.89425907519413,113.30769503656222,112.40129753348775,112.99761199951172,151085900,0.0,0.0,0.0
2012-11-30 00:00:00-05:00,113.01352262381423,113.2361457314165,112.63188474393169,113.02146911621094,136568300,0.0,0.0,0.0
2012-12-03 00:00:00-05:00,113.53825255987647,113.63365897185146,112.37742197531348,112.46488189697266,124656300,0.0,0.0,0.0
2012-12-04 00:00:00-05:00,112.45693830036419,112.79881937343595,112.00373356772867,112.30587005615234,127512200,0.0,0.0,0.0
2012-12-05 00:00:00-05:00,112.40127363748347,113.0293982021063,111.60618785181651,112.504638671875,147300500,0.0,0.0,0.0
2012-12-06 00:00:00-05:00,112.40128102808315,112.9339870836609,112.23431979606099,112.88628387451172,103220600,0.0,0.0,0.0
2012-12-07 00:00:00-05:00,113.32357108068427,113.45078771249172,112.63979684977645,113.22816467285156,108726400,0.0,0.0,0.0
2012-12-10 00:00:00-05:00,113.06915334299784,113.54619752852608,113.0214380056035,113.27587127685547,98840700,0.0,0.0,0.0
2012-12-11 00:00:00-05:00,113.74501306448221,114.57985587783416,113.68936334735253,114.04714965820312,152570400,0.0,0.0,0.0
2012-12-12 00:00:00-05:00,114.49236438512798,114.92966403661956,113.94375319798831,114.10276794433594,145880100,0.0,0.0,0.0
2012-12-13 00:00:00-05:00,114.03124990389023,114.35723812486643,113.11690571847555,113.40313720703125,135715000,0.0,0.0,0.0
2012-12-14 00:00:00-05:00,113.15660928795373,113.36332721454873,112.80676961829627,112.981689453125,137701700,0.0,0.0,0.0
2012-12-17 00:00:00-05:00,113.27593292838131,114.37315577674885,113.24412268613872,114.3095474243164,143238200,0.0,0.0,0.0
2012-12-18 00:00:00-05:00,114.49235559519042,115.68498429930699,114.32538223851361,115.58161926269531,177762800,0.0,0.0,0.0
2012-12-19 00:00:00-05:00,115.70884941567527,115.74860613686472,114.68319394845618,114.72293853759766,150895400,0.0,0.0,0.0
2012-12-20 00:00:00-05:00,114.79452526495976,115.39878628217623,114.47648357270104,115.38288116455078,168487000,0.0,0.0,0.0
2012-12-21 00:00:00-05:00,113.83909507968255,115.37648592812053,113.65493171306193,114.33554077148438,245883800,1.022,0.0,0.0
2012-12-24 00:00:00-05:00,114.08729364347944,114.15135310912545,113.8550887713447,113.98320770263672,53874600,0.0,0.0,0.0
2012-12-26 00:00:00-05:00,114.21541423601307,114.27147085105383,113.18248435542007,113.50276947021484,106947700,0.0,0.0,0.0
2012-12-27 00:00:00-05:00,113.53478740534672,113.76700448731663,112.03743563066628,113.35062408447266,167920600,0.0,0.0,0.0
2012-12-28 00:00:00-05:00,112.6139462036943,113.23851063025779,111.99738462738706,112.12550354003906,148806700,0.0,0.0,0.0
2012-12-31 00:00:00-05:00,111.829241289386,114.15133858770996,111.73314599409457,114.03123474121094,243935200,0.0,0.0,0.0
2013-01-02 00:00:00-05:00,116.1931864969801,117.02593498669802,115.88890713626975,116.95387268066406,192059000,0.0,0.0,0.0
2013-01-03 00:00:00-05:00,116.897809594982,117.20207668893207,116.37733118132985,116.68961334228516,144761800,0.0,0.0,0.0
2013-01-04 00:00:00-05:00,116.88186323155787,117.39432689192373,116.64164321805256,117.2021484375,116817700,0.0,0.0,0.0
2013-01-07 00:00:00-05:00,116.78576808801955,116.99395222863556,116.44945277288389,116.88185119628906,110002500,0.0,0.0,0.0
2013-01-08 00:00:00-05:00,116.6736282521924,116.83377078541324,116.08909028970285,116.5455093383789,121265100,0.0,0.0,0.0
2013-01-09 00:00:00-05:00,116.80172767208775,117.16206362200364,116.61756438126032,116.84176635742188,90745600,0.0,0.0,0.0
2013-01-10 00:00:00-05:00,117.49037125648196,117.77863273398727,116.88182467867898,117.7706298828125,130735400,0.0,0.0,0.0
2013-01-11 00:00:00-05:00,117.73857840264141,117.82665862623755,117.3942725764604,117.76261138916016,113917300,0.0,0.0,0.0
2013-01-14 00:00:00-05:00,117.61848905988315,117.76262590630513,117.25015020177656,117.68254852294922,89567200,0.0,0.0,0.0
2013-01-15 00:00:00-05:00,117.13803475578375,117.87471238118324,117.06597245050285,117.76261138916016,93172600,0.0,0.0,0.0
2013-01-16 00:00:00-05:00,117.52240291358808,117.93076823464392,117.39428399079266,117.7466049194336,104849500,0.0,0.0,0.0
2013-01-17 00:00:00-05:00,118.2670433146036,118.84356611294396,117.8266422578033,118.50726318359375,133833500,0.0,0.0,0.0
2013-01-18 00:00:00-05:00,118.48326868828447,118.89964907231345,118.05087038461402,118.77153015136719,169906000,0.0,0.0,0.0
2013-01-22 00:00:00-05:00,118.77154218226308,119.41212463378906,118.49128354156606,119.41212463378906,111797300,0.0,0.0,0.0
2013-01-23 00:00:00-05:00,119.41208193280038,119.70834617072518,119.19588283637677,119.604248046875,104596100,0.0,0.0,0.0
2013-01-24 00:00:00-05:00,119.4281104751699,120.2208325016333,119.31600948115315,119.63630676269531,146426400,0.0,0.0,0.0
2013-01-25 00:00:00-05:00,120.0126118333499,120.30887603759766,119.60423445118322,120.30887603759766,147211600,0.0,0.0,0.0
2013-01-28 00:00:00-05:00,120.34095080466666,120.37298664571593,119.71638630323403,120.16480255126953,113357700,0.0,0.0,0.0
2013-01-29 00:00:00-05:00,119.9245548297941,120.78933906635575,119.84447746381797,120.63719940185547,105694400,0.0,0.0,0.0
2013-01-30 00:00:00-05:00,120.62120943242716,120.86142936792281,120.05268932569057,120.16480255126953,137447700,0.0,0.0,0.0
2013-01-31 00:00:00-05:00,120.02065470045217,120.41301429973062,119.78844985555176,119.86851501464844,108975800,0.0,0.0,0.0
2013-02-01 00:00:00-05:00,120.62917901627563,121.24574049645605,120.42099497924266,121.10161590576172,131173000,0.0,0.0,0.0
2013-02-04 00:00:00-05:00,120.36500192346095,121.12568831869126,119.65234486085164,119.74042510986328,159073600,0.0,0.0,0.0
2013-02-05 00:00:00-05:00,120.38900363390539,121.29381453799787,120.34094987270363,120.94950866699219,113912400,0.0,0.0,0.0
2013-02-06 00:00:00-05:00,120.52507335246877,121.1176017523266,120.43699315545096,121.03753662109375,138762800,0.0,0.0,0.0
2013-02-07 00:00:00-05:00,121.07762263973949,121.18972364176989,119.99663909165913,120.87744140625,162490000,0.0,0.0,0.0
2013-02-08 00:00:00-05:00,121.08561169438423,121.62209587283927,121.08561169438423,121.55003356933594,103133700,0.0,0.0,0.0
2013-02-11 00:00:00-05:00,121.50199546683838,121.63010215954472,121.22173687672888,121.52601623535156,73775000,0.0,0.0,0.0
2013-02-12 00:00:00-05:00,121.53402554205022,121.95040591521875,121.39790377388006,121.72620391845703,65392700,0.0,0.0,0.0
2013-02-13 00:00:00-05:00,121.97443622554367,122.1986382398419,121.48599350480248,121.8302993774414,82322600,0.0,0.0,0.0
2013-02-14 00:00:00-05:00,121.4619628296105,122.08652727824445,121.32584106189206,121.94239044189453,80834300,0.0,0.0,0.0
2013-02-15 00:00:00-05:00,122.0545120976208,122.1826310364843,121.34988237006053,121.79828643798828,215226500,0.0,0.0,0.0
2013-02-19 00:00:00-05:00,122.00642551415483,122.7350879646154,121.83828015979623,122.71106719970703,95105400,0.0,0.0,0.0
2013-02-20 00:00:00-05:00,122.62303206309147,122.66307075868627,121.11766507900705,121.18172454833984,160574800,0.0,0.0,0.0
2013-02-21 00:00:00-05:00,120.8774208158218,121.24574738056917,120.06067810124378,120.44502258300781,183257000,0.0,0.0,0.0
2013-02-22 00:00:00-05:00,121.02955243157255,121.6220932006836,120.50108333273428,121.6220932006836,106356600,0.0,0.0,0.0
2013-02-25 00:00:00-05:00,122.21464930577265,122.39881261759719,119.30801391601562,119.30801391601562,245824800,0.0,0.0,0.0
2013-02-26 00:00:00-05:00,119.88454355401426,120.26888811876664,119.09182143474989,120.12476348876953,186596200,0.0,0.0,0.0
2013-02-27 00:00:00-05:00,120.02071506218252,121.9744867545138,119.91661686310141,121.63818359375,150781900,0.0,0.0,0.0
2013-02-28 00:00:00-05:00,121.63009300110063,122.40679703945433,121.2377456662003,121.39788818359375,126866000,0.0,0.0,0.0
2013-03-01 00:00:00-05:00,120.98154347535159,121.98244977629551,120.43705631232345,121.79828643798828,170634800,0.0,0.0,0.0
2013-03-04 00:00:00-05:00,121.51796436647129,122.44680786132812,121.32579827656168,122.44680786132812,99010200,0.0,0.0,0.0
2013-03-05 00:00:00-05:00,123.0394053226192,123.87215393914713,123.02338740169738,123.54385375976562,121431900,0.0,0.0,0.0
2013-03-06 00:00:00-05:00,123.98424152155711,124.04830098021277,123.43975445012258,123.71199798583984,94469900,0.0,0.0,0.0
2013-03-07 00:00:00-05:00,123.87219692087025,124.09639901919525,123.72807223684619,123.9362564086914,86101400,0.0,0.0,0.0
2013-03-08 00:00:00-05:00,124.48068619142968,124.63281364439764,123.84010389027655,124.46466827392578,123477800,0.0,0.0,0.0
2013-03-11 00:00:00-04:00,124.36861822728727,124.94512901149925,124.2164785158322,124.93712615966797,83746800,0.0,0.0,0.0
2013-03-12 00:00:00-04:00,124.84906931195219,124.99320619858503,124.28056127304177,124.65689086914062,105755800,0.0,0.0,0.0
2013-03-13 00:00:00-04:00,124.72086870179812,125.00913006825736,124.29648560924545,124.83296966552734,92550900,0.0,0.0,0.0
2013-03-14 00:00:00-04:00,125.161278566944,125.55363807680997,124.84099356736046,125.4975814819336,126329900,0.0,0.0,0.0
2013-03-15 00:00:00-04:00,125.34799833857744,125.50080239451847,124.91367695557585,125.3319091796875,138601100,0.694,0.0,0.0
2013-03-18 00:00:00-04:00,124.13355445265167,125.17912918015588,124.02095485260881,124.6402587890625,126704300,0.0,0.0,0.0
2013-03-19 00:00:00-04:00,124.9056445400051,125.07453776298647,123.53030979070614,124.3506851196289,167567300,0.0,0.0,0.0
2013-03-20 00:00:00-04:00,125.08260264242082,125.42843984359317,124.87348036037766,125.21932983398438,113759300,0.0,0.0,0.0
2013-03-21 00:00:00-04:00,124.47133728083497,125.17911311739006,123.94051767585306,124.14962768554688,128605000,0.0,0.0,0.0
2013-03-22 00:00:00-04:00,124.54369709645306,125.14691162109375,124.44717442725752,125.14691162109375,111163600,0.0,0.0,0.0
2013-03-25 00:00:00-04:00,125.47665619858097,125.68577841586412,124.1415507469368,124.62411499023438,151322300,0.0,0.0,0.0
2013-03-26 00:00:00-04:00,125.13891374606366,125.65365653354225,125.00218653543736,125.62149047851562,86856600,0.0,0.0,0.0
2013-03-27 00:00:00-04:00,124.87349777045868,125.66170725162598,124.66438773169541,125.62149047851562,99950600,0.0,0.0,0.0
2013-03-28 00:00:00-04:00,125.54105029772909,126.15231576285571,125.26759589092794,126.00753784179688,102932800,0.0,0.0,0.0
2013-04-01 00:00:00-04:00,125.94315919780092,126.20053664413268,125.20321744824533,125.50885009765625,99194100,0.0,0.0,0.0
2013-04-02 00:00:00-04:00,125.95926831814786,126.44184497028189,125.76623520280744,126.128173828125,101504300,0.0,0.0,0.0
2013-04-03 00:00:00-04:00,126.2005958043542,126.29710625575463,124.51963998946113,124.8493881225586,154167400,0.0,0.0,0.0
2013-04-04 00:00:00-04:00,125.01029043381354,125.60546707913464,124.73683586938594,125.35614013671875,131885000,0.0,0.0,0.0
2013-04-05 00:00:00-04:00,123.81983823888187,124.94584610231294,123.67507263679543,124.79302978515625,159666000,0.0,0.0,0.0
2013-04-08 00:00:00-04:00,124.8815572939641,125.64562694719099,124.46332491451182,125.63758850097656,86571200,0.0,0.0,0.0
2013-04-09 00:00:00-04:00,125.87084303860459,126.5303638897052,125.45261060308808,126.07191467285156,101922200,0.0,0.0,0.0
2013-04-10 00:00:00-04:00,126.40970492039108,127.77698948548895,126.37753886097933,127.61613464355469,135711100,0.0,0.0,0.0
2013-04-11 00:00:00-04:00,127.64019716448011,128.45253395150897,127.51150844758403,128.0343017578125,110142500,0.0,0.0,0.0
2013-04-12 00:00:00-04:00,127.62412703096238,127.91367055092338,127.01287394323731,127.72064971923828,116359900,0.0,0.0,0.0
2013-04-15 00:00:00-04:00,127.07724339225162,127.18180454500697,124.7448178845327,124.76089477539062,217259000,0.0,0.0,0.0
2013-04-16 00:00:00-04:00,125.70189792584864,126.66705128459154,125.39627748318583,126.60270690917969,147507800,0.0,0.0,0.0
2013-04-17 00:00:00-04:00,125.70188231183144,125.72602218799275,124.08527149988295,124.7528305053711,226834800,0.0,0.0,0.0
2013-04-18 00:00:00-04:00,124.96194776589438,124.9941260876929,123.4981532073438,123.9726791381836,167583200,0.0,0.0,0.0
2013-04-19 00:00:00-04:00,124.26218009218671,125.10668279972636,123.9565475019993,125.05037689208984,149687600,0.0,0.0,0.0
2013-04-22 00:00:00-04:00,125.29174411483993,125.90299740810819,124.46333004046896,125.60541534423828,106553500,0.0,0.0,0.0
2013-04-23 00:00:00-04:00,126.2327095733425,127.02090656896495,125.60536735423426,126.9002685546875,166141300,0.0,0.0,0.0
2013-04-24 00:00:00-04:00,126.94051137892046,127.31852693117672,126.70726147351878,126.98072814941406,96781200,0.0,0.0,0.0
2013-04-25 00:00:00-04:00,127.3506673613041,128.09865987019677,127.15764653766689,127.49544525146484,131060600,0.0,0.0,0.0
2013-04-26 00:00:00-04:00,127.34268465939569,127.55984545347798,126.86010784419908,127.27030181884766,95918800,0.0,0.0,0.0
2013-04-29 00:00:00-04:00,127.61612886399229,128.40432614448022,127.41505725257127,128.12283325195312,88572800,0.0,0.0,0.0
2013-04-30 00:00:00-04:00,128.09867298888022,128.46059934269798,127.56784112464933,128.4284210205078,116010700,0.0,0.0,0.0
2013-05-01 00:00:00-04:00,128.14698599304253,128.2113303940076,127.15771690713878,127.30248260498047,138874200,0.0,0.0,0.0
2013-05-02 00:00:00-04:00,127.62413379052693,128.597325534073,127.50349576433419,128.48472595214844,96407600,0.0,0.0,0.0
2013-05-03 00:00:00-04:00,129.60269154083167,130.19786781011507,128.50886170177026,129.7876739501953,144202300,0.0,0.0,0.0
2013-05-06 00:00:00-04:00,129.8841483281316,130.30236820480138,129.8278424183317,130.1173858642578,66882100,0.0,0.0,0.0
2013-05-07 00:00:00-04:00,130.3989467230511,130.8171667788599,130.02896961105898,130.77696228027344,90359200,0.0,0.0,0.0
2013-05-08 00:00:00-04:00,130.6321590220463,131.41231759329975,130.55977621170726,131.37210083007812,97419200,0.0,0.0,0.0
2013-05-09 00:00:00-04:00,131.3157920527824,131.66162917729721,130.67236073265508,131.0021209716797,106738600,0.0,0.0,0.0
2013-05-10 00:00:00-04:00,131.09062226315555,131.54102060629188,130.70455602123778,131.4284210205078,103203000,0.0,0.0,0.0
2013-05-13 00:00:00-04:00,131.25956553161225,131.7501808293206,130.9539449808248,131.53302001953125,81843200,0.0,0.0,0.0
2013-05-14 00:00:00-04:00,131.6375273440531,132.98873460805603,131.6375273440531,132.8922119140625,119000900,0.0,0.0,0.0
2013-05-15 00:00:00-04:00,132.6750694735602,133.8734481703041,132.63485270527792,133.6080322265625,120718500,0.0,0.0,0.0
2013-05-16 00:00:00-04:00,133.3345855773657,133.8010731171608,132.77962605118816,132.98069763183594,109913600,0.0,0.0,0.0
2013-05-17 00:00:00-04:00,133.47133014396718,134.34799940426063,133.2943861481821,134.267578125,129801000,0.0,0.0,0.0
2013-05-20 00:00:00-04:00,134.13885294443003,134.78228436606497,134.00212576160308,134.25949096679688,85071200,0.0,0.0,0.0
2013-05-21 00:00:00-04:00,134.38013184009222,134.95921885172,133.91364439892354,134.4525146484375,95804200,0.0,0.0,0.0
2013-05-22 00:00:00-04:00,134.5892774334284,135.98070168164963,132.8439774932964,133.45523071289062,244031800,0.0,0.0,0.0
2013-05-23 00:00:00-04:00,132.03159872700374,133.4390992911962,131.85465481713933,133.06912231445312,211064400,0.0,0.0,0.0
2013-05-24 00:00:00-04:00,132.28096072188856,133.01286415589374,131.88685604070866,132.95655822753906,151573900,0.0,0.0,0.0
2013-05-28 00:00:00-04:00,134.3480022491575,134.94317863598658,133.3587333590013,133.75283813476562,143679800,0.0,0.0,0.0
2013-05-29 00:00:00-04:00,133.04502532208122,133.3506580135087,132.1763947299456,132.88417053222656,160363400,0.0,0.0,0.0
2013-05-30 00:00:00-04:00,132.98874763924192,133.98605481957057,132.88418649068413,133.3748016357422,107793800,0.0,0.0,0.0
2013-05-31 00:00:00-04:00,133.0048301301023,133.76086126472575,131.20323655561492,131.46060180664062,176850100,0.0,0.0,0.0
2013-06-03 00:00:00-04:00,131.76623117228306,132.27293548834567,130.8252176370493,132.18446350097656,168390700,0.0,0.0,0.0
2013-06-04 00:00:00-04:00,132.25683283358674,132.78766470364988,130.88149794704765,131.54905700683594,157631500,0.0,0.0,0.0
2013-06-05 00:00:00-04:00,131.17102401168333,131.43643991135318,129.59463004522507,129.7072296142578,211737800,0.0,0.0,0.0
2013-06-06 00:00:00-04:00,129.65095835790717,130.88956622086263,128.88688877286722,130.8815155029297,200225500,0.0,0.0,0.0
2013-06-07 00:00:00-04:00,131.78228683490985,132.66699421126447,131.211238284796,132.54635620117188,188337800,0.0,0.0,0.0
2013-06-10 00:00:00-04:00,132.9565377079191,133.02892051397467,132.20050678485245,132.54635620117188,105667100,0.0,0.0,0.0
2013-06-11 00:00:00-04:00,131.3399624803906,132.33726969297678,130.88956409116642,131.17910766601562,159505400,0.0,0.0,0.0
2013-06-12 00:00:00-04:00,132.07988012275175,132.21660730341475,129.9726542158706,130.09329223632812,177361500,0.0,0.0,0.0
2013-06-13 00:00:00-04:00,130.02087613166566,132.30504539863574,129.73133268427296,132.07180786132812,163587800,0.0,0.0,0.0
2013-06-14 00:00:00-04:00,131.92705634031117,132.44179898595075,131.02625977855007,131.243408203125,141197500,0.0,0.0,0.0
2013-06-17 00:00:00-04:00,132.13620087865027,132.8841935762158,131.27562085385264,132.25685119628906,136295600,0.0,0.0,0.0
2013-06-18 00:00:00-04:00,132.32917668881808,133.50343966723915,132.32113824676603,133.3023681640625,114695600,0.0,0.0,0.0
2013-06-19 00:00:00-04:00,133.1898248272537,133.42306246950935,131.4043081436558,131.46060180664062,206149500,0.0,0.0,0.0
2013-06-20 00:00:00-04:00,130.18179701139564,131.47669860446783,127.86544825548103,128.2032470703125,321255900,0.0,0.0,0.0
2013-06-21 00:00:00-04:00,129.07563911708039,129.17266020516058,127.32110452919267,128.61477661132812,271956800,0.839,0.0,0.0
2013-06-24 00:00:00-04:00,127.27260340899832,128.09730739348748,125.91424638843999,126.98960876464844,222329000,0.0,0.0,0.0
2013-06-25 00:00:00-04:00,128.13771684772135,129.4475631150328,127.28066440776624,128.2104949951172,162262200,0.0,0.0,0.0
2013-06-26 00:00:00-04:00,129.26160963230606,129.77099505618665,128.7603175245964,129.47991943359375,134848000,0.0,0.0,0.0
2013-06-27 00:00:00-04:00,130.25611875217604,130.8382699685165,130.13483005197168,130.2399444580078,129483700,0.0,0.0,0.0
2013-06-28 00:00:00-04:00,129.87614390326434,130.49871254488602,129.25356292426713,129.7063446044922,160402900,0.0,0.0,0.0
2013-07-01 00:00:00-04:00,130.3854952247832,131.37191757846543,130.23996356803013,130.4663543701172,131954800,0.0,0.0,0.0
2013-07-02 00:00:00-04:00,130.2722993491636,131.2263854436606,129.77100719456465,130.34507751464844,154863700,0.0,0.0,0.0
2013-07-03 00:00:00-04:00,129.7548210155322,130.79784713910607,129.54460453000343,130.4016571044922,75216400,0.0,0.0,0.0
2013-07-05 00:00:00-04:00,131.3638625200818,131.8570737942452,130.41786955239976,131.80856323242188,122416900,0.0,0.0,0.0
2013-07-08 00:00:00-04:00,132.48767425452903,132.91620046815794,131.85701256891028,132.56044006347656,108092500,0.0,0.0,0.0
2013-07-09 00:00:00-04:00,133.39325292608072,133.67624755513282,132.81919502697033,133.51454162597656,119298000,0.0,0.0,0.0
2013-07-10 00:00:00-04:00,133.38519957385927,134.01586146434863,133.11029820362015,133.56307983398438,121410100,0.0,0.0,0.0
2013-07-11 00:00:00-04:00,135.1154580940376,135.51972910594753,133.55496557263166,135.3822784423828,135592200,0.0,0.0,0.0
2013-07-12 00:00:00-04:00,135.34188268945334,135.7784900629605,135.13166615219066,135.43890380859375,104212700,0.0,0.0,0.0
2013-07-15 00:00:00-04:00,135.81084343824043,136.15042970455255,135.5763592755691,135.9563751220703,69450600,0.0,0.0,0.0
2013-07-16 00:00:00-04:00,136.04533494317005,136.12619411524494,135.08317988479308,135.447021484375,88702100,0.0,0.0,0.0
2013-07-17 00:00:00-04:00,135.96444649122938,136.22317355539593,135.61676696258138,135.79464721679688,92873900,0.0,0.0,0.0
2013-07-18 00:00:00-04:00,136.08573153944332,136.86193745611155,135.99679140667274,136.53851318359375,103620100,0.0,0.0,0.0
2013-07-19 00:00:00-04:00,136.25551945941643,136.82957744701898,136.08572018833598,136.78106689453125,103831700,0.0,0.0,0.0
2013-07-22 00:00:00-04:00,136.9751010034151,137.24192133965795,136.65167680613362,137.04786682128906,79428600,0.0,0.0,0.0
2013-07-23 00:00:00-04:00,137.29046146617748,137.31471674402832,136.68405484515847,136.75682067871094,80829700,0.0,0.0,0.0
2013-07-24 00:00:00-04:00,137.2823479336643,137.3389517985641,135.9805947520665,136.25550842285156,112914000,0.0,0.0,0.0
2013-07-25 00:00:00-04:00,136.0129628505838,136.70830960018796,135.7865720332591,136.58702087402344,111088600,0.0,0.0,0.0
2013-07-26 00:00:00-04:00,136.01294202811545,136.77297351451125,135.44696507145017,136.7325439453125,107814600,0.0,0.0,0.0
2013-07-29 00:00:00-04:00,136.38488436302933,136.6921343289419,135.92402175153458,136.31211853027344,79695000,0.0,0.0,0.0
2013-07-30 00:00:00-04:00,136.72448292397172,136.8700145894835,135.98870660422008,136.31211853027344,85209600,0.0,0.0,0.0
2013-07-31 00:00:00-04:00,136.59511040670571,137.33088671131094,136.23126891304207,136.40914916992188,142388700,0.0,0.0,0.0
2013-08-01 00:00:00-04:00,137.44407235531338,138.10707044419945,137.37129419185038,137.9857940673828,110438400,0.0,0.0,0.0
2013-08-02 00:00:00-04:00,137.67852372952663,138.23641965496478,137.49256253350433,138.22024536132812,91116700,0.0,0.0,0.0
2013-08-05 00:00:00-04:00,137.91296437413905,138.2282951452065,137.73508421226848,138.01806640625,54072700,0.0,0.0,0.0
2013-08-06 00:00:00-04:00,137.751353318349,138.05052237096032,136.92664902164168,137.23388671875,87495000,0.0,0.0,0.0
2013-08-07 00:00:00-04:00,136.79720159102126,136.99124374480067,136.27973528532635,136.7891082763672,84854700,0.0,0.0,0.0
2013-08-08 00:00:00-04:00,137.43596743090416,137.59767336545983,136.58699585277182,137.29043579101562,102181300,0.0,0.0,0.0
2013-08-09 00:00:00-04:00,137.11253584002264,137.5329810792897,136.41718931781452,136.89422607421875,91757700,0.0,0.0,0.0
2013-08-12 00:00:00-04:00,136.20699655784597,136.8942498847351,136.14231171460247,136.7325439453125,68593300,0.0,0.0,0.0
2013-08-13 00:00:00-04:00,136.9750891280099,137.37126677144607,136.16654721096225,137.1367950439453,80806000,0.0,0.0,0.0
2013-08-14 00:00:00-04:00,137.07218419288657,137.29049408278289,136.40109255904025,136.43344116210938,79829200,0.0,0.0,0.0
2013-08-15 00:00:00-04:00,135.3580354099694,135.37419736899946,134.29075392006726,134.52523803710938,152931800,0.0,0.0,0.0
2013-08-16 00:00:00-04:00,134.26645127452906,134.72732602912694,133.81366983396418,134.0804901123047,130868200,0.0,0.0,0.0
2013-08-19 00:00:00-04:00,133.9269385557149,134.38781356276783,133.2154174237212,133.2235107421875,96437600,0.0,0.0,0.0
2013-08-20 00:00:00-04:00,133.44178306601606,134.37969486516775,133.29625140961667,133.87840270996094,89294400,0.0,0.0,0.0
2013-08-21 00:00:00-04:00,133.50643138151685,134.2422074538581,132.7544933544694,133.05364990234375,159530500,0.0,0.0,0.0
2013-08-22 00:00:00-04:00,133.32861328914936,134.46057985175514,133.32053230803191,134.2665252685547,101471400,0.0,0.0,0.0
2013-08-23 00:00:00-04:00,134.6626772722843,134.88906805320414,134.03201547724015,134.71926879882812,90888900,0.0,0.0,0.0
2013-08-26 00:00:00-04:00,134.85672988377635,135.26909424596556,134.12904693707208,134.21798706054688,89702100,0.0,0.0,0.0
2013-08-27 00:00:00-04:00,132.89194019264448,134.2179483454542,131.96212199146422,132.05914306640625,158619400,0.0,0.0,0.0
2013-08-28 00:00:00-04:00,132.0025926432982,132.99710841346902,131.83280569342733,132.5281524658203,108113000,0.0,0.0,0.0
2013-08-29 00:00:00-04:00,132.23700457593208,133.4417238774584,132.11571591202392,132.73829650878906,119200500,0.0,0.0,0.0
2013-08-30 00:00:00-04:00,133.01324826815818,133.0294225636303,131.92980488160538,132.31790161132812,134928900,0.0,0.0,0.0
2013-09-03 00:00:00-04:00,133.59537094650665,133.87836553854075,132.3583028610912,132.91619873046875,142375100,0.0,0.0,0.0
2013-09-04 00:00:00-04:00,132.94858751874165,134.24225996877453,132.70603472956347,134.015869140625,97389400,0.0,0.0,0.0
2013-09-05 00:00:00-04:00,134.09672880981427,134.5414171499305,133.99969535639585,134.1856689453125,63090500,0.0,0.0,0.0
2013-09-06 00:00:00-04:00,134.6303055920832,135.0103212671742,132.98896654323065,134.2502899169922,159756500,0.0,0.0,0.0
2013-09-09 00:00:00-04:00,134.5818027720168,135.61673546304786,134.5818027720168,135.535888671875,87559300,0.0,0.0,0.0
2013-09-10 00:00:00-04:00,136.35255193775507,136.56276846186077,136.04530196320678,136.53851318359375,105847200,0.0,0.0,0.0
2013-09-11 00:00:00-04:00,136.35258377798957,136.96707153320312,136.1181119208644,136.96707153320312,94545900,0.0,0.0,0.0
2013-09-12 00:00:00-04:00,136.91855672672605,137.09643702829806,136.4172644245014,136.6032257080078,83209000,0.0,0.0,0.0
2013-09-13 00:00:00-04:00,136.7486944793001,137.0155147848028,136.43336363413692,136.910400390625,72727800,0.0,0.0,0.0
2013-09-16 00:00:00-04:00,138.3900702928076,138.45475514199157,137.4844947416055,137.7028045654297,106299200,0.0,0.0,0.0
2013-09-17 00:00:00-04:00,137.8240801270232,138.34962751258394,137.8240801270232,138.31729125976562,82523300,0.0,0.0,0.0
2013-09-18 00:00:00-04:00,138.26873486075175,140.29818276396904,137.92106779339045,139.9181671142578,203460600,0.0,0.0,0.0
2013-09-19 00:00:00-04:00,140.29824630716263,140.36293116378994,139.54629564407318,139.68374633789062,146616900,0.0,0.0,0.0
2013-09-20 00:00:00-04:00,140.01523655813997,140.01523655813997,138.59339090518768,138.70713806152344,132867100,0.838,0.0,0.0
2013-09-23 00:00:00-04:00,138.5202475297955,138.65023540307712,137.62651116500092,138.06524658203125,104616500,0.0,0.0,0.0
2013-09-24 00:00:00-04:00,138.0408949774334,138.5527633764198,137.48029196605563,137.7402801513672,106333100,0.0,0.0,0.0
2013-09-25 00:00:00-04:00,137.8296426818527,138.10588398068086,137.22028031222695,137.34214782714844,117306500,0.0,0.0,0.0
2013-09-26 00:00:00-04:00,137.56960929602818,138.2602123160855,137.3502354437723,137.87022399902344,77146900,0.0,0.0,0.0
2013-09-27 00:00:00-04:00,137.17964672017197,137.4233941351669,136.87903193359975,137.2365264892578,99141800,0.0,0.0,0.0
2013-09-30 00:00:00-04:00,136.07469491625676,136.9359252009307,135.80657394880924,136.50531005859375,143937000,0.0,0.0,0.0
2013-10-01 00:00:00-04:00,136.61089928609383,137.7158767280124,136.47277865554244,137.58587646484375,127160000,0.0,0.0,0.0
2013-10-02 00:00:00-04:00,136.78152158421094,137.5858718408308,136.35902694186584,137.45587158203125,113350000,0.0,0.0,0.0
2013-10-03 00:00:00-04:00,137.13897318661617,137.26085305118798,135.55463412721684,136.18836975097656,176698000,0.0,0.0,0.0
2013-10-04 00:00:00-04:00,136.29404560290016,137.35839652385792,136.11529832178417,137.22027587890625,96878000,0.0,0.0,0.0
2013-10-07 00:00:00-04:00,136.02595250608613,136.86280931271793,135.88783183288112,136.03407287597656,96295000,0.0,0.0,0.0
2013-10-08 00:00:00-04:00,136.00964230643496,136.1883895491219,134.35218252584482,134.44967651367188,178015000,0.0,0.0,0.0
2013-10-09 00:00:00-04:00,134.70972011635797,135.03470844477698,133.67786295748695,134.54722595214844,168973000,0.0,0.0,0.0
2013-10-10 00:00:00-04:00,135.92029691843007,137.5208896710979,135.8715499143908,137.44776916503906,195955000,0.0,0.0,0.0
2013-10-11 00:00:00-04:00,137.23652923031565,138.38213342541718,137.1227820873806,138.3333740234375,105040000,0.0,0.0,0.0
2013-10-14 00:00:00-04:00,137.48030216309834,138.99964193943433,137.37467536880382,138.88589477539062,112106000,0.0,0.0,0.0
2013-10-15 00:00:00-04:00,138.53646615284842,139.0564547555008,137.69148932260313,137.87835693359375,155485000,0.0,0.0,0.0
2013-10-16 00:00:00-04:00,138.70714349169887,139.87712137267556,138.6421433430323,139.8040008544922,161676000,0.0,0.0,0.0
2013-10-17 00:00:00-04:00,139.2352433913139,140.81959556496227,139.21086988687406,140.73834228515625,129389000,0.0,0.0,0.0
2013-10-18 00:00:00-04:00,141.25834967848908,141.78645887437165,140.9739755591606,141.68896484375,138316000,0.0,0.0,0.0
2013-10-21 00:00:00-04:00,141.73767863769365,141.98142605462823,141.3801840791908,141.69705200195312,104104000,0.0,0.0,0.0
2013-10-22 00:00:00-04:00,142.11139767966839,142.94012137365925,141.72139693219563,142.51763916015625,126663000,0.0,0.0,0.0
2013-10-23 00:00:00-04:00,142.0301931212091,142.09519326807393,141.3395898061023,141.835205078125,105484000,0.0,0.0,0.0
2013-10-24 00:00:00-04:00,142.11952886043304,142.4851437411915,141.78640784568344,142.306396484375,70350000,0.0,0.0,0.0
2013-10-25 00:00:00-04:00,142.59888063409483,142.9970017497959,142.32263940157057,142.9563751220703,93625000,0.0,0.0,0.0
2013-10-28 00:00:00-04:00,142.90768809491837,143.37892989976496,142.75331428328622,143.18392944335938,84979000,0.0,0.0,0.0
2013-10-29 00:00:00-04:00,143.5089268337958,144.0045421343649,143.3058060122103,143.94766235351562,87401000,0.0,0.0,0.0
2013-10-30 00:00:00-04:00,144.1182207635379,144.22383511023023,142.7207491837924,143.23260498046875,140002000,0.0,0.0,0.0
2013-10-31 00:00:00-04:00,143.11891046299812,143.7201524930178,142.61517484710933,142.826416015625,133795000,0.0,0.0,0.0
2013-11-01 00:00:00-04:00,143.01327454734684,143.49263658691407,142.36328560687016,143.1676483154297,142805000,0.0,0.0,0.0
2013-11-04 00:00:00-05:00,143.55763958171278,143.72825408851455,142.98077113119734,143.67138671875,85677000,0.0,0.0,0.0
2013-11-05 00:00:00-05:00,143.11077337581105,143.60638856491988,142.6476644534517,143.21640014648438,85825000,0.0,0.0,0.0
2013-11-06 00:00:00-05:00,143.83391518932817,144.21578332570982,143.4357939159166,143.94766235351562,87348000,0.0,0.0,0.0
2013-11-07 00:00:00-05:00,144.21578888282946,144.32953605139994,141.98958012936498,142.12770080566406,157000000,0.0,0.0,0.0
2013-11-08 00:00:00-05:00,142.07895781886208,144.0614191537421,142.06271707825692,144.045166015625,136713000,0.0,0.0,0.0
2013-11-11 00:00:00-05:00,143.90704297706296,144.24016411668862,143.73642842092124,144.06954956054688,62614000,0.0,0.0,0.0
2013-11-12 00:00:00-05:00,143.7607549241041,144.10199632232505,143.2976336281208,143.77700805664062,83990000,0.0,0.0,0.0
2013-11-13 00:00:00-05:00,143.07013203895892,144.97133933065703,143.07013203895892,144.93072509765625,103844000,0.0,0.0,0.0
2013-11-14 00:00:00-05:00,145.06071756160955,145.77570660921143,144.82510293319933,145.65383911132812,103435000,0.0,0.0,0.0
2013-11-15 00:00:00-05:00,145.88950687323302,146.34449556104917,145.70263917591822,146.28762817382812,102818000,0.0,0.0,0.0
2013-11-18 00:00:00-05:00,146.5313574378005,146.65322496491677,145.45075323983144,145.77574157714844,104796000,0.0,0.0,0.0
2013-11-19 00:00:00-05:00,145.70260973748742,146.14134519851973,145.20699450321436,145.4588623046875,93891000,0.0,0.0,0.0
2013-11-20 00:00:00-05:00,145.75134344115278,146.1900788621397,144.6057392898143,145.0038604736328,124909000,0.0,0.0,0.0
2013-11-21 00:00:00-05:00,145.4100465391702,146.2875294438185,145.32067293598834,146.1737823486328,92841000,0.0,0.0,0.0
2013-11-22 00:00:00-05:00,146.2306821994959,146.921297686447,146.06006771754747,146.90504455566406,81296000,0.0,0.0,0.0
2013-11-25 00:00:00-05:00,147.16501520834058,147.1975090658093,146.54752033890108,146.75877380371094,79486000,0.0,0.0,0.0
2013-11-26 00:00:00-05:00,146.83194474270638,147.2381862869486,146.5800769688775,146.7994384765625,86994000,0.0,0.0,0.0
2013-11-27 00:00:00-05:00,146.9538463438359,147.25447358663342,146.77509903109495,147.15696716308594,58800000,0.0,0.0,0.0
2013-11-29 00:00:00-05:00,147.31944879761883,147.6688105967822,146.89695409379735,147.0594482421875,55870900,0.0,0.0,0.0
2013-12-02 00:00:00-05:00,147.1326009788491,147.4088423313741,146.4501179676067,146.6776123046875,99726000,0.0,0.0,0.0
2013-12-03 00:00:00-05:00,146.19819700000846,146.5638118805014,145.57258160160504,146.0438232421875,116563000,0.0,0.0,0.0
2013-12-04 00:00:00-05:00,145.5157319546146,146.63695023147764,144.90636961376197,146.027587890625,123033000,0.0,0.0,0.0
2013-12-05 00:00:00-05:00,145.76762557270186,146.03574653789667,145.24763677891795,145.38575744628906,106934000,0.0,0.0,0.0
2013-12-06 00:00:00-05:00,146.79136820743645,147.1488628719808,146.36887338592837,147.0107421875,127728000,0.0,0.0,0.0
2013-12-09 00:00:00-05:00,147.44129443497923,147.60378855926157,147.18942668271555,147.38441467285156,70124000,0.0,0.0,0.0
2013-12-10 00:00:00-05:00,147.04317560939202,147.35192312864794,146.76693435400895,146.85630798339844,80976000,0.0,0.0,0.0
2013-12-11 00:00:00-05:00,146.91320499962288,146.9375785016363,145.02823819386208,145.2069854736328,130591000,0.0,0.0,0.0
2013-12-12 00:00:00-05:00,145.1419925676169,145.3207398562939,144.42700341290893,144.72763061523438,115565000,0.0,0.0,0.0
2013-12-13 00:00:00-05:00,145.02818678107917,145.15818701073775,144.4350777798303,144.71131896972656,107808000,0.0,0.0,0.0
2013-12-16 00:00:00-05:00,145.39390725269632,146.09264349807822,145.35328060171219,145.61328125,96195000,0.0,0.0,0.0
2013-12-17 00:00:00-05:00,145.74317633318753,145.7675498266753,144.82506675346767,145.15005493164062,89886000,0.0,0.0,0.0
2013-12-18 00:00:00-05:00,145.36948687258032,147.65256259014356,144.06952124280704,147.62818908691406,234906000,0.0,0.0,0.0
2013-12-19 00:00:00-05:00,147.20563942936812,147.62813399018088,146.82378388878317,147.45751953125,136531200,0.0,0.0,0.0
2013-12-20 00:00:00-05:00,147.60462884402415,148.66659389664534,147.50660551956656,148.31532287597656,197087000,0.98,0.0,0.0
2013-12-23 00:00:00-05:00,149.04232824967266,149.1975401253316,148.73191696316965,149.10768127441406,85598000,0.0,0.0,0.0
2013-12-24 00:00:00-05:00,149.11587523283447,149.49981653864896,149.10771077743195,149.43446350097656,45368800,0.0,0.0,0.0
2013-12-26 00:00:00-05:00,149.76937961672766,150.27586249673607,149.75305070739756,150.1941680908203,63365000,0.0,0.0,0.0
2013-12-27 00:00:00-05:00,150.39018235139415,150.4555228988677,150.03074701622668,150.1859588623047,61814000,0.0,0.0,0.0
2013-12-30 00:00:00-05:00,150.20230323603275,150.32484482099446,149.96540944880894,150.16146850585938,56857000,0.0,0.0,0.0
2013-12-31 00:00:00-05:00,150.3657371731377,150.87220764160156,150.25136000689866,150.87220764160156,86119900,0.0,0.0,0.0
2014-01-02 00:00:00-05:00,150.29223668479426,150.36576665819743,149.06689501579538,149.42633056640625,119636900,0.0,0.0,0.0
2014-01-03 00:00:00-05:00,149.6795507845101,149.98181017518397,149.18942164513584,149.4018096923828,81390600,0.0,0.0,0.0
2014-01-06 00:00:00-05:00,149.891905372144,149.94908147838473,148.74008168056343,148.96881103515625,108028200,0.0,0.0,0.0
2014-01-07 00:00:00-05:00,149.5651702752909,150.136993776575,149.45080557503408,149.88375854492188,86144200,0.0,0.0,0.0
2014-01-08 00:00:00-05:00,149.85923903498758,150.16966282084312,149.40178027571602,149.9164276123047,96582300,0.0,0.0,0.0
2014-01-09 00:00:00-05:00,150.39842193930195,150.41476331674042,149.32829231623052,150.0144805908203,90683400,0.0,0.0,0.0
2014-01-10 00:00:00-05:00,150.2677006896964,150.48826563599818,149.49981807020083,150.42291259765625,102026400,0.0,0.0,0.0
2014-01-13 00:00:00-05:00,150.03895581051881,150.4555673640529,148.13559083391291,148.4215087890625,149892000,0.0,0.0,0.0
2014-01-14 00:00:00-05:00,148.91165285185772,150.12066536121193,148.6339117881483,150.03897094726562,105016100,0.0,0.0,0.0
2014-01-15 00:00:00-05:00,150.39025843254137,151.0764467114637,150.07167012698324,150.84771728515625,98525800,0.0,0.0,0.0
2014-01-16 00:00:00-05:00,150.53727714492587,150.84770096052878,150.1696772113431,150.65164184570312,72290600,0.0,0.0,0.0
2014-01-17 00:00:00-05:00,150.39025748299213,150.67616303166182,149.75308087589892,150.0144805908203,107848700,0.0,0.0,0.0
2014-01-21 00:00:00-05:00,150.88035487654005,150.9375434531324,149.53248444470972,150.45556640625,88621200,0.0,0.0,0.0
2014-01-22 00:00:00-05:00,150.70883129345788,150.77418433210818,150.23503111185642,150.55361938476562,61270900,0.0,0.0,0.0
2014-01-23 00:00:00-05:00,149.79385313008729,149.81835895361203,148.5276773652627,149.32005310058594,132496900,0.0,0.0,0.0
2014-01-24 00:00:00-05:00,148.34800527764287,148.39701693975616,146.0852046464805,146.13421630859375,208677100,0.0,0.0,0.0
2014-01-27 00:00:00-05:00,146.27308571311033,146.64886256111393,144.68830883795928,145.41534423828125,180843100,0.0,0.0,0.0
2014-01-28 00:00:00-05:00,145.52150155517035,146.46910161859248,145.50516018447308,146.28121948242188,110463200,0.0,0.0,0.0
2014-01-29 00:00:00-05:00,145.06407235988053,145.85646072466452,144.49224891746323,144.87619018554688,216597300,0.0,0.0,0.0
2014-01-30 00:00:00-05:00,146.08518883970908,146.88574165217787,145.61955317038115,146.4119415283203,118938100,0.0,0.0,0.0
2014-01-31 00:00:00-05:00,144.5984193639585,146.4609369046014,144.52490188691556,145.55418395996094,194677900,0.0,0.0,0.0
2014-02-03 00:00:00-05:00,145.3826424226471,145.70939507323408,142.0007013833321,142.2784423828125,254837100,0.0,0.0,0.0
2014-02-04 00:00:00-05:00,142.91561953519886,143.64265478170526,142.22943148643628,143.27505493164062,165012400,0.0,0.0,0.0
2014-02-05 00:00:00-05:00,142.7768096153428,143.4139862830947,141.90273904386572,143.09539794921875,164230500,0.0,0.0,0.0
2014-02-06 00:00:00-05:00,143.43026704152925,144.98236083984375,143.13618466802794,144.98236083984375,132877600,0.0,0.0,0.0
2014-02-07 00:00:00-05:00,145.6604151145981,146.93476817989864,145.1866149427884,146.77955627441406,170787200,0.0,0.0,0.0
2014-02-10 00:00:00-05:00,146.7958828385177,147.09814216363353,146.39561266456747,147.0491180419922,92218800,0.0,0.0,0.0
2014-02-11 00:00:00-05:00,147.1716303299597,149.0341477071727,147.0735945710234,148.6583709716797,117814100,0.0,0.0,0.0
2014-02-12 00:00:00-05:00,148.8789685672478,149.3527687009901,148.4378511819381,148.73193359375,94717700,0.0,0.0,0.0
2014-02-13 00:00:00-05:00,147.72718796792932,149.65505935053224,147.71902351084074,149.49984741210938,100542200,0.0,0.0,0.0
2014-02-14 00:00:00-05:00,149.36091807476853,150.6026006286928,149.22204756999244,150.32485961914062,96498400,0.0,0.0,0.0
2014-02-18 00:00:00-05:00,150.45556877273634,150.70881644686497,150.02261584104448,150.5045928955078,80460900,0.0,0.0,0.0
2014-02-19 00:00:00-05:00,150.1125047196709,151.0846110128901,149.3854692300495,149.5080108642578,126524300,0.0,0.0,0.0
2014-02-20 00:00:00-05:00,149.71221977489833,150.73333763573717,149.16490209726683,150.39024353027344,104998100,0.0,0.0,0.0
2014-02-21 00:00:00-05:00,150.67611715771702,151.03555256301883,150.14514096840344,150.21865844726562,118116400,0.0,0.0,0.0
2014-02-24 00:00:00-05:00,150.5372782694289,152.0648665979684,150.4719252306655,151.0519256591797,114063900,0.0,0.0,0.0
2014-02-25 00:00:00-05:00,151.17445345655184,151.60740642774962,150.49642970840011,150.99473571777344,117085000,0.0,0.0,0.0
2014-02-26 00:00:00-05:00,151.21528717643616,151.6155698252532,150.57811069207688,151.00289916992188,98677200,0.0,0.0,0.0
2014-02-27 00:00:00-05:00,150.78230446426977,151.8360922987968,150.61075123013964,151.79525756835938,93880800,0.0,0.0,0.0
2014-02-28 00:00:00-05:00,151.77073694336187,152.88171332710388,151.16624333627604,152.17918395996094,150842000,0.0,0.0,0.0
2014-03-03 00:00:00-05:00,150.8394932706307,151.49301105525493,150.1042935534378,151.10906982421875,167748500,0.0,0.0,0.0
2014-03-04 00:00:00-05:00,152.58766356342852,153.55976966490903,152.5549932796415,153.23301696777344,167545900,0.0,0.0,0.0
2014-03-05 00:00:00-05:00,153.36376852623388,153.63334519050508,153.12686215544096,153.37193298339844,88376900,0.0,0.0,0.0
2014-03-06 00:00:00-05:00,153.74766282487434,154.07441551885933,153.396391837265,153.72314453125,82516500,0.0,0.0,0.0
2014-03-07 00:00:00-05:00,154.3603338378481,154.3603338378481,153.1104742416153,153.7884979248047,114513500,0.0,0.0,0.0
2014-03-10 00:00:00-04:00,153.5516057325999,153.763993739979,152.82457038390567,153.70681762695312,74939200,0.0,0.0,0.0
2014-03-11 00:00:00-04:00,153.93554524614797,154.1561101705885,152.59583925496713,152.9470977783203,99009100,0.0,0.0,0.0
2014-03-12 00:00:00-04:00,152.20379482324256,153.04519519201506,151.86068815157606,152.98800659179688,104824400,0.0,0.0,0.0
2014-03-13 00:00:00-04:00,153.44535605226488,153.56789762323376,150.84763928324887,151.2724151611328,155014300,0.0,0.0,0.0
2014-03-14 00:00:00-04:00,151.00292920975463,151.77897636792764,150.66799952665485,150.84771728515625,153919600,0.0,0.0,0.0
2014-03-17 00:00:00-04:00,151.6073774061294,152.57131895367337,151.54202438046408,152.21188354492188,98359500,0.0,0.0,0.0
2014-03-18 00:00:00-04:00,152.5223385367345,153.50260919283988,152.35894970670222,153.2983856201172,101804600,0.0,0.0,0.0
2014-03-19 00:00:00-04:00,153.31466826308505,153.52706869210053,151.50933940533687,152.4814453125,176267300,0.0,0.0,0.0
2014-03-20 00:00:00-04:00,152.1465913084312,153.48629770780258,151.87701464416,153.37193298339844,117241000,0.0,0.0,0.0
2014-03-21 00:00:00-04:00,154.01597034401715,155.0908227115985,152.63752464067798,152.77700805664062,163128000,0.825,0.0,0.0
2014-03-24 00:00:00-04:00,153.30212520758536,153.4908491088716,151.48061529660382,152.1452178955078,121411000,0.0,0.0,0.0
2014-03-25 00:00:00-04:00,152.91650702574827,153.38419780904104,152.01396497422263,152.86727905273438,103852000,0.0,0.0,0.0
2014-03-26 00:00:00-04:00,153.46623461249382,153.71238698833943,151.72677952422336,151.76780700683594,119843000,0.0,0.0,0.0
2014-03-27 00:00:00-04:00,151.58729836851325,152.071390119031,150.88986871314825,151.44781494140625,142383000,0.0,0.0,0.0
2014-03-28 00:00:00-04:00,151.88263373385715,152.95748586895579,151.79237830542306,152.19442749023438,101642000,0.0,0.0,0.0
2014-03-31 00:00:00-04:00,153.1626377933321,153.67955647668103,152.21906839085977,153.4416046142578,99745000,0.0,0.0,0.0
2014-04-01 00:00:00-04:00,153.9421570856139,154.5493313998533,153.43345125357942,154.45907592773438,89193000,0.0,0.0,0.0
2014-04-02 00:00:00-04:00,154.6558969297683,155.18101591091326,154.36871720515384,154.97589111328125,78774000,0.0,0.0,0.0
2014-04-03 00:00:00-04:00,155.2139230834658,155.2549505714639,154.29496744749997,154.77085876464844,77435000,0.0,0.0,0.0
2014-04-04 00:00:00-04:00,155.61598402131935,155.64879850226225,152.69500694393284,152.94114685058594,169381000,0.0,0.0,0.0
2014-04-07 00:00:00-04:00,152.57188979450905,152.82624265346337,150.93910369225532,151.25088500976562,140803000,0.0,0.0,0.0
2014-04-08 00:00:00-04:00,151.18522164195758,152.12059049864828,150.63548852195606,151.87445068359375,112660000,0.0,0.0,0.0
2014-04-09 00:00:00-04:00,152.2847116866797,153.55647589146358,151.84163494709216,153.5072479248047,100254000,0.0,0.0,0.0
2014-04-10 00:00:00-04:00,153.49905629722647,153.5728982514771,150.0939756754367,150.28269958496094,172959000,0.0,0.0,0.0
2014-04-11 00:00:00-04:00,149.44576691813106,150.49600519565004,148.76475088320694,148.92884826660156,167251000,0.0,0.0,0.0
2014-04-14 00:00:00-04:00,150.09397510224653,150.45499690364358,148.87143879822315,150.10218811035156,132382000,0.0,0.0,0.0
2014-04-15 00:00:00-04:00,150.41395537270284,151.24265525601245,148.92884094841452,151.135986328125,157093000,0.0,0.0,0.0
2014-04-16 00:00:00-04:00,152.17807171618935,152.7278049815822,151.50525599088903,152.7196044921875,105197000,0.0,0.0,0.0
2014-04-17 00:00:00-04:00,152.51448728483686,153.35960096894456,152.251921372966,152.9329376220703,105255000,0.0,0.0,0.0
2014-04-21 00:00:00-04:00,152.97392486552047,153.51545752641078,152.78521349090542,153.46621704101562,68329000,0.0,0.0,0.0
2014-04-22 00:00:00-04:00,153.62213304327153,154.58211605065065,153.54009059707053,154.16366577148438,85790000,0.0,0.0,0.0
2014-04-23 00:00:00-04:00,154.10626675630238,154.18830921817928,153.67960338711217,153.80267333984375,73869000,0.0,0.0,0.0
2014-04-24 00:00:00-04:00,154.55745928397292,154.57387277660195,153.3759382112139,154.11439514160156,88170000,0.0,0.0,0.0
2014-04-25 00:00:00-04:00,153.61393171215093,153.7041871663581,152.50625227595668,152.85086059570312,100380000,0.0,0.0,0.0
2014-04-28 00:00:00-04:00,153.47449017756315,153.99960954905586,151.7596485993891,153.3350067138672,135121000,0.0,0.0,0.0
2014-04-29 00:00:00-04:00,153.82725921316634,154.28673697915548,153.49906438598273,154.04879760742188,84098000,0.0,0.0,0.0
2014-04-30 00:00:00-04:00,153.79448521712766,154.66421300592395,153.58114725546056,154.50831604003906,101508000,0.0,0.0,0.0
2014-05-01 00:00:00-04:00,154.43440276558744,154.9431084027113,154.03235354022422,154.524658203125,93019000,0.0,0.0,0.0
2014-05-02 00:00:00-04:00,154.50828653285632,155.18930274228774,154.07342272150618,154.30316162109375,98122000,0.0,0.0,0.0
2014-05-05 00:00:00-04:00,153.5482724078591,154.70517968108646,153.12160917209175,154.5985107421875,75883000,0.0,0.0,0.0
2014-05-06 00:00:00-04:00,154.25392494322682,154.36059389767158,153.22009995340582,153.25291442871094,85454000,0.0,0.0,0.0
2014-05-07 00:00:00-04:00,153.7698207601805,154.2292984963122,152.62111390002192,154.15545654296875,106500000,0.0,0.0,0.0
2014-05-08 00:00:00-04:00,154.0160358160591,155.115502635026,153.4991168925866,153.9914093017578,93618000,0.0,0.0,0.0
2014-05-09 00:00:00-04:00,154.01589877497406,154.28665247319663,153.2938555268518,154.2210235595703,83679000,0.0,0.0,0.0
2014-05-12 00:00:00-04:00,154.91029354011204,155.79643441918117,154.25389149785775,155.7225799560547,86940000,0.0,0.0,0.0
2014-05-13 00:00:00-04:00,155.92776580287162,156.23955971186172,155.70623988632525,155.8621368408203,66454000,0.0,0.0,0.0
2014-05-14 00:00:00-04:00,155.7226184477512,155.7964729291331,154.9021188220782,155.1236572265625,72367000,0.0,0.0,0.0
2014-05-15 00:00:00-04:00,154.81185036960844,154.8446773629855,153.00675384858985,153.76161193847656,154956000,0.0,0.0,0.0
2014-05-16 00:00:00-04:00,153.85186038218964,154.36057859772336,153.2036712705605,154.29493713378906,97458000,0.0,0.0,0.0
2014-05-19 00:00:00-04:00,153.9995873318082,154.9841844463317,153.86010388823524,154.86111450195312,63839000,0.0,0.0,0.0
2014-05-20 00:00:00-04:00,154.7872619985793,154.80367549798393,153.490883501744,153.8847198486328,111644000,0.0,0.0,0.0
2014-05-21 00:00:00-04:00,154.32777989962057,155.25494853291087,154.3031659111112,155.1811065673828,89093000,0.0,0.0,0.0
2014-05-22 00:00:00-04:00,155.22210961249095,155.8785118019291,154.95955624861395,155.5585174560547,61549000,0.0,0.0,0.0
2014-05-23 00:00:00-04:00,155.6979789150917,156.28873955023622,155.55849550399213,156.1820831298828,61092800,0.0,0.0,0.0
2014-05-27 00:00:00-04:00,156.7646240676695,157.19128729036171,156.67436862671207,157.14205932617188,72010000,0.0,0.0,0.0
2014-05-28 00:00:00-04:00,157.14204531613146,157.38819763496306,156.7646100912794,157.0271759033203,66723000,0.0,0.0,0.0
2014-05-29 00:00:00-04:00,157.3882280658734,157.8641067825111,156.98617878338493,157.83949279785156,64377000,0.0,0.0,0.0
2014-05-30 00:00:00-04:00,157.6917895805157,158.1922947403555,157.56050666518738,158.0938262939453,76316000,0.0,0.0,0.0
2014-06-02 00:00:00-04:00,158.31541103296098,158.3482380313249,157.511324850687,158.27438354492188,64656000,0.0,0.0,0.0
2014-06-03 00:00:00-04:00,157.88872841878074,158.27436422357508,157.74104450366633,158.19232177734375,65047000,0.0,0.0,0.0
2014-06-04 00:00:00-04:00,157.92158355495957,158.6025998311707,157.75748611342453,158.51234436035156,55529000,0.0,0.0,0.0
2014-06-05 00:00:00-04:00,158.6928133371055,159.7102247174769,158.11025317590173,159.54612731933594,92103000,0.0,0.0,0.0
2014-06-06 00:00:00-04:00,159.8907108856333,160.35018853730529,159.81686894586323,160.30917358398438,78696000,0.0,0.0,0.0
2014-06-09 00:00:00-04:00,160.28457049484123,160.8589175984561,160.13687408543862,160.47328186035156,65119000,0.0,0.0,0.0
2014-06-10 00:00:00-04:00,160.27631672833496,160.5224690015224,159.9317085538024,160.48965454101562,57129000,0.0,0.0,0.0
2014-06-11 00:00:00-04:00,159.91537971403648,160.09589064193818,159.5707713570872,159.93179321289062,68772000,0.0,0.0,0.0
2014-06-12 00:00:00-04:00,159.74306628805758,159.83332174324667,158.4466754407187,158.7994842529297,106350000,0.0,0.0,0.0
2014-06-13 00:00:00-04:00,159.11125893503132,159.4394662415601,158.60255325969743,159.2835693359375,82017000,0.0,0.0,0.0
2014-06-16 00:00:00-04:00,159.08664590956658,159.7512484945233,158.89793453206957,159.4148406982422,87424000,0.0,0.0,0.0
2014-06-17 00:00:00-04:00,159.19326201549953,159.9727337697784,159.02095167074393,159.8578643798828,84834000,0.0,0.0,0.0
2014-06-18 00:00:00-04:00,159.85789611674804,161.12145965645678,159.5050748721354,161.0312042236328,105267000,0.0,0.0,0.0
2014-06-19 00:00:00-04:00,161.17071873482843,161.31021467416673,160.65381253778483,161.2117462158203,85929000,0.0,0.0,0.0
2014-06-20 00:00:00-04:00,161.61324302817076,161.67095924902048,161.34117922949662,161.53904724121094,100587000,0.937,0.0,0.0
2014-06-23 00:00:00-04:00,161.58023564236146,161.629699489414,161.19275206735816,161.4895477294922,70611000,0.0,0.0,0.0
2014-06-24 00:00:00-04:00,161.20095694542283,162.0006558458052,160.3353020699782,160.5166778564453,96237000,0.0,0.0,0.0
2014-06-25 00:00:00-04:00,160.17872528909123,161.4071322519618,160.1457535776586,161.24224853515625,82782000,0.0,0.0,0.0
2014-06-26 00:00:00-04:00,161.26698284503283,161.28347499090327,160.0468282268689,161.1268310546875,84312000,0.0,0.0,0.0
2014-06-27 00:00:00-04:00,160.7475167725727,161.48951205389864,160.67332101838488,161.44004821777344,71445100,0.0,0.0,0.0
2014-06-30 00:00:00-04:00,161.34118912747073,161.72867281179424,161.2010373280081,161.35768127441406,70201200,0.0,0.0,0.0
2014-07-01 00:00:00-04:00,161.75341887428195,162.93236217719706,161.69571522467226,162.4376983642578,90470000,0.0,0.0,0.0
2014-07-02 00:00:00-04:00,162.45414750579624,162.80864683335744,162.37995172744436,162.6025390625,52475000,0.0,0.0,0.0
2014-07-03 00:00:00-04:00,163.06426285943672,163.47647851339943,162.9406031951773,163.40228271484375,52938800,0.0,0.0,0.0
2014-07-07 00:00:00-04:00,163.08900406713386,163.22090351306318,162.59434026047356,162.8334197998047,61696000,0.0,0.0,0.0
2014-07-08 00:00:00-04:00,162.53658442586945,162.5943006405059,161.3906257135089,161.78636169433594,108143000,0.0,0.0,0.0
2014-07-09 00:00:00-04:00,162.19031322138534,162.6602449474123,161.8440536979114,162.5118408203125,72992000,0.0,0.0,0.0
2014-07-10 00:00:00-04:00,160.94544609223016,162.2975126412901,160.8135340923656,161.86880493164062,99040000,0.0,0.0,0.0
2014-07-11 00:00:00-04:00,161.76985729002874,162.20680472840078,161.4071056250061,162.0913848876953,64243000,0.0,0.0,0.0
2014-07-14 00:00:00-04:00,162.91583255582265,163.1219403338357,162.77568077635223,162.9075927734375,58658000,0.0,0.0,0.0
2014-07-15 00:00:00-04:00,163.00651482211578,163.31980265936147,161.8852880454585,162.6025390625,111307000,0.0,0.0,0.0
2014-07-16 00:00:00-04:00,163.32812746839994,163.45178716336235,162.75926771191968,163.2044677734375,79986400,0.0,0.0,0.0
2014-07-17 00:00:00-04:00,162.70152362872895,163.31984710958835,161.1186044474843,161.34945678710938,145398000,0.0,0.0,0.0
2014-07-18 00:00:00-04:00,161.87707928290274,163.1631900067317,161.78639134315466,162.99830627441406,124330000,0.0,0.0,0.0
2014-07-21 00:00:00-04:00,162.4871295207564,162.8251493055604,161.94300195202135,162.6932373046875,67592000,0.0,0.0,0.0
2014-07-22 00:00:00-04:00,163.2456387535662,163.69907848888982,163.13021887364957,163.40228271484375,67678000,0.0,0.0,0.0
2014-07-23 00:00:00-04:00,163.64957953447941,163.93813546231232,163.3198121139453,163.76499938964844,65612000,0.0,0.0,0.0
2014-07-24 00:00:00-04:00,163.92165855343993,164.1112742088803,163.60837066893868,163.77325439453125,56888000,0.0,0.0,0.0
2014-07-25 00:00:00-04:00,163.31161212890217,163.45176395656975,162.68504879700743,163.00657653808594,76837000,0.0,0.0,0.0
2014-07-28 00:00:00-04:00,163.0394644469,163.31152817715966,162.09961364228417,163.07244873046875,69259000,0.0,0.0,0.0
2014-07-29 00:00:00-04:00,163.37755711899726,163.60839688778418,162.3470179441185,162.3717498779297,80466000,0.0,0.0,0.0
2014-07-30 00:00:00-04:00,162.948805939806,163.1631660822276,161.72041162130915,162.3964385986328,104222000,0.0,0.0,0.0
2014-07-31 00:00:00-04:00,161.26700827980977,161.4071600922596,159.09051013502832,159.18943786621094,183479000,0.0,0.0,0.0
2014-08-01 00:00:00-04:00,158.7524973150488,159.74181241018383,157.93631833697876,158.70303344726562,189261000,0.0,0.0,0.0
2014-08-04 00:00:00-04:00,159.00802996183808,160.18697303366045,158.33200296847866,159.8489532470703,91340000,0.0,0.0,0.0
2014-08-05 00:00:00-04:00,159.19768138236293,159.609897012478,157.72194238185034,158.29904174804688,152690000,0.0,0.0,0.0
2014-08-06 00:00:00-04:00,157.55706641699632,159.0245531262013,157.53233448435537,158.34852600097656,94818000,0.0,0.0,0.0
2014-08-07 00:00:00-04:00,159.06575545572395,159.22239939424517,157.09536541922233,157.4910888671875,135733000,0.0,0.0,0.0
2014-08-08 00:00:00-04:00,157.84562363095276,159.42027786723168,157.42515561314232,159.3131103515625,117014000,0.0,0.0,0.0
2014-08-11 00:00:00-04:00,159.9149778942026,160.48383763782283,159.70063023450453,159.7748260498047,74544000,0.0,0.0,0.0
2014-08-12 00:00:00-04:00,159.61815633585388,160.06334373575336,159.06578883346089,159.5522003173828,73632000,0.0,0.0,0.0
2014-08-13 00:00:00-04:00,160.17871674018966,160.81353222482255,159.90666554088185,160.6321563720703,69047000,0.0,0.0,0.0
2014-08-14 00:00:00-04:00,160.89595868386132,161.39060974121094,160.74755456078321,161.39060974121094,57371000,0.0,0.0,0.0
2014-08-15 00:00:00-04:00,161.97600469665514,162.1243962796783,160.19523022144352,161.35768127441406,139951000,0.0,0.0,0.0
2014-08-18 00:00:00-04:00,162.24811348700817,162.7839889028989,162.15742552341464,162.7097930908203,75424000,0.0,0.0,0.0
2014-08-19 00:00:00-04:00,163.1054136179309,163.68251275808322,162.77564627493467,163.55885314941406,59135000,0.0,0.0,0.0
2014-08-20 00:00:00-04:00,163.33631734364235,164.1937328994674,163.30334562833647,163.99586486816406,72763000,0.0,0.0,0.0
2014-08-21 00:00:00-04:00,164.13602494672267,164.6883924096545,164.00411291920435,164.4740447998047,67791000,0.0,0.0,0.0
2014-08-22 00:00:00-04:00,164.3421502771664,164.63070629562037,163.8474989910199,164.21849060058594,76107000,0.0,0.0,0.0
2014-08-25 00:00:00-04:00,165.00165308616295,165.37264459495742,164.1854617029581,165.05111694335938,63855000,0.0,0.0,0.0
2014-08-26 00:00:00-04:00,165.15829467773438,165.56227047214358,165.11707060404837,165.15829467773438,47298000,0.0,0.0,0.0
2014-08-27 00:00:00-04:00,165.24076831265447,165.35620077749653,164.83680500500324,165.09237670898438,47874000,0.0,0.0,0.0
2014-08-28 00:00:00-04:00,164.54820830599954,165.10882802302172,164.38332459387095,165.00164794921875,58330000,0.0,0.0,0.0
2014-08-29 00:00:00-04:00,165.25725845432572,165.48809822155758,164.73787526796596,165.47161865234375,65907000,0.0,0.0,0.0
2014-09-02 00:00:00-04:00,165.6858794904128,165.7106114111037,164.7707606853976,165.3890838623047,72426000,0.0,0.0,0.0
2014-09-03 00:00:00-04:00,166.02391944603616,166.0486513697461,165.06757646319025,165.2984161376953,57462000,0.0,0.0,0.0
2014-09-04 00:00:00-04:00,165.57877034374283,166.1888540015795,164.60594750051905,165.05938720703125,85236000,0.0,0.0,0.0
2014-09-05 00:00:00-04:00,165.0263937341041,165.86731709033822,164.39983054347547,165.80136108398438,102177000,0.0,0.0,0.0
2014-09-08 00:00:00-04:00,165.64472923391128,165.8838213468761,164.88625397520406,165.37266540527344,64146000,0.0,0.0,0.0
2014-09-09 00:00:00-04:00,165.22431086024017,165.3397307607084,163.98766367815531,164.32568359375,88591000,0.0,0.0,0.0
2014-09-10 00:00:00-04:00,164.41624558884962,165.05106089354263,163.87213076464403,164.9438934326172,67251000,0.0,0.0,0.0
2014-09-11 00:00:00-04:00,164.28439711119032,165.15829210852672,164.16072489205612,165.13356018066406,66774400,0.0,0.0,0.0
2014-09-12 00:00:00-04:00,164.96869037000522,164.98516993675514,163.6990592602343,164.1689910888672,117409300,0.0,0.0,0.0
2014-09-15 00:00:00-04:00,164.19369221760095,164.32560420578633,163.55063699997172,164.0452880859375,76401000,0.0,0.0,0.0
2014-09-16 00:00:00-04:00,163.74023946064477,165.5787170463723,163.64955154853345,165.28192138671875,116201000,0.0,0.0,0.0
2014-09-17 00:00:00-04:00,165.5210240035588,166.27124669192682,164.68010081746064,165.50453186035156,151266000,0.0,0.0,0.0
2014-09-18 00:00:00-04:00,166.0074748448089,166.41145068079265,165.79312725133192,166.38671875,94990000,0.0,0.0,0.0
2014-09-19 00:00:00-04:00,166.91595496766283,167.23069459463267,165.89715557280923,166.23675537109375,121649000,0.939,0.0,0.0
2014-09-22 00:00:00-04:00,165.94690929108828,165.97175683066982,164.6050789605521,164.9529571533203,125553000,0.0,0.0,0.0
2014-09-23 00:00:00-04:00,164.35662154370644,165.04409975699312,163.95904819771212,164.0087432861328,111393000,0.0,0.0,0.0
2014-09-24 00:00:00-04:00,164.03352970687226,165.4002073223229,163.60283067529758,165.2925262451172,107276000,0.0,0.0,0.0
2014-09-25 00:00:00-04:00,164.8617935772583,164.87008451360222,162.56745388479882,162.62542724609375,150300000,0.0,0.0,0.0
2014-09-26 00:00:00-04:00,162.92364786356765,164.32345145748786,162.69172908762383,163.91758728027344,103547000,0.0,0.0,0.0
2014-09-29 00:00:00-04:00,162.50950124800275,163.90930480627338,162.3852635635631,163.61940002441406,95112000,0.0,0.0,0.0
2014-09-30 00:00:00-04:00,163.74363953711475,164.2488938181876,162.84909035233207,163.18869018554688,131302000,0.0,0.0,0.0
2014-10-01 00:00:00-04:00,162.92365019622184,162.98163621035073,160.61274070332888,160.97718811035156,177798000,0.0,0.0,0.0
2014-10-02 00:00:00-04:00,160.8364080506088,161.5653030436933,159.32065731332517,161.0020751953125,157285000,0.0,0.0,0.0
2014-10-03 00:00:00-04:00,162.07875208608576,163.12239894868122,161.5817888245556,162.77452087402344,121569000,0.0,0.0,0.0
2014-10-06 00:00:00-04:00,163.4537624658205,163.66912465928326,161.99598538362707,162.5840606689453,104778000,0.0,0.0,0.0
2014-10-07 00:00:00-04:00,161.74749533389843,162.11194275955975,160.04123023978062,160.07435607910156,147913000,0.0,0.0,0.0
2014-10-08 00:00:00-04:00,160.1654368949933,163.10585063094425,159.32887374903632,162.87393188476562,186461000,0.0,0.0,0.0
2014-10-09 00:00:00-04:00,162.61718618542378,162.8408266613375,159.51111761460953,159.64364624023438,210705000,0.0,0.0,0.0
2014-10-10 00:00:00-04:00,159.60221595370948,160.39736236289426,157.77999174081796,157.82139587402344,221909000,0.0,0.0,0.0
2014-10-13 00:00:00-04:00,157.7551223870877,158.3266282602489,155.13773948838482,155.22885131835938,230939000,0.0,0.0,0.0
2014-10-14 00:00:00-04:00,156.0654518803641,157.22505841670682,154.92241458216748,155.46908569335938,215847000,0.0,0.0,0.0
2014-10-15 00:00:00-04:00,153.36521691823611,155.46077645547726,150.6815696107854,154.41712951660156,380715000,0.0,0.0,0.0
2014-10-16 00:00:00-04:00,151.62582226902214,155.3696733211998,151.48501536148183,154.2846221923828,270391000,0.0,0.0,0.0
2014-10-17 00:00:00-04:00,156.06550154572818,157.1671224184456,155.40287083389285,156.10691833496094,214625000,0.0,0.0,0.0
2014-10-20 00:00:00-04:00,155.82527307492884,157.7468878505859,155.7755779932882,157.62265014648438,130011000,0.0,0.0,0.0
2014-10-21 00:00:00-04:00,158.76567164004445,160.85295349595404,158.60001715847662,160.7452850341797,154949000,0.0,0.0,0.0
2014-10-22 00:00:00-04:00,161.02688505509255,161.44102754267504,159.53596957207046,159.60223388671875,151822000,0.0,0.0,0.0
2014-10-23 00:00:00-04:00,161.2007990174491,162.50949064218008,160.90261595562907,161.4575653076172,154944000,0.0,0.0,0.0
2014-10-24 00:00:00-04:00,161.7226419992611,162.74971992217064,161.09314996571214,162.70001220703125,117927000,0.0,0.0,0.0
2014-10-27 00:00:00-04:00,162.12019506735834,162.71656118853076,161.540398182503,162.4763641357422,82954000,0.0,0.0,0.0
2014-10-28 00:00:00-04:00,163.02302648998318,164.34827463629546,162.9484712498457,164.33999633789062,106736000,0.0,0.0,0.0
2014-10-29 00:00:00-04:00,164.45598488803822,164.92810075335086,163.0064861767285,164.09153747558594,142557000,0.0,0.0,0.0
2014-10-30 00:00:00-04:00,163.65253252401195,165.61556369823433,163.50343466950318,165.14344787597656,113330000,0.0,0.0,0.0
2014-10-31 00:00:00-04:00,167.13138786102593,167.16452634689938,166.29482435284524,167.03199768066406,146903000,0.0,0.0,0.0
2014-11-03 00:00:00-05:00,167.24734563438295,167.68633577815615,166.74209115814583,167.12310791015625,93600000,0.0,0.0,0.0
2014-11-04 00:00:00-05:00,166.67572883901923,166.9822027763213,165.70663724388092,166.543212890625,93343000,0.0,0.0,0.0
2014-11-05 00:00:00-05:00,167.76085407277193,167.8022708543815,166.8580263713688,167.59519958496094,91709000,0.0,0.0,0.0
2014-11-06 00:00:00-05:00,167.63657554902406,168.35717934678829,167.0153618920206,168.2660675048828,107089000,0.0,0.0,0.0
2014-11-07 00:00:00-05:00,168.28268547857482,168.63885465049367,167.8188478358573,168.42349243164062,89540000,0.0,0.0,0.0
2014-11-10 00:00:00-05:00,168.4565736698235,169.00323205519047,168.24950246121713,168.9535369873047,66319000,0.0,0.0,0.0
2014-11-11 00:00:00-05:00,169.01987251765678,169.22694381352545,168.68027255916124,169.1192626953125,54499400,0.0,0.0,0.0
2014-11-12 00:00:00-05:00,168.43174215735587,169.16891522457064,168.39860368319748,168.93699645996094,90120300,0.0,0.0,0.0
2014-11-13 00:00:00-05:00,169.10267016106093,169.65761959943958,168.31580193167702,169.1275177001953,85357900,0.0,0.0,0.0
2014-11-14 00:00:00-05:00,169.05294016458183,169.37597074523268,168.73818788239046,169.1688995361328,80417500,0.0,0.0,0.0
2014-11-17 00:00:00-05:00,168.84589698272416,169.45054147484794,168.6802298770458,169.27659606933594,80441000,0.0,0.0,0.0
2014-11-18 00:00:00-05:00,169.33457052137362,170.56042866020886,169.33457052137362,170.25396728515625,76068100,0.0,0.0,0.0
2014-11-19 00:00:00-05:00,170.0551792080968,170.25397214383435,169.21861596762352,169.9806365966797,82373000,0.0,0.0,0.0
2014-11-20 00:00:00-05:00,169.18545131550715,170.38647440498622,169.11918701384724,170.27879333496094,72840300,0.0,0.0,0.0
2014-11-21 00:00:00-05:00,171.98506992497616,172.15072437127418,170.61011400731672,171.18991088867188,142327300,0.0,0.0,0.0
2014-11-24 00:00:00-05:00,171.5957912502158,171.77801494996106,171.38044171352834,171.6703338623047,65880800,0.0,0.0,0.0
2014-11-25 00:00:00-05:00,171.90225326434404,172.10932450220824,171.28933048898628,171.5460968017578,79108300,0.0,0.0,0.0
2014-11-26 00:00:00-05:00,171.6951721325426,172.0844670483842,171.4798226074785,171.98507690429688,62167800,0.0,0.0,0.0
2014-11-28 00:00:00-05:00,171.86087625537527,172.1756159923443,171.38046939106457,171.62066650390625,57890100,0.0,0.0,0.0
2014-12-01 00:00:00-05:00,170.95801937626234,171.07397877101013,170.1131777739397,170.42791748046875,103968400,0.0,0.0,0.0
2014-12-02 00:00:00-05:00,170.46929171227805,171.73656643809954,170.4444441795069,171.5294952392578,74507200,0.0,0.0,0.0
2014-12-03 00:00:00-05:00,171.70346885427335,172.4075034629824,171.5378143956727,172.19215393066406,68952000,0.0,0.0,0.0
2014-12-04 00:00:00-05:00,171.90226041543264,172.5069175549599,171.20650406053574,172.0016632080078,91316600,0.0,0.0,0.0
2014-12-05 00:00:00-05:00,172.17558307569615,172.67255908545428,171.9105384721501,172.28326416015625,91025500,0.0,0.0,0.0
2014-12-08 00:00:00-05:00,171.88568503712884,172.3826483912083,170.5687024480506,171.13194274902344,108588200,0.0,0.0,0.0
2014-12-09 00:00:00-05:00,169.2765726917479,171.12365702824317,168.8955687340071,171.01597595214844,125180100,0.0,0.0,0.0
2014-12-10 00:00:00-05:00,170.55216729372597,170.61014067160997,168.0838688952111,168.27438354492188,159856400,0.0,0.0,0.0
2014-12-11 00:00:00-05:00,168.8707513700557,170.78408771516192,168.72994443541867,169.1275177001953,159012800,0.0,0.0,0.0
2014-12-12 00:00:00-05:00,167.84361754331866,168.82100009890812,166.36099343441762,166.3941192626953,202330200,0.0,0.0,0.0
2014-12-15 00:00:00-05:00,167.2969785814571,167.75253779878565,164.6464694605788,165.25111389160156,189965800,0.0,0.0,0.0
2014-12-16 00:00:00-05:00,164.4808068762931,167.64484842825894,163.88444077375917,163.9258575439453,259543800,0.0,0.0,0.0
2014-12-17 00:00:00-05:00,164.36493088570234,167.59523838098465,164.24068051211134,167.13967895507812,253910100,0.0,0.0,0.0
2014-12-18 00:00:00-05:00,169.58300989232467,176.39978926827152,168.9038103883498,171.272705078125,257633900,0.0,0.0,0.0
2014-12-19 00:00:00-05:00,171.92652863215673,172.67610696521587,171.24359303986293,172.00149536132812,245084600,1.135,0.0,0.0
2014-12-22 00:00:00-05:00,172.19306696289422,172.792724609375,171.95154418979698,172.792724609375,148318900,0.0,0.0,0.0
2014-12-23 00:00:00-05:00,173.37572286094098,173.42569221379,172.73441984649037,173.0259246826172,122167900,0.0,0.0,0.0
2014-12-24 00:00:00-05:00,173.2508166688463,173.51732414661095,173.00095717142935,173.0426025390625,42963400,0.0,0.0,0.0
2014-12-26 00:00:00-05:00,173.49231054138292,173.9420601034232,173.4423411919073,173.6005859375,57326700,0.0,0.0,0.0
2014-12-29 00:00:00-05:00,173.41731215077564,174.04195427617466,173.35068213239458,173.833740234375,79643900,0.0,0.0,0.0
2014-12-30 00:00:00-05:00,173.40904391021013,173.54229128143098,172.82603423904874,172.9010009765625,73540800,0.0,0.0,0.0
2014-12-31 00:00:00-05:00,173.22579568653777,173.39236441378014,171.06036410724897,171.18528747558594,130333800,0.0,0.0,0.0
2015-01-02 00:00:00-05:00,171.88491273380498,172.30134094551912,170.05261843555843,171.09368896484375,121465900,0.0,0.0,0.0
2015-01-05 00:00:00-05:00,170.04432603078448,170.2108948047329,167.69567708883093,168.0038299560547,169632600,0.0,0.0,0.0
2015-01-06 00:00:00-05:00,168.31196176451428,168.83666540976597,165.6218389120989,166.42138671875,209151400,0.0,0.0,0.0
2015-01-07 00:00:00-05:00,167.75395171797908,168.83666769037663,167.30421480767498,168.4951934814453,125346700,0.0,0.0,0.0
2015-01-08 00:00:00-05:00,169.9110548763093,171.70170402783404,169.89440689586533,171.4851531982422,147217800,0.0,0.0,0.0
2015-01-09 00:00:00-05:00,171.90156769625287,171.91822838374486,169.4946130430907,170.11093139648438,158567300,0.0,0.0,0.0
2015-01-12 00:00:00-05:00,170.24418628348926,170.40243103888076,168.1703691931777,168.77835083007812,144396100,0.0,0.0,0.0
2015-01-13 00:00:00-05:00,170.0026562270543,171.1353415188477,166.99604390380435,168.3036346435547,214553300,0.0,0.0,0.0
2015-01-14 00:00:00-05:00,166.2797747877634,167.4874267316431,165.3803010612415,167.28753662109375,192991100,0.0,0.0,0.0
2015-01-15 00:00:00-05:00,167.92886776610672,168.2453446087384,165.63851228739117,165.75511169433594,176613900,0.0,0.0,0.0
2015-01-16 00:00:00-05:00,165.546833209934,168.08704720422978,165.36360382618955,167.92880249023438,211879600,0.0,0.0,0.0
2015-01-20 00:00:00-05:00,168.57012490407317,168.83664504360124,166.71285874961336,168.28695678710938,130991100,0.0,0.0,0.0
2015-01-21 00:00:00-05:00,167.82054486830052,169.6195175307954,167.35414737247856,169.13645935058594,122942700,0.0,0.0,0.0
2015-01-22 00:00:00-05:00,169.8943603298599,171.7849349710107,168.5118158290277,171.6516876220703,174356000,0.0,0.0,0.0
2015-01-23 00:00:00-05:00,171.3935069045591,171.6517030544697,170.5773112197628,170.7105712890625,117516800,0.0,0.0,0.0
2015-01-26 00:00:00-05:00,170.4940155279843,171.20193574451778,169.77775861524674,171.11032104492188,92009700,0.0,0.0,0.0
2015-01-27 00:00:00-05:00,169.04484012917385,170.002619767601,168.0204304633567,168.85328674316406,134044600,0.0,0.0,0.0
2015-01-28 00:00:00-05:00,170.04430735301884,170.144246064734,166.4963432949344,166.68789672851562,168514300,0.0,0.0,0.0
2015-01-29 00:00:00-05:00,166.8877689053229,168.48685166263186,165.47190286365282,168.22866821289062,173585400,0.0,0.0,0.0
2015-01-30 00:00:00-05:00,167.04605879085364,168.37862176115345,165.84674322171531,166.11325073242188,197729700,0.0,0.0,0.0
2015-02-02 00:00:00-05:00,166.61294208106668,168.26199436020048,164.7889843486941,168.17037963867188,163107000,0.0,0.0,0.0
2015-02-03 00:00:00-05:00,169.06987250225225,170.61066213796542,168.6950896122734,170.60232543945312,124212900,0.0,0.0,0.0
2015-02-04 00:00:00-05:00,169.83612884723777,171.0521051644244,169.4946545660927,169.95272827148438,134306700,0.0,0.0,0.0
2015-02-05 00:00:00-05:00,170.61895577281,171.8182709740744,170.5440017498259,171.66835021972656,97953200,0.0,0.0,0.0
2015-02-06 00:00:00-05:00,172.0348297484409,172.60117875422168,170.66894565122752,171.1936492919922,125672000,0.0,0.0,0.0
2015-02-09 00:00:00-05:00,170.54396752365312,171.26854835051066,170.01926405130686,170.4273681640625,87219000,0.0,0.0,0.0
2015-02-10 00:00:00-05:00,171.46846120616547,172.501194897424,170.46902346724863,172.24301147460938,96164200,0.0,0.0,0.0
2015-02-11 00:00:00-05:00,172.07646435739935,172.7760606957682,171.42683737057396,172.3429718017578,91087800,0.0,0.0,0.0
2015-02-12 00:00:00-05:00,173.1425250929726,174.05867226185782,172.3762986918962,174.0003662109375,97545900,0.0,0.0,0.0
2015-02-13 00:00:00-05:00,174.12533846639033,174.7666289094193,173.86714224089354,174.71665954589844,93670400,0.0,0.0,0.0
2015-02-17 00:00:00-05:00,174.40012145471852,175.16636051017983,174.1502747066114,174.991455078125,76968200,0.0,0.0,0.0
2015-02-18 00:00:00-05:00,174.61664370564552,175.08304117038367,174.35012360672215,175.00808715820312,80652900,0.0,0.0,0.0
2015-02-19 00:00:00-05:00,174.40847240115826,175.24965284139665,174.26688832953678,174.88319396972656,91462500,0.0,0.0,0.0
2015-02-20 00:00:00-05:00,174.46678156787357,176.00757122485396,173.84213917315967,175.9326171875,140896400,0.0,0.0,0.0
2015-02-23 00:00:00-05:00,175.68280943948565,175.90768432617188,175.29968973284934,175.90768432617188,74411100,0.0,0.0,0.0
2015-02-24 00:00:00-05:00,175.83267556429988,176.6072387852812,175.53284668978822,176.4073486328125,72472300,0.0,0.0,0.0
2015-02-25 00:00:00-05:00,176.28240044848278,176.7654587177534,175.91594157466497,176.25741577148438,73061700,0.0,0.0,0.0
2015-02-26 00:00:00-05:00,176.16574791985573,176.32399263203823,175.44115438030323,176.0491485595703,72697900,0.0,0.0,0.0
2015-02-27 00:00:00-05:00,175.94921481472784,176.21573492688958,175.39953932305647,175.4495086669922,108076000,0.0,0.0,0.0
2015-03-02 00:00:00-05:00,175.54948903718906,176.6155443222025,175.49951968138868,176.5572509765625,87491400,0.0,0.0,0.0
2015-03-03 00:00:00-05:00,176.1241464290596,176.60720467293405,174.96647652493337,175.8326416015625,110325800,0.0,0.0,0.0
2015-03-04 00:00:00-05:00,175.23299948281638,175.30796622488853,174.11697484214986,175.09141540527344,114497200,0.0,0.0,0.0
2015-03-05 00:00:00-05:00,175.41614526499205,175.56606596925315,174.7748552269804,175.28289794921875,76873000,0.0,0.0,0.0
2015-03-06 00:00:00-05:00,174.41678601235083,174.84987489931643,172.48456576994607,172.8177032470703,188128000,0.0,0.0,0.0
2015-03-09 00:00:00-04:00,173.0175991451261,173.89208822892041,172.8593543902664,173.53396606445312,89818900,0.0,0.0,0.0
2015-03-10 00:00:00-04:00,172.15972254553526,172.24300054624206,170.67722671577013,170.7188720703125,157121300,0.0,0.0,0.0
2015-03-11 00:00:00-04:00,170.97711918760012,171.15202465850157,170.2358773506991,170.3191680908203,110145700,0.0,0.0,0.0
2015-03-12 00:00:00-04:00,170.95212298344524,172.551205960594,170.902153626094,172.48458862304688,93993500,0.0,0.0,0.0
2015-03-13 00:00:00-04:00,172.20973648320742,173.17584033353253,170.38577877396835,171.42684936523438,162410900,0.0,0.0,0.0
2015-03-16 00:00:00-04:00,172.1597712868315,173.80882358488438,171.45183818431738,173.7172088623047,136099200,0.0,0.0,0.0
2015-03-17 00:00:00-04:00,172.97594613859914,173.58392774659123,172.38461250841834,173.20082092285156,94510400,0.0,0.0,0.0
2015-03-18 00:00:00-04:00,172.7260236579146,175.95750934745524,172.08472091152757,175.28289794921875,228808500,0.0,0.0,0.0
2015-03-19 00:00:00-04:00,174.8665638119438,175.291316070096,174.0920006254519,174.4834442138672,117917300,0.0,0.0,0.0
2015-03-20 00:00:00-04:00,175.4379602529159,176.53387028228119,175.25391292957588,176.0235595703125,177715100,0.931,0.0,0.0
2015-03-23 00:00:00-04:00,176.0318556764396,176.60909363499377,175.6804962158203,175.6804962158203,71784500,0.0,0.0,0.0
2015-03-24 00:00:00-04:00,175.55506009672297,176.01516558749654,174.6264624403496,174.69338989257812,77805300,0.0,0.0,0.0
2015-03-25 00:00:00-04:00,174.90257041146594,175.13681016128885,172.0916806484822,172.1334991455078,159521700,0.0,0.0,0.0
2015-03-26 00:00:00-04:00,171.46425108043465,172.64381098328403,170.76151906147723,171.7235870361328,153067200,0.0,0.0,0.0
2015-03-27 00:00:00-04:00,171.6064495413399,172.2924336667771,171.4140283070996,172.11676025390625,118939000,0.0,0.0,0.0
2015-03-30 00:00:00-04:00,173.15403941210633,174.51765877410483,173.13731712718703,174.21649169921875,96180400,0.0,0.0,0.0
2015-03-31 00:00:00-04:00,173.38834301875565,174.09107496281166,172.6354314363264,172.69398498535156,126768700,0.0,0.0,0.0
2015-04-01 00:00:00-04:00,172.66052061747794,172.68561681819796,171.0877572917851,172.08328247070312,137303600,0.0,0.0,0.0
2015-04-02 00:00:00-04:00,172.01636516011706,173.1541064652605,171.83231783390946,172.70236206054688,86900900,0.0,0.0,0.0
2015-04-06 00:00:00-04:00,171.80719571411393,174.3838451272178,171.67335357760535,173.86517333984375,114368200,0.0,0.0,0.0
2015-04-07 00:00:00-04:00,173.89032017664246,174.6432318785435,173.3716482382266,173.4051055908203,81236300,0.0,0.0,0.0
2015-04-08 00:00:00-04:00,173.63097137316254,174.434075427146,173.23778049242375,173.99069213867188,89351900,0.0,0.0,0.0
2015-04-09 00:00:00-04:00,173.82338643882733,174.99458521402363,173.329810723931,174.76034545898438,85548900,0.0,0.0,0.0
2015-04-10 00:00:00-04:00,175.01125499600806,175.75580524648723,174.8104854323491,175.71397399902344,72722900,0.0,0.0,0.0
2015-04-13 00:00:00-04:00,175.57185375030343,176.20765842235582,174.86913436393013,174.91932678222656,74436600,0.0,0.0,0.0
2015-04-14 00:00:00-04:00,174.7185449931471,175.4379993907657,174.09111427772777,175.2539520263672,75099900,0.0,0.0,0.0
2015-04-15 00:00:00-04:00,175.72243941645377,176.55063982804805,175.63877687795826,176.0403289794922,99529300,0.0,0.0,0.0
2015-04-16 00:00:00-04:00,175.70569537131362,176.5004383859385,175.50491294825778,175.99012756347656,68934900,0.0,0.0,0.0
2015-04-17 00:00:00-04:00,174.79381976361367,175.03642067103527,173.17922487936102,173.96560668945312,191113200,0.0,0.0,0.0
2015-04-20 00:00:00-04:00,174.89419872644805,175.8897240584233,174.810548966223,175.5550994873047,92189500,0.0,0.0,0.0
2015-04-21 00:00:00-04:00,176.24102895984797,176.39998004955876,175.04473436272824,175.3459014892578,72559800,0.0,0.0,0.0
2015-04-22 00:00:00-04:00,175.6889416628794,176.3916736864279,174.76034379811696,176.20762634277344,78264600,0.0,0.0,0.0
2015-04-23 00:00:00-04:00,175.8060225418769,177.30349716352117,175.68890269144993,176.65097045898438,102585900,0.0,0.0,0.0
2015-04-24 00:00:00-04:00,177.0692412185438,177.32857709461902,176.60912300368204,177.0608673095703,61327400,0.0,0.0,0.0
2015-04-27 00:00:00-04:00,177.62974506803926,177.75522605218902,176.13227057662436,176.32469177246094,79358100,0.0,0.0,0.0
2015-04-28 00:00:00-04:00,176.2996545092876,176.93544631668829,175.12008180355005,176.88525390625,86863500,0.0,0.0,0.0
2015-04-29 00:00:00-04:00,175.99006939604806,176.75971594904973,175.3459166028951,176.1573944091797,125684900,0.0,0.0,0.0
2015-04-30 00:00:00-04:00,175.58019148407365,175.9733823665252,173.68952568374706,174.3922576904297,161304900,0.0,0.0,0.0
2015-05-01 00:00:00-04:00,175.1785836674225,176.32469868303176,175.0781988761684,176.28286743164062,103399700,0.0,0.0,0.0
2015-05-04 00:00:00-04:00,176.7095344488341,177.3704351021855,176.6007885017197,176.7848358154297,70927200,0.0,0.0,0.0
2015-05-05 00:00:00-04:00,176.54225259170593,176.90198613594362,174.61812937664692,174.76034545898438,113326200,0.0,0.0,0.0
2015-05-06 00:00:00-04:00,175.31242845084097,175.62195671608615,172.97001892425095,174.04083251953125,135060200,0.0,0.0,0.0
2015-05-07 00:00:00-04:00,173.94050183363868,175.1619057521025,173.60587726795188,174.73524475097656,88244900,0.0,0.0,0.0
2015-05-08 00:00:00-04:00,176.41674048921107,177.23657948742175,176.33307797781717,177.03579711914062,155877300,0.0,0.0,0.0
2015-05-11 00:00:00-04:00,176.99394296219577,177.26163996751953,176.11553782999687,176.19082641601562,75708100,0.0,0.0,0.0
2015-05-12 00:00:00-04:00,175.35429004057357,176.20759915996157,174.5260771218934,175.663818359375,119727600,0.0,0.0,0.0
2015-05-13 00:00:00-04:00,176.07370606029218,176.7011364721291,175.4630107003335,175.69725036621094,94667900,0.0,0.0,0.0
2015-05-14 00:00:00-04:00,176.71789537225155,177.62139681903759,176.44182442197476,177.5293731689453,95934000,0.0,0.0,0.0
2015-05-15 00:00:00-04:00,177.7217559814453,177.86397200833,177.2365416023129,177.7217559814453,76510100,0.0,0.0,0.0
2015-05-18 00:00:00-04:00,177.55445642828974,178.52487249069083,177.4875289817267,178.27391052246094,74549700,0.0,0.0,0.0
2015-05-19 00:00:00-04:00,178.39104870976314,178.66711966831448,177.93093044551094,178.21536254882812,72114600,0.0,0.0,0.0
2015-05-20 00:00:00-04:00,178.31572477483513,178.84277042581908,177.77195683643623,178.08985900878906,76857500,0.0,0.0,0.0
2015-05-21 00:00:00-04:00,177.9476935791999,178.81772508107528,177.78036853662786,178.60858154296875,64764600,0.0,0.0,0.0
2015-05-22 00:00:00-04:00,178.22376429924475,178.6420514047552,178.11501833208644,178.18194580078125,57433500,0.0,0.0,0.0
2015-05-26 00:00:00-04:00,177.68836322823867,178.11502425972859,175.8479024557643,176.2661895751953,124308600,0.0,0.0,0.0
2015-05-27 00:00:00-04:00,176.7262403899937,178.1735096956445,176.31631457424305,177.93927001953125,93214000,0.0,0.0,0.0
2015-05-28 00:00:00-04:00,177.6297971799629,177.8473018713344,177.04419780695585,177.73855590820312,74974600,0.0,0.0,0.0
2015-05-29 00:00:00-04:00,177.67160325782152,177.71342174880883,176.36654976436023,176.63424682617188,124919600,0.0,0.0,0.0
2015-06-01 00:00:00-04:00,177.3035163685279,177.63814090167725,176.19923243194117,176.99398803710938,93338800,0.0,0.0,0.0
2015-06-02 00:00:00-04:00,176.5338662158184,177.51265635915792,175.90643565482327,176.81829833984375,91531000,0.0,0.0,0.0
2015-06-03 00:00:00-04:00,177.3537011384114,177.91420422812087,176.7931980487019,177.28677368164062,87820900,0.0,0.0,0.0
2015-06-04 00:00:00-04:00,176.57568827854223,177.23657615173047,175.47140442143973,175.789306640625,151882800,0.0,0.0,0.0
2015-06-05 00:00:00-04:00,175.638690580495,176.16573623081612,174.82721286321845,175.4881134033203,121704700,0.0,0.0,0.0
2015-06-08 00:00:00-04:00,175.37941043483968,175.53000042496774,174.33369271073263,174.4089813232422,89063300,0.0,0.0,0.0
2015-06-09 00:00:00-04:00,174.3838653564453,174.9276461704206,173.74807364768063,174.3838653564453,105034700,0.0,0.0,0.0
2015-06-10 00:00:00-04:00,175.15353775828063,176.86015629022546,175.0949842016062,176.47532653808594,134551300,0.0,0.0,0.0
2015-06-11 00:00:00-04:00,176.91868042500167,177.42899111737034,176.6844407070397,177.04417419433594,73876400,0.0,0.0,0.0
2015-06-12 00:00:00-04:00,176.2159189122923,176.9186378972584,175.4128023829709,175.68887329101562,135382400,0.0,0.0,0.0
2015-06-15 00:00:00-04:00,174.5428594772548,175.22048261021175,173.83176622421246,174.93605041503906,124384200,0.0,0.0,0.0
2015-06-16 00:00:00-04:00,174.78542550234178,175.97337199105272,174.60975208486053,175.88970947265625,85308200,0.0,0.0,0.0
2015-06-17 00:00:00-04:00,176.17410278320312,176.7848109496627,175.14512041227093,176.17410278320312,126708600,0.0,0.0,0.0
2015-06-18 00:00:00-04:00,176.77644555614165,178.47468971322607,176.2075813773633,178.00621032714844,165867900,0.0,0.0,0.0
2015-06-19 00:00:00-04:00,177.76244453860045,177.83809935991428,176.83773174298938,177.2160186767578,130478700,1.03,0.0,0.0
2015-06-22 00:00:00-04:00,178.14076360483526,178.71239501635898,177.91378627275304,178.1239471435547,70696000,0.0,0.0,0.0
2015-06-23 00:00:00-04:00,178.33409999299803,178.58629559205673,177.85493989926744,178.25003051757812,68476800,0.0,0.0,0.0
2015-06-24 00:00:00-04:00,177.9809996657153,178.35928658349772,176.9301955456538,176.95541381835938,92307300,0.0,0.0,0.0
2015-06-25 00:00:00-04:00,177.45982183782158,177.58591321336527,176.3417646082675,176.41741943359375,97107400,0.0,0.0,0.0
2015-06-26 00:00:00-04:00,176.7789102111795,177.02270400146918,175.8289918096272,176.38381958007812,104174800,0.0,0.0,0.0
2015-06-29 00:00:00-04:00,174.8958942133296,176.39223871531127,172.60934271715936,172.68499755859375,202621300,0.0,0.0,0.0
2015-06-30 00:00:00-04:00,174.23172982725023,174.28217920128063,172.56725964582157,173.0464324951172,182925100,0.0,0.0,0.0
2015-07-01 00:00:00-04:00,174.62686185969085,174.87905746241694,173.64331055354012,174.4335174560547,135979900,0.0,0.0,0.0
2015-07-02 00:00:00-04:00,174.91267035740876,175.0807964642429,173.85345151267416,174.27377319335938,104373700,0.0,0.0,0.0
2015-07-06 00:00:00-04:00,172.97914729763775,174.55954772209117,172.77738832066217,173.7777557373047,117975400,0.0,0.0,0.0
2015-07-07 00:00:00-04:00,173.9795257117094,174.99669682033215,171.5836874140684,174.87060546875,173820200,0.0,0.0,0.0
2015-07-08 00:00:00-04:00,173.52558285080016,173.81139848505535,171.7013884878915,171.936767578125,164020100,0.0,0.0,0.0
2015-07-09 00:00:00-04:00,174.04676342017416,174.3073735884216,172.13851258149234,172.24778747558594,144113100,0.0,0.0,0.0
2015-07-10 00:00:00-04:00,174.25696271522446,174.83700870682992,172.2898602606322,174.41668701171875,129456900,0.0,0.0,0.0
2015-07-13 00:00:00-04:00,175.6860351395877,176.4510107384212,175.64400041219736,176.34173583984375,106069400,0.0,0.0,0.0
2015-07-14 00:00:00-04:00,176.29970960560198,177.41776670661784,176.24085841898082,177.10671997070312,81709600,0.0,0.0,0.0
2015-07-15 00:00:00-04:00,177.14875516918326,177.61111153957924,176.56870925243177,177.04788208007812,97914100,0.0,0.0,0.0
2015-07-16 00:00:00-04:00,178.10709885000293,178.4685821533203,177.86331792741157,178.4685821533203,106683300,0.0,0.0,0.0
2015-07-17 00:00:00-04:00,178.46019451345953,178.67877002251,178.0482874273898,178.6199188232422,89030000,0.0,0.0,0.0
2015-07-20 00:00:00-04:00,178.846862574286,179.2083330372397,178.39292083498623,178.7123565673828,70446800,0.0,0.0,0.0
2015-07-21 00:00:00-04:00,178.57785689475404,178.8384671025726,177.70359347327013,178.0062255859375,77965000,0.0,0.0,0.0
2015-07-22 00:00:00-04:00,177.3168977062903,178.02304787711734,177.28327761586982,177.68678283691406,88667900,0.0,0.0,0.0
2015-07-23 00:00:00-04:00,177.82125958811352,177.9221326699735,176.32491568026845,176.68638610839844,90509100,0.0,0.0,0.0
2015-07-24 00:00:00-04:00,176.78730311546062,176.84614148116313,174.51756858396737,174.85382080078125,117755000,0.0,0.0,0.0
2015-07-27 00:00:00-04:00,173.96271306826208,174.47550595459683,173.39106899843418,173.83660888671875,132361100,0.0,0.0,0.0
2015-07-28 00:00:00-04:00,174.67723464008188,176.11474007174613,173.8450061302942,175.97183227539062,123544800,0.0,0.0,0.0
2015-07-29 00:00:00-04:00,176.09793612223302,177.40933747809987,175.9550283157293,177.182373046875,105791300,0.0,0.0,0.0
2015-07-30 00:00:00-04:00,176.66959861423553,177.39255236371818,176.0475179558253,177.22442626953125,91304400,0.0,0.0,0.0
2015-07-31 00:00:00-04:00,177.7288041114608,177.75402238416638,176.66959817623032,176.95541381835938,103266900,0.0,0.0,0.0
2015-08-03 00:00:00-04:00,176.92179332037287,176.98063168081657,175.40021818320392,176.35855102539062,113965700,0.0,0.0,0.0
2015-08-04 00:00:00-04:00,176.28293051072808,176.74528697789407,175.52635652969366,176.01393127441406,81820800,0.0,0.0,0.0
2015-08-05 00:00:00-04:00,176.91342996248758,177.63638391807518,176.30816558910252,176.593994140625,85786800,0.0,0.0,0.0
2015-08-06 00:00:00-04:00,176.77883183407945,176.88811954176916,174.55953456343036,175.1479949951172,116030800,0.0,0.0,0.0
2015-08-07 00:00:00-04:00,174.98832358515932,175.1396332317699,173.90388647565183,174.81178283691406,117858000,0.0,0.0,0.0
2015-08-10 00:00:00-04:00,175.92984508593076,177.09833886802545,175.92984508593076,177.0142822265625,80270700,0.0,0.0,0.0
2015-08-11 00:00:00-04:00,175.66920296086178,176.08952454275078,174.65201908872388,175.41700744628906,126081400,0.0,0.0,0.0
2015-08-12 00:00:00-04:00,174.10568031982763,175.81218564297154,172.63455415662065,175.6272430419922,172123700,0.0,0.0,0.0
2015-08-13 00:00:00-04:00,175.46751452243637,176.1568483509038,174.8622501750217,175.40867614746094,89383300,0.0,0.0,0.0
2015-08-14 00:00:00-04:00,175.2152895827167,176.12318595189458,175.07238175060533,176.0475311279297,72786500,0.0,0.0,0.0
2015-08-17 00:00:00-04:00,175.45071160371475,177.03111267089844,174.98835511044214,177.03111267089844,79072600,0.0,0.0,0.0
2015-08-18 00:00:00-04:00,176.7536591317706,177.1067277854812,176.28290092682315,176.51828002929688,71692700,0.0,0.0,0.0
2015-08-19 00:00:00-04:00,175.77016535778233,176.54355592221208,174.30745371890131,175.1228790283203,172946000,0.0,0.0,0.0
2015-08-20 00:00:00-04:00,173.60123161267967,175.0975755600656,171.40715223386357,171.46600341796875,194327900,0.0,0.0,0.0
2015-08-21 00:00:00-04:00,169.5830400180679,171.4408681295805,166.04393743281577,166.30453491210938,346588500,0.0,0.0,0.0
2015-08-24 00:00:00-04:00,157.61223702855523,166.01025645679974,153.33335233737512,159.3019256591797,507244300,0.0,0.0,0.0
2015-08-25 00:00:00-04:00,164.28693221143578,164.30374867091948,157.13306155155368,157.4272918701172,369833100,0.0,0.0,0.0
2015-08-26 00:00:00-04:00,161.4707916307972,163.74892814367084,158.35199886042534,163.47152709960938,339257000,0.0,0.0,0.0
2015-08-27 00:00:00-04:00,165.62356699009533,167.6411060281135,164.10200448173654,167.5150146484375,274143900,0.0,0.0,0.0
2015-08-28 00:00:00-04:00,166.86770619082031,167.99416520949995,166.38013150500385,167.52340698242188,160414400,0.0,0.0,0.0
2015-08-31 00:00:00-04:00,166.5398680664581,167.3973279445032,165.6151551757035,166.16998291015625,163298800,0.0,0.0,0.0
2015-09-01 00:00:00-04:00,162.34505072293965,163.7321200413892,160.33591349245856,161.21018981933594,256000400,0.0,0.0,0.0
2015-09-02 00:00:00-04:00,163.60601088781144,164.31216107731026,161.75659801299076,164.27012634277344,160269300,0.0,0.0,0.0
2015-09-03 00:00:00-04:00,164.98463637774822,166.4893949488421,163.89181043603043,164.38778686523438,152087800,0.0,0.0,0.0
2015-09-04 00:00:00-04:00,162.1180963830203,162.96714165978142,161.0756938748848,161.89952087402344,207081000,0.0,0.0,0.0
2015-09-08 00:00:00-04:00,164.7156503750829,166.11952314784804,164.06835144199277,165.96820068359375,116025700,0.0,0.0,0.0
2015-09-09 00:00:00-04:00,167.5569960574573,167.68308739700353,163.37899864454167,163.74887084960938,149347700,0.0,0.0,0.0
2015-09-10 00:00:00-04:00,163.5555774816585,165.79169199912812,163.29498008060006,164.6400146484375,158611100,0.0,0.0,0.0
2015-09-11 00:00:00-04:00,164.24493838775305,165.45546713356222,163.53038625031772,165.38821411132812,119691200,0.0,0.0,0.0
2015-09-14 00:00:00-04:00,165.56471245111297,165.61514900196477,164.28693091166673,164.77450561523438,79452000,0.0,0.0,0.0
2015-09-15 00:00:00-04:00,165.27889579940174,167.27963115267613,164.73248273214276,166.83409118652344,113806200,0.0,0.0,0.0
2015-09-16 00:00:00-04:00,167.13673600742004,168.47335600736517,166.7920691162037,168.27999877929688,99581600,0.0,0.0,0.0
2015-09-17 00:00:00-04:00,168.145511931313,170.55815460660517,167.5234311402809,167.90171813964844,276046600,0.0,0.0,0.0
2015-09-18 00:00:00-04:00,165.37765556446905,167.887334674331,164.74389521794424,165.15794372558594,223657500,1.033,0.0,0.0
2015-09-21 00:00:00-04:00,165.99450968826093,167.04231852767847,164.95514634487876,166.01141357421875,105726200,0.0,0.0,0.0
2015-09-22 00:00:00-04:00,163.83129429200636,164.32140388701518,162.71586978738867,163.8566436767578,153890900,0.0,0.0,0.0
2015-09-23 00:00:00-04:00,164.02558729578055,164.49879283976964,163.0115735738205,163.59463500976562,92790600,0.0,0.0,0.0
2015-09-24 00:00:00-04:00,162.3693678137745,163.46788813838927,161.02579920378224,163.0031280517578,159378800,0.0,0.0,0.0
2015-09-25 00:00:00-04:00,164.4734759228868,164.77768138889869,162.0820854611046,162.96090698242188,155054800,0.0,0.0,0.0
2015-09-28 00:00:00-04:00,162.0567693366517,162.16662527283214,158.5584122065412,158.87106323242188,178515900,0.0,0.0,0.0
2015-09-29 00:00:00-04:00,159.0907490620141,160.33292035864451,157.95842078969386,158.9639892578125,159045600,0.0,0.0,0.0
2015-09-30 00:00:00-04:00,160.86526707477822,162.0989928508,160.07941045869202,161.92999267578125,163452000,0.0,0.0,0.0
2015-10-01 00:00:00-04:00,162.3102857849929,162.65674460910515,160.4005588442378,162.3525390625,131079000,0.0,0.0,0.0
2015-10-02 00:00:00-04:00,160.358320587766,164.8030898686164,159.8090537165029,164.77774047851562,211003300,0.0,0.0,0.0
2015-10-05 00:00:00-04:00,166.0114418092788,167.93807253176342,165.9015858726994,167.7099151611328,126320800,0.0,0.0,0.0
2015-10-06 00:00:00-04:00,167.57467993906644,168.1408376220022,166.46771395497657,167.13526916503906,110274500,0.0,0.0,0.0
2015-10-07 00:00:00-04:00,168.0732613389007,168.85913097907593,166.8733431354134,168.5042266845703,124307300,0.0,0.0,0.0
2015-10-08 00:00:00-04:00,168.1155437955854,170.31258549786847,167.8113382197907,170.02528381347656,153055200,0.0,0.0,0.0
2015-10-09 00:00:00-04:00,170.1688554347423,170.60825325552733,169.4928419261462,170.12660217285156,107069200,0.0,0.0,0.0
2015-10-12 00:00:00-04:00,170.20269438206986,170.48999600710752,169.77174194451337,170.28720092773438,56395600,0.0,0.0,0.0
2015-10-13 00:00:00-04:00,169.5520201504705,170.82799928825577,169.0450195878507,169.21401977539062,88038700,0.0,0.0,0.0
2015-10-14 00:00:00-04:00,169.1549092919079,169.73797105960566,168.10710010371258,168.40284729003906,99106200,0.0,0.0,0.0
2015-10-15 00:00:00-04:00,169.07034070334632,170.9969708857292,168.6985326165907,170.988525390625,134142200,0.0,0.0,0.0
2015-10-16 00:00:00-04:00,171.39412210258195,171.7828211653738,170.62515657790928,171.76593017578125,114580100,0.0,0.0,0.0
2015-10-19 00:00:00-04:00,171.1153059380903,171.8504638671875,170.8026549372353,171.8504638671875,76523900,0.0,0.0,0.0
2015-10-20 00:00:00-04:00,171.41108409690358,172.2476396513213,171.15757733433566,171.6307830810547,78448500,0.0,0.0,0.0
2015-10-21 00:00:00-04:00,172.05324428777334,172.20534056852264,170.397011720926,170.56602478027344,102038000,0.0,0.0,0.0
2015-10-22 00:00:00-04:00,171.52089462437985,173.65877847085542,170.56603781430815,173.44752502441406,174911700,0.0,0.0,0.0
2015-10-23 00:00:00-04:00,175.1291017234248,175.72060877652393,174.3263412303698,175.3488006591797,144442300,0.0,0.0,0.0
2015-10-26 00:00:00-04:00,175.17136866499104,175.2305129279747,174.54605379210705,174.91786193847656,69033000,0.0,0.0,0.0
2015-10-27 00:00:00-04:00,174.2418360003739,174.91784959206745,173.8953772617215,174.57984924316406,77905800,0.0,0.0,0.0
2015-10-28 00:00:00-04:00,174.917868863796,176.59099269481317,174.25031358830296,176.56564331054688,135906700,0.0,0.0,0.0
2015-10-29 00:00:00-04:00,176.058599937299,176.8360109515752,175.94029854151532,176.46420288085938,90525500,0.0,0.0,0.0
2015-10-30 00:00:00-04:00,176.65854382489135,176.97965312379102,175.5431325608409,175.70367431640625,131076900,0.0,0.0,0.0
2015-11-02 00:00:00-05:00,176.03326844913155,177.97678973539604,175.90650865184054,177.78244018554688,86270800,0.0,0.0,0.0
2015-11-03 00:00:00-05:00,177.42751904266723,178.85559418964777,177.1993617444096,178.29788208007812,95246100,0.0,0.0,0.0
2015-11-04 00:00:00-05:00,178.59369426357375,178.72044119196994,177.21631747018694,177.7571258544922,96224500,0.0,0.0,0.0
2015-11-05 00:00:00-05:00,177.81625371934484,178.2810139037377,176.68393828383336,177.57965087890625,78408700,0.0,0.0,0.0
2015-11-06 00:00:00-05:00,177.23315479797856,177.7232642268628,176.15153843557346,177.4866485595703,110471500,0.0,0.0,0.0
2015-11-09 00:00:00-05:00,176.8698535768669,177.02196278044764,174.8756202996086,175.8304901123047,131008700,0.0,0.0,0.0
2015-11-10 00:00:00-05:00,175.34877132982268,176.26984597332253,175.07837367672775,176.2360382080078,75874600,0.0,0.0,0.0
2015-11-11 00:00:00-05:00,176.50645162164136,176.55715037655227,175.47553395883688,175.5431365966797,67846000,0.0,0.0,0.0
2015-11-12 00:00:00-05:00,174.4953622115084,174.96856791041577,173.0757451147862,173.09263610839844,121315200,0.0,0.0,0.0
2015-11-13 00:00:00-05:00,172.67856407961838,172.94896177340303,171.06458473090825,171.14907836914062,153577100,0.0,0.0,0.0
2015-11-16 00:00:00-05:00,170.9631891657124,173.81088139510217,170.84487486183622,173.75172424316406,117645200,0.0,0.0,0.0
2015-11-17 00:00:00-05:00,174.06434963078573,174.9516035626734,173.1263840539217,173.62493896484375,121123700,0.0,0.0,0.0
2015-11-18 00:00:00-05:00,174.1066108719903,176.52335048364728,174.0643705036038,176.37969970703125,121342500,0.0,0.0,0.0
2015-11-19 00:00:00-05:00,176.26142549393288,176.65013751534576,175.93187062760148,176.22763061523438,88220500,0.0,0.0,0.0
2015-11-20 00:00:00-05:00,176.98817448762117,177.55433230361282,176.4896193368973,176.869873046875,94011500,0.0,0.0,0.0
2015-11-23 00:00:00-05:00,176.928959610989,177.43596005734491,176.20224736671582,176.66700744628906,64931200,0.0,0.0,0.0
2015-11-24 00:00:00-05:00,175.65299591287788,177.30922845911928,175.2642968265415,176.90362548828125,98874400,0.0,0.0,0.0
2015-11-25 00:00:00-05:00,177.03042273813173,177.23323072817615,176.61636126033298,176.87832641601562,51980100,0.0,0.0,0.0
2015-11-27 00:00:00-05:00,176.97121403860208,177.28387787727596,176.48956293160126,177.08106994628906,37317800,0.0,0.0,0.0
2015-11-30 00:00:00-05:00,177.24164457192478,177.3599459881839,176.2360760867784,176.34593200683594,112822700,0.0,0.0,0.0
2015-12-01 00:00:00-05:00,176.9796571686033,178.1457801069349,176.70080112274638,178.0274658203125,97858400,0.0,0.0,0.0
2015-12-02 00:00:00-05:00,177.97676877286042,178.29787808217955,175.95718668853806,176.210693359375,108441300,0.0,0.0,0.0
2015-12-03 00:00:00-05:00,176.46423157211942,176.73462928049517,173.01657375658976,173.7432861328125,166224200,0.0,0.0,0.0
2015-12-04 00:00:00-05:00,173.74330440253215,177.4275654355113,173.74330440253215,177.13180541992188,192913900,0.0,0.0,0.0
2015-12-07 00:00:00-05:00,176.80216632494125,177.22467306378184,175.0867899967591,176.05856323242188,102027100,0.0,0.0,0.0
2015-12-08 00:00:00-05:00,174.4868959836621,176.0079104368967,173.88693054061625,174.87559509277344,103372400,0.0,0.0,0.0
2015-12-09 00:00:00-05:00,174.2333883096911,176.33746430880015,172.53490240904745,173.51512145996094,162401500,0.0,0.0,0.0
2015-12-10 00:00:00-05:00,173.5827285567901,175.28120160708093,173.34612573069649,173.96298217773438,116128900,0.0,0.0,0.0
2015-12-11 00:00:00-05:00,171.83351005778022,172.50106508705903,170.27867533088306,170.59133911132812,211173300,0.0,0.0,0.0
2015-12-14 00:00:00-05:00,170.75191235480392,171.58002211138123,168.96047467088675,171.45326232910156,182385200,0.0,0.0,0.0
2015-12-15 00:00:00-05:00,172.97425679727053,174.1657288987404,171.42788058142543,173.25311279296875,154069600,0.0,0.0,0.0
2015-12-16 00:00:00-05:00,174.3854669622077,176.0923981859969,173.05880220504932,175.78819274902344,197017000,0.0,0.0,0.0
2015-12-17 00:00:00-05:00,176.10082419926607,176.1684268326576,173.0925779297046,173.10948181152344,173092500,0.0,0.0,0.0
2015-12-18 00:00:00-05:00,172.36322249469595,172.4992195168246,169.8640940029781,170.02560424804688,251393500,1.212,0.0,0.0
2015-12-21 00:00:00-05:00,171.2071551216484,171.60667634918028,170.0850921922501,171.42816162109375,99094300,0.0,0.0,0.0
2015-12-22 00:00:00-05:00,172.3207016912511,173.2812543409563,171.32615303183866,172.98373413085938,111026200,0.0,0.0,0.0
2015-12-23 00:00:00-05:00,173.99531095763817,175.1683744968638,173.90180570493717,175.12586975097656,110987200,0.0,0.0,0.0
2015-12-24 00:00:00-05:00,174.8708162285436,175.38934288613217,174.61580077928906,174.83680725097656,48539600,0.0,0.0,0.0
2015-12-28 00:00:00-05:00,174.13975097989373,174.47976287738342,173.35771323916944,174.43727111816406,65899900,0.0,0.0,0.0
2015-12-29 00:00:00-05:00,175.5423515113338,176.63040536648012,175.50835550300894,176.29888916015625,92640700,0.0,0.0,0.0
2015-12-30 00:00:00-05:00,176.0523276668887,176.13733711719496,174.90476494085897,175.0492706298828,63317700,0.0,0.0,0.0
2015-12-31 00:00:00-05:00,174.36932603898117,175.01535405436593,173.2982635498047,173.2982635498047,114877900,0.0,0.0,0.0
2016-01-04 00:00:00-05:00,170.42510391569314,170.884121369838,168.81001464013679,170.87562561035156,222353500,0.0,0.0,0.0
2016-01-05 00:00:00-05:00,171.19860781995925,171.6236292027999,170.0510578686635,171.16461181640625,110845800,0.0,0.0,0.0
2016-01-06 00:00:00-05:00,168.59747855762453,170.05955314813002,167.96845521399013,169.00550842285156,152112600,0.0,0.0,0.0
2016-01-07 00:00:00-05:00,166.03884403599918,167.83243467222434,164.55976505175212,164.95079040527344,213436100,0.0,0.0,0.0
2016-01-08 00:00:00-05:00,165.91985660716895,166.48088796947076,162.8512015729485,163.1402130126953,209817200,0.0,0.0,0.0
2016-01-11 00:00:00-05:00,164.06672998705804,164.4067548351924,161.35510478293372,163.30169677734375,187941300,0.0,0.0,0.0
2016-01-12 00:00:00-05:00,164.75528790364393,165.37581546382475,162.47716664598875,164.61927795410156,172330500,0.0,0.0,0.0
2016-01-13 00:00:00-05:00,165.29084803951898,165.63936875987366,160.13109410876896,160.51361083984375,221168900,0.0,0.0,0.0
2016-01-14 00:00:00-05:00,161.1256190673529,164.27927066487266,159.51903865695388,163.14871215820312,240795600,0.0,0.0,0.0
2016-01-15 00:00:00-05:00,158.76249137989538,160.45406818668363,157.69993792010445,159.6465301513672,324846400,0.0,0.0,0.0
2016-01-19 00:00:00-05:00,161.47414374532315,161.6016449831933,158.27797436271788,159.8590545654297,195244400,0.0,0.0,0.0
2016-01-20 00:00:00-05:00,157.2834328878049,159.38303983690642,153.87476561191795,157.81045532226562,286547800,0.0,0.0,0.0
2016-01-21 00:00:00-05:00,158.28641074491628,160.54751381029368,156.95183786895004,158.69442749023438,195772900,0.0,0.0,0.0
2016-01-22 00:00:00-05:00,161.32109802762528,162.15413621840344,160.55606480740767,161.95013427734375,168319600,0.0,0.0,0.0
2016-01-25 00:00:00-05:00,161.44015684088035,161.63566308921975,159.306553688184,159.50205993652344,130371700,0.0,0.0,0.0
2016-01-26 00:00:00-05:00,160.16507113737606,161.95866205734754,159.82505918796772,161.6781463623047,141036800,0.0,0.0,0.0
2016-01-27 00:00:00-05:00,161.151107991818,162.83418902478653,159.00899660491604,159.91854858398438,185681700,0.0,0.0,0.0
2016-01-28 00:00:00-05:00,161.4741591032915,161.67816110328656,159.09403632855253,160.75161743164062,143798800,0.0,0.0,0.0
2016-01-29 00:00:00-05:00,161.52516233436543,164.80632858622909,161.40615684214762,164.67031860351562,210529300,0.0,0.0,0.0
2016-02-01 00:00:00-05:00,163.65878055923318,165.40137133324544,163.07224880387338,164.61082458496094,136061600,0.0,0.0,0.0
2016-02-02 00:00:00-05:00,163.17421408518916,163.1827098433736,161.11709918971633,161.64413452148438,182564900,0.0,0.0,0.0
2016-02-03 00:00:00-05:00,162.70666438865564,163.02117601399337,159.0429826956133,162.6131591796875,205054900,0.0,0.0,0.0
2016-02-04 00:00:00-05:00,162.11168743422985,163.8457692460231,161.47415525817527,162.86822509765625,139531800,0.0,0.0,0.0
2016-02-05 00:00:00-05:00,162.34967068988254,162.92769353824866,159.12800138006136,159.76553344726562,180788300,0.0,0.0,0.0
2016-02-08 00:00:00-05:00,157.9124187824299,158.20992591259835,155.3877912012186,157.61489868164062,191526700,0.0,0.0,0.0
2016-02-09 00:00:00-05:00,155.8638314254651,158.9069858759503,155.72782147926387,157.6234130859375,184513100,0.0,0.0,0.0
2016-02-10 00:00:00-05:00,158.45649034410195,160.0970668141741,157.35992780707878,157.48744201660156,148214100,0.0,0.0,0.0
2016-02-11 00:00:00-05:00,154.99681684059937,156.4929006223207,153.93426323227462,155.4388427734375,219058900,0.0,0.0,0.0
2016-02-12 00:00:00-05:00,157.22392371726897,158.66048516968075,156.37388090795778,158.64349365234375,127632400,0.0,0.0,0.0
2016-02-16 00:00:00-05:00,160.46253712625503,161.34657567851502,159.4934891300419,161.32107543945312,120250700,0.0,0.0,0.0
2016-02-17 00:00:00-05:00,162.49417845484834,164.33027394454254,162.36666425742268,163.9562530517578,136009500,0.0,0.0,0.0
2016-02-18 00:00:00-05:00,164.22827709235855,164.28778631814478,162.9702172979637,163.28472900390625,102343000,0.0,0.0,0.0
2016-02-19 00:00:00-05:00,162.5027147241441,163.36125346343033,161.89068274166976,163.208251953125,114793000,0.0,0.0,0.0
2016-02-22 00:00:00-05:00,164.79777759372215,165.7158252856684,164.72977261980512,165.57131958007812,103640300,0.0,0.0,0.0
2016-02-23 00:00:00-05:00,164.90827478259877,165.18029465762305,163.36119092729666,163.48020935058594,111455300,0.0,0.0,0.0
2016-02-24 00:00:00-05:00,162.04366816501187,164.50878717359268,160.93011413760556,164.228271484375,150812200,0.0,0.0,0.0
2016-02-25 00:00:00-05:00,164.67880119313642,166.22588543886462,163.91376780015256,166.21737670898438,110728300,0.0,0.0,0.0
2016-02-26 00:00:00-05:00,167.0928961157715,167.1863883589324,165.67331342362607,165.83482360839844,129833700,0.0,0.0,0.0
2016-02-29 00:00:00-05:00,165.85188622879076,166.80393021511387,164.3388107631159,164.53431701660156,125918100,0.0,0.0,0.0
2016-03-01 00:00:00-05:00,165.76685472350312,168.48700227274983,165.29083279357238,168.40199279785156,141799700,0.0,0.0,0.0
2016-03-02 00:00:00-05:00,168.08751974725655,169.20956984435642,167.67099397745562,169.1585693359375,102415000,0.0,0.0,0.0
2016-03-03 00:00:00-05:00,168.98001660903785,169.8385682098971,168.4019936826919,169.82156372070312,95172200,0.0,0.0,0.0
2016-03-04 00:00:00-05:00,170.01702234692456,171.15608933274981,169.18398419840742,170.37403869628906,129293600,0.0,0.0,0.0
2016-03-07 00:00:00-05:00,169.44748704403273,170.91807006589138,169.3709863237614,170.51004028320312,100219000,0.0,0.0,0.0
2016-03-08 00:00:00-05:00,169.43051872280122,169.9405365650422,168.4869707984397,168.64846801757812,123974900,0.0,0.0,0.0
2016-03-09 00:00:00-05:00,169.46451712027678,169.83002926385342,168.67397064622244,169.4815216064453,94801200,0.0,0.0,0.0
2016-03-10 00:00:00-05:00,169.97456785039543,170.9181158986217,167.78145582017694,169.61753845214844,156838700,0.0,0.0,0.0
2016-03-11 00:00:00-05:00,171.079626225304,172.39719529009795,169.60055990781763,172.3546905517578,137964500,0.0,0.0,0.0
2016-03-14 00:00:00-04:00,171.8446403199807,172.59266909761354,171.51312417620792,172.13365173339844,73612000,0.0,0.0,0.0
2016-03-15 00:00:00-04:00,171.16460163134212,172.1591500515343,170.90109046496073,171.85313415527344,93169100,0.0,0.0,0.0
2016-03-16 00:00:00-04:00,171.3686509650683,173.25574720918922,171.32614622665338,172.84771728515625,129303200,0.0,0.0,0.0
2016-03-17 00:00:00-04:00,172.76270068852335,174.4542775333487,172.3631795410084,173.9442596435547,134278500,0.0,0.0,0.0
2016-03-18 00:00:00-04:00,174.4483874402401,174.96958851663595,174.132253570754,174.62782287597656,138372400,1.05,0.0,0.0
2016-03-21 00:00:00-04:00,174.3629466491302,175.10629406305057,174.13224767885308,174.87559509277344,72926700,0.0,0.0,0.0
2016-03-22 00:00:00-04:00,174.09805668239068,175.35406552978282,173.93572648912448,174.78160095214844,97471900,0.0,0.0,0.0
2016-03-23 00:00:00-04:00,174.39712251469325,174.58509752682207,173.45724745404914,173.62814331054688,81052500,0.0,0.0,0.0
2016-03-24 00:00:00-04:00,172.59431512435103,173.58545392436838,172.37216871918545,173.55126953125,84360900,0.0,0.0,0.0
2016-03-28 00:00:00-04:00,173.96988137546748,174.1834881247111,173.200902293199,173.65374755859375,62408200,0.0,0.0,0.0
2016-03-29 00:00:00-04:00,173.24362245880562,175.3711504883229,172.93602820197808,175.26007080078125,92922900,0.0,0.0,0.0
2016-03-30 00:00:00-04:00,176.26833708797548,176.7553538210844,175.66168802872525,176.0290985107422,86365300,0.0,0.0,0.0
2016-03-31 00:00:00-04:00,175.9350631599993,176.36227665140572,175.4394939454653,175.60183715820312,94584100,0.0,0.0,0.0
2016-04-01 00:00:00-04:00,174.60214897091353,176.98599437743846,174.28600214019448,176.7980194091797,114423500,0.0,0.0,0.0
2016-04-04 00:00:00-04:00,176.72115521033604,176.92622240384418,175.9179916659991,176.2255859375,63497000,0.0,0.0,0.0
2016-04-05 00:00:00-04:00,174.87560600715645,176.23414206825643,174.2091538625593,174.46548461914062,99662200,0.0,0.0,0.0
2016-04-06 00:00:00-04:00,174.4654203517983,176.4306047116471,174.2859849770323,176.37078857421875,91839800,0.0,0.0,0.0
2016-04-07 00:00:00-04:00,175.27717684114435,175.6360346628769,173.5255986579674,174.26040649414062,113859000,0.0,0.0,0.0
2016-04-08 00:00:00-04:00,175.44810829850593,175.8838745894794,174.19209905545293,174.7303924560547,95040600,0.0,0.0,0.0
2016-04-11 00:00:00-04:00,175.3711933334605,176.0718299375551,174.22626394569753,174.32025146484375,83757500,0.0,0.0,0.0
2016-04-12 00:00:00-04:00,174.49108024591374,176.22556598570466,174.04677456237718,175.943603515625,115350600,0.0,0.0,0.0
2016-04-13 00:00:00-04:00,176.86636778024527,177.80624258249122,176.72965634764228,177.72079467773438,96336400,0.0,0.0,0.0
2016-04-14 00:00:00-04:00,177.78064669290058,178.2334919969478,177.379064927044,177.7293701171875,65212900,0.0,0.0,0.0
2016-04-15 00:00:00-04:00,177.72939729605284,177.86610877714912,177.2081961822071,177.5328826904297,75761600,0.0,0.0,0.0
2016-04-18 00:00:00-04:00,177.5328499942772,178.81449055908573,176.8663979435785,178.7803192138672,82531000,0.0,0.0,0.0
2016-04-19 00:00:00-04:00,179.207509363104,179.60053845070718,178.52396521018335,179.34420776367188,88316100,0.0,0.0,0.0
2016-04-20 00:00:00-04:00,179.38696483281151,180.21576015262735,178.9084877486957,179.51513671875,81100300,0.0,0.0,0.0
2016-04-21 00:00:00-04:00,179.532207473975,179.6432871624202,178.27619866817295,178.54962158203125,85695000,0.0,0.0,0.0
2016-04-22 00:00:00-04:00,178.19076378573382,178.82303145836744,177.64393099553936,178.54962158203125,99251700,0.0,0.0,0.0
2016-04-25 00:00:00-04:00,177.9429497506579,178.28472834901606,177.32776131113366,178.24200439453125,66166500,0.0,0.0,0.0
2016-04-26 00:00:00-04:00,178.60943931377216,179.01957371812588,178.0284351305558,178.5069122314453,75864200,0.0,0.0,0.0
2016-04-27 00:00:00-04:00,178.1223829672373,179.26731192332127,177.76352522148798,178.87428283691406,77329400,0.0,0.0,0.0
2016-04-28 00:00:00-04:00,178.11386465526644,179.22460936577656,176.83222410850382,177.25088500976562,97216200,0.0,0.0,0.0
2016-04-29 00:00:00-04:00,176.62714078512494,176.97745896489553,175.1831571484048,176.29391479492188,142424100,0.0,0.0,0.0
2016-05-02 00:00:00-04:00,176.79805462264747,177.87462807912863,176.36230149354094,177.69520568847656,62188000,0.0,0.0,0.0
2016-05-03 00:00:00-04:00,176.4562758964302,176.69551442455406,175.3967816736518,176.148681640625,106422100,0.0,0.0,0.0
2016-05-04 00:00:00-04:00,175.14902802157104,175.88383589983152,174.6619982829167,175.16610717773438,92243800,0.0,0.0,0.0
2016-05-05 00:00:00-04:00,175.636005755631,175.99486351830055,174.7046834879276,175.13189697265625,67619200,0.0,0.0,0.0
2016-05-06 00:00:00-04:00,174.3543835489577,175.81545955615155,174.20059293637007,175.77273559570312,89315000,0.0,0.0,0.0
2016-05-09 00:00:00-04:00,175.6445588984609,176.35372181222837,175.46512349782515,175.91796875,74374900,0.0,0.0,0.0
2016-05-10 00:00:00-04:00,176.62714588232834,178.12239309338108,176.55879015960627,178.1053009033203,77472200,0.0,0.0,0.0
2016-05-11 00:00:00-04:00,177.64393904903727,178.18221924912532,176.43919372558594,176.43919372558594,81727000,0.0,0.0,0.0
2016-05-12 00:00:00-04:00,177.11416077650583,177.2850566004277,175.4736625595187,176.4904327392578,89586300,0.0,0.0,0.0
2016-05-13 00:00:00-04:00,176.1913984594917,176.74677079780224,174.6277954756445,174.9524688720703,96474600,0.0,0.0,0.0
2016-05-16 00:00:00-04:00,175.1233101004269,177.1568368730207,175.06349397070957,176.67835998535156,77486800,0.0,0.0,0.0
2016-05-17 00:00:00-04:00,176.40501651561303,176.69551858696076,174.4996347851048,175.02938842773438,114924900,0.0,0.0,0.0
2016-05-18 00:00:00-04:00,174.67906096030978,176.2682957290529,173.98697716444966,175.0806427001953,120062100,0.0,0.0,0.0
2016-05-19 00:00:00-04:00,174.35436451096757,174.76448580394182,173.26069903802235,174.47398376464844,115430500,0.0,0.0,0.0
2016-05-20 00:00:00-04:00,175.08917276268397,176.0974033646918,175.03790923059424,175.57620239257812,104990400,0.0,0.0,0.0
2016-05-23 00:00:00-04:00,175.59327749340173,175.87523995091027,175.14898486719483,175.3369598388672,58682600,0.0,0.0,0.0
2016-05-24 00:00:00-04:00,176.1572481464265,177.92591864706117,176.13161637431793,177.60977172851562,93537800,0.0,0.0,0.0
2016-05-25 00:00:00-04:00,178.29328264488174,179.23315757106263,177.60973842925213,178.81448364257812,76621400,0.0,0.0,0.0
2016-05-26 00:00:00-04:00,178.95121635879562,179.18191532945895,178.54963457329848,178.8657684326172,55280700,0.0,0.0,0.0
2016-05-27 00:00:00-04:00,179.02808620788988,179.64327468381595,178.97682267448292,179.63473510742188,64211200,0.0,0.0,0.0
2016-05-31 00:00:00-04:00,179.90820320143112,180.01928291811709,178.72908940130435,179.2930145263672,109879400,0.0,0.0,0.0
2016-06-01 00:00:00-04:00,178.6777709954338,179.83979224296624,178.48125643491977,179.66036987304688,69936200,0.0,0.0,0.0
2016-06-02 00:00:00-04:00,179.25873908342442,180.22423246871202,178.78026217788047,180.2071533203125,63044700,0.0,0.0,0.0
2016-06-03 00:00:00-04:00,179.64326777041575,180.01921771762707,178.45561482128218,179.6688995361328,101757100,0.0,0.0,0.0
2016-06-06 00:00:00-04:00,180.02775978915156,180.9420029041356,179.86541657901265,180.58314514160156,64887000,0.0,0.0,0.0
2016-06-07 00:00:00-04:00,180.73695346175793,181.42903728862186,180.71132169317204,180.8651123046875,60974800,0.0,0.0,0.0
2016-06-08 00:00:00-04:00,181.00182084993406,181.58283801608482,180.87366200906652,181.4546661376953,66170900,0.0,0.0,0.0
2016-06-09 00:00:00-04:00,180.7199098880666,181.3265589953543,180.4464999370892,181.20693969726562,73786900,0.0,0.0,0.0
2016-06-10 00:00:00-04:00,179.822743278084,180.16450892222417,178.942671321252,179.48951721191406,113829200,0.0,0.0,0.0
2016-06-13 00:00:00-04:00,178.88283258207278,179.74579913608707,178.0198660280585,178.1053009033203,117751200,0.0,0.0,0.0
2016-06-14 00:00:00-04:00,177.72081828009442,178.35309896171407,176.7980355437529,177.75498962402344,125059300,0.0,0.0,0.0
2016-06-15 00:00:00-04:00,177.75499551210365,178.8828454619435,177.3192424155866,177.50721740722656,109124500,0.0,0.0,0.0
2016-06-16 00:00:00-04:00,177.50721619837992,178.20785262381605,175.6616506771316,178.03695678710938,149533100,0.0,0.0,0.0
2016-06-17 00:00:00-04:00,177.93216183057675,177.95792689163648,176.71256755423826,177.3739013671875,117055700,1.078,0.0,0.0
2016-06-20 00:00:00-04:00,179.3493407695152,180.027842685571,178.43034306102825,178.5162353515625,82789600,0.0,0.0,0.0
2016-06-21 00:00:00-04:00,178.9027078863276,179.435203343438,178.45609160647757,179.02294921875,72461700,0.0,0.0,0.0
2016-06-22 00:00:00-04:00,179.20331002482786,179.93335513265026,178.58492226663827,178.73094177246094,95560500,0.0,0.0,0.0
2016-06-23 00:00:00-04:00,180.1995708843286,181.10997128192494,179.73578670066797,181.05844116210938,102731400,0.0,0.0,0.0
2016-06-24 00:00:00-04:00,174.8917826601768,181.09282795811367,174.11020745575058,174.55682373046875,333444400,0.0,0.0,0.0
2016-06-27 00:00:00-04:00,173.139685749734,173.1482828413865,170.61460460455987,171.4305419921875,230775800,0.0,0.0,0.0
2016-06-28 00:00:00-04:00,173.0451876860155,174.54821073977834,172.73599384788574,174.52244567871094,159382400,0.0,0.0,0.0
2016-06-29 00:00:00-04:00,175.9310055015666,177.72604145056732,175.82794524966516,177.49415588378906,137328600,0.0,0.0,0.0
2016-06-30 00:00:00-04:00,177.9665720222891,179.96772886649825,177.40829830287913,179.91619873046875,165021900,0.0,0.0,0.0
2016-07-01 00:00:00-04:00,179.91617754811182,180.78364508689228,179.75299006634822,180.29408264160156,106055300,0.0,0.0,0.0
2016-07-05 00:00:00-04:00,179.46094605958984,179.5726033919787,178.3959552779881,178.99716186523438,109803700,0.0,0.0,0.0
2016-07-06 00:00:00-04:00,178.49905099289072,180.1910268638056,177.8377170628334,180.07078552246094,96021500,0.0,0.0,0.0
2016-07-07 00:00:00-04:00,180.25111922399782,180.92103705995672,179.18612835930506,179.9591064453125,85593800,0.0,0.0,0.0
2016-07-08 00:00:00-04:00,181.2645788156304,182.88784315286145,181.03268016593432,182.63876342773438,133971000,0.0,0.0,0.0
2016-07-11 00:00:00-04:00,183.10261876259625,183.85842905727048,182.89648510805105,183.28297424316406,73633900,0.0,0.0,0.0
2016-07-12 00:00:00-04:00,184.25351845538748,184.9148525216435,183.3087555035932,184.61424255371094,101275600,0.0,0.0,0.0
2016-07-13 00:00:00-04:00,185.03504095983465,185.04362494591336,184.09887536968378,184.5884246826172,87324100,0.0,0.0,0.0
2016-07-14 00:00:00-04:00,185.85954699161897,186.09144566620674,185.22399129097997,185.6190643310547,91230900,0.0,0.0,0.0
2016-07-15 00:00:00-04:00,186.1859040286583,186.38344052969958,184.923363629447,185.36997985839844,107155400,0.0,0.0,0.0
2016-07-18 00:00:00-04:00,185.49019804269585,186.03129046210708,185.23253436177055,185.86810302734375,58725900,0.0,0.0,0.0
2016-07-19 00:00:00-04:00,185.4473157743152,185.71356353100896,185.19824909701825,185.67921447753906,54345700,0.0,0.0,0.0
2016-07-20 00:00:00-04:00,185.67915522174349,186.69261579222612,185.67915522174349,186.45213317871094,58159500,0.0,0.0,0.0
2016-07-21 00:00:00-04:00,186.34051692553456,186.5638184986466,185.30127803556377,185.74789428710938,67777300,0.0,0.0,0.0
2016-07-22 00:00:00-04:00,185.86814491223578,186.63253903786622,185.60189718723177,186.5810089111328,62787500,0.0,0.0,0.0
2016-07-25 00:00:00-04:00,186.37485912119232,186.4263892434528,185.49022374153122,186.07424926757812,55873100,0.0,0.0,0.0
2016-07-26 00:00:00-04:00,185.97123420317126,186.52091081635737,185.30990022774722,186.16018676757812,70080500,0.0,0.0,0.0
2016-07-27 00:00:00-04:00,186.53802692938115,186.60673812026437,185.18959438077223,185.96258544921875,84083900,0.0,0.0,0.0
2016-07-28 00:00:00-04:00,185.76505519947807,186.46933515035843,185.30127099438494,186.1773223876953,65035700,0.0,0.0,0.0
2016-07-29 00:00:00-04:00,185.9111065033069,186.838675072239,185.62767767739638,186.4779510498047,79519400,0.0,0.0,0.0
2016-08-01 00:00:00-04:00,186.53803604895776,186.9331090342013,185.86811828674456,186.3233184814453,73311400,0.0,0.0,0.0
2016-08-02 00:00:00-04:00,186.07425083793788,186.22885431134515,184.28781209299973,185.12950134277344,92295500,0.0,0.0,0.0
2016-08-03 00:00:00-04:00,185.06937140479948,185.73070521540316,184.76877465839488,185.6705780029297,53993600,0.0,0.0,0.0
2016-08-04 00:00:00-04:00,185.78221076526225,186.18588080747074,184.01294025106458,185.86810302734375,46585500,0.0,0.0,0.0
2016-08-05 00:00:00-04:00,185.86816015583045,187.43129758467038,185.86816015583045,187.3883514404297,71892200,0.0,0.0,0.0
2016-08-08 00:00:00-04:00,187.57726910641657,187.68034245448996,187.01042466595652,187.27667236328125,39906500,0.0,0.0,0.0
2016-08-09 00:00:00-04:00,187.34541840151223,187.88649788191057,187.06198957591155,187.3883514404297,51251700,0.0,0.0,0.0
2016-08-10 00:00:00-04:00,187.49998685868496,187.57728204608148,186.57240529396182,186.92454528808594,57941100,0.0,0.0,0.0
2016-08-11 00:00:00-04:00,187.45703328341395,188.0410719218816,187.19078557828414,187.7919921875,72504300,0.0,0.0,0.0
2016-08-12 00:00:00-04:00,187.48279521109853,187.84353227591953,187.22514460097062,187.62881469726562,61313500,0.0,0.0,0.0
2016-08-15 00:00:00-04:00,187.99818089749192,188.52209247596613,187.98959690960137,188.16995239257812,49813500,0.0,0.0,0.0
2016-08-16 00:00:00-04:00,187.74910900532265,187.81780711719804,187.19943237304688,187.19943237304688,53213600,0.0,0.0,0.0
2016-08-17 00:00:00-04:00,187.2337206039286,187.68892080284277,186.39203140097862,187.55149841308594,75134300,0.0,0.0,0.0
2016-08-18 00:00:00-04:00,187.52578052419267,188.00674590400527,187.41413627158713,187.97239685058594,52989300,0.0,0.0,0.0
2016-08-19 00:00:00-04:00,187.50000375139678,187.87790884203355,187.01045441512485,187.69754028320312,75443000,0.0,0.0,0.0
2016-08-22 00:00:00-04:00,187.45697470516913,187.92077187686212,187.0876668696702,187.68887329101562,61368800,0.0,0.0,0.0
2016-08-23 00:00:00-04:00,188.30733141362154,188.60794128970596,188.00672153753715,188.0668487548828,53399200,0.0,0.0,0.0
2016-08-24 00:00:00-04:00,187.92087433251046,188.01535061489648,186.68409867412075,187.10494995117188,71728900,0.0,0.0,0.0
2016-08-25 00:00:00-04:00,186.7184409659422,187.39695599813592,186.5638505669049,186.97610473632812,69224800,0.0,0.0,0.0
2016-08-26 00:00:00-04:00,187.16510091208775,188.19574312849338,185.73078841924655,186.62400817871094,122506300,0.0,0.0,0.0
2016-08-29 00:00:00-04:00,186.75280943800928,187.80921651644724,186.7184472779569,187.54296875,70502200,0.0,0.0,0.0
2016-08-30 00:00:00-04:00,187.45703570135663,187.74046448621164,186.67547365195554,187.23373413085938,58114500,0.0,0.0,0.0
2016-08-31 00:00:00-04:00,186.89881523753755,187.01905658667536,185.9197033644655,186.70127868652344,85269500,0.0,0.0,0.0
2016-09-01 00:00:00-04:00,186.69265778940874,187.0018516628139,185.5417745793594,186.7098388671875,97844200,0.0,0.0,0.0
2016-09-02 00:00:00-04:00,187.56867948813564,187.98093355208576,186.9760568994646,187.55149841308594,79293900,0.0,0.0,0.0
2016-09-06 00:00:00-04:00,187.83494888840835,188.19567287422413,187.11350091677681,188.11837768554688,56702100,0.0,0.0,0.0
2016-09-07 00:00:00-04:00,187.95514415697775,188.2815190140633,187.49136003324662,188.1011505126953,76554900,0.0,0.0,0.0
2016-09-08 00:00:00-04:00,187.76619865818523,188.04104341234014,187.3625286163447,187.67172241210938,74102900,0.0,0.0,0.0
2016-09-09 00:00:00-04:00,186.3491353983155,186.40066553200703,183.1541360562011,183.17990112304688,221589100,0.0,0.0,0.0
2016-09-12 00:00:00-04:00,182.41547855338717,186.21168404098205,182.34676735069908,185.80801391601562,168110900,0.0,0.0,0.0
2016-09-13 00:00:00-04:00,184.51974499417383,184.78599276663505,182.50999106141077,183.136962890625,182828800,0.0,0.0,0.0
2016-09-14 00:00:00-04:00,183.18847864750038,184.39948916782382,182.50997673562554,183.0682373046875,134185500,0.0,0.0,0.0
2016-09-15 00:00:00-04:00,182.90502597317968,185.28408728290157,182.72465744273524,184.89759826660156,134427900,0.0,0.0,0.0
2016-09-16 00:00:00-04:00,184.27779955833418,184.4590791906109,183.49228960918893,184.18284606933594,155236400,1.082,0.0,0.0
2016-09-19 00:00:00-04:00,184.83894928424905,185.48635604090165,183.88941410588222,184.21743774414062,80250500,0.0,0.0,0.0
2016-09-20 00:00:00-04:00,185.08062526247272,185.2359965436969,184.1915211402963,184.22604370117188,69665300,0.0,0.0,0.0
2016-09-21 00:00:00-04:00,184.93387315502343,186.4790112377266,184.24330342432887,186.29774475097656,110284400,0.0,0.0,0.0
2016-09-22 00:00:00-04:00,187.3163389190892,187.7738386009762,187.06601412337716,187.47171020507812,76678700,0.0,0.0,0.0
2016-09-23 00:00:00-04:00,187.0746120019432,187.2127285709696,186.34951977183604,186.44447326660156,73630900,0.0,0.0,0.0
2016-09-26 00:00:00-04:00,185.6072161992081,185.78848272617404,184.73536661681237,184.9339141845703,89827300,0.0,0.0,0.0
2016-09-27 00:00:00-04:00,184.7698433948978,186.17686476033688,184.3986567674914,186.08192443847656,78494800,0.0,0.0,0.0
2016-09-28 00:00:00-04:00,186.30632677408695,187.1609080897186,185.33953728922444,187.00552368164062,87411000,0.0,0.0,0.0
2016-09-29 00:00:00-04:00,186.79841062623328,187.20411988453267,184.76123698702565,185.31369018554688,128070600,0.0,0.0,0.0
2016-09-30 00:00:00-04:00,186.15101866455018,187.41993696928878,185.9006938458747,186.7121124267578,117202900,0.0,0.0,0.0
2016-10-03 00:00:00-04:00,186.29776510476222,186.48765895921588,185.62444999441914,186.2632293701172,83512100,0.0,0.0,0.0
2016-10-04 00:00:00-04:00,186.37544667251242,186.59987625670058,184.71808707694873,185.31369018554688,119948100,0.0,0.0,0.0
2016-10-05 00:00:00-04:00,185.94385151358736,186.565363039496,185.87479321387264,186.13375854492188,72816000,0.0,0.0,0.0
2016-10-06 00:00:00-04:00,185.90931053338488,186.48765895921588,185.36549784219895,186.2632293701172,62927400,0.0,0.0,0.0
2016-10-07 00:00:00-04:00,186.53944791974988,186.7120870648541,184.89071576523102,185.6244354248047,89788300,0.0,0.0,0.0
2016-10-10 00:00:00-04:00,186.5912322998047,187.05735929363397,186.44448837264508,186.5912322998047,51855000,0.0,0.0,0.0
2016-10-11 00:00:00-04:00,186.15961478446923,186.22867306972515,183.50093007396097,184.23464965820312,130367400,0.0,0.0,0.0
2016-10-12 00:00:00-04:00,184.37278537013174,185.0029373491935,183.87212262868874,184.47637939453125,73866100,0.0,0.0,0.0
2016-10-13 00:00:00-04:00,183.1383356629445,184.372717611155,182.3182901454914,183.87205505371094,101357000,0.0,0.0,0.0
2016-10-14 00:00:00-04:00,184.85612962461815,185.32226967796194,183.88934013845162,183.96702575683594,93346200,0.0,0.0,0.0
2016-10-17 00:00:00-04:00,183.94120966035499,184.2001750045311,183.14705893066622,183.32833862304688,58275700,0.0,0.0,0.0
2016-10-18 00:00:00-04:00,184.933879056768,184.99429683043874,184.09656537195224,184.47637939453125,76869700,0.0,0.0,0.0
2016-10-19 00:00:00-04:00,184.743999959778,185.27918534253752,184.38145374840627,184.9684295654297,66519200,0.0,0.0,0.0
2016-10-20 00:00:00-04:00,184.61449790827288,185.18421898874132,183.95846383385452,184.62313842773438,73639800,0.0,0.0,0.0
2016-10-21 00:00:00-04:00,184.6231444007186,184.79578356572728,183.6563413679268,184.70945739746094,89089100,0.0,0.0,0.0
2016-10-24 00:00:00-04:00,185.58991810782777,185.8661512850169,185.14104578065687,185.49496459960938,60146600,0.0,0.0,0.0
2016-10-25 00:00:00-04:00,185.3136447987821,185.5726100534342,184.7094013189405,184.8734130859375,66542300,0.0,0.0,0.0
2016-10-26 00:00:00-04:00,184.04481956279085,185.0892952065688,183.80310889494336,184.5023193359375,75705500,0.0,0.0,0.0
2016-10-27 00:00:00-04:00,185.22735099139373,185.2618735488763,183.93253775569508,184.01022338867188,77220200,0.0,0.0,0.0
2016-10-28 00:00:00-04:00,183.98430011278936,184.66622918410008,182.74991800537904,183.46636962890625,140623200,0.0,0.0,0.0
2016-10-31 00:00:00-04:00,183.8030928730049,184.02753565111473,183.31107057392668,183.47508239746094,61272500,0.0,0.0,0.0
2016-11-01 00:00:00-04:00,183.80308109026288,183.85488469294586,180.9286067887323,182.14572143554688,122781800,0.0,0.0,0.0
2016-11-02 00:00:00-04:00,181.8349485610785,182.22340310125568,180.60919351010102,181.0494384765625,103330800,0.0,0.0,0.0
2016-11-03 00:00:00-04:00,181.26520674712543,181.48100893056912,179.9444984381715,180.22071838378906,88939300,0.0,0.0,0.0
2016-11-04 00:00:00-04:00,180.33298780952902,181.1789289061245,179.87548811238386,180.02223205566406,109122100,0.0,0.0,0.0
2016-11-07 00:00:00-05:00,180.0222277216015,184.02751669080894,180.0222277216015,183.99298095703125,109794900,0.0,0.0,0.0
2016-11-08 00:00:00-05:00,183.5958699196225,185.3913456882219,183.32827731635166,184.82162475585938,106772100,0.0,0.0,0.0
2016-11-09 00:00:00-05:00,183.31965214573907,187.40263933129097,183.2937569349657,186.7811279296875,258429000,0.0,0.0,0.0
2016-11-10 00:00:00-05:00,187.57529226605848,188.44712849314652,185.77981621500157,187.2472686767578,172113300,0.0,0.0,0.0
2016-11-11 00:00:00-05:00,186.52215548537518,187.05734071616132,185.86612155178184,186.81564331054688,100552700,0.0,0.0,0.0
2016-11-14 00:00:00-05:00,187.34221634658184,187.54939121308698,186.21141485639183,186.96240234375,94580000,0.0,0.0,0.0
2016-11-15 00:00:00-05:00,187.35088071725002,188.4212646484375,187.14371898132782,188.4212646484375,91652600,0.0,0.0,0.0
2016-11-16 00:00:00-05:00,187.79974435866902,188.30040714972415,187.67889562782977,188.0673370361328,65617700,0.0,0.0,0.0
2016-11-17 00:00:00-05:00,188.22276096537468,189.09459747982498,188.11053955909412,189.0341796875,69797200,0.0,0.0,0.0
2016-11-18 00:00:00-05:00,189.1031957144212,189.27583487442158,188.42988059882958,188.6111602783203,86265800,0.0,0.0,0.0
2016-11-21 00:00:00-05:00,189.18944431569398,190.06128033844607,189.04270042106359,190.03538513183594,72402600,0.0,0.0,0.0
2016-11-22 00:00:00-05:00,190.34618526704494,190.58788269957077,189.6728833947912,190.4066162109375,67429000,0.0,0.0,0.0
2016-11-23 00:00:00-05:00,189.8886814378347,190.56198329527837,189.69014708795308,190.51019287109375,56620200,0.0,0.0,0.0
2016-11-25 00:00:00-05:00,190.85548669159147,191.25255539629248,190.7777878828264,191.21803283691406,37872300,0.0,0.0,0.0
2016-11-28 00:00:00-05:00,190.90728615059814,191.183506153263,190.21671638665197,190.32029724121094,76572500,0.0,0.0,0.0
2016-11-29 00:00:00-05:00,190.3548315975398,191.1489822103035,190.05270321189678,190.6914825439453,69886700,0.0,0.0,0.0
2016-11-30 00:00:00-05:00,191.3129893776226,191.4770011731992,190.17354732720995,190.23397827148438,113291800,0.0,0.0,0.0
2016-12-01 00:00:00-05:00,190.53608704259167,190.53608704259167,189.17221546991746,189.53477478027344,79040500,0.0,0.0,0.0
2016-12-02 00:00:00-05:00,189.62111813520687,190.1217809323198,189.26719928649402,189.62974548339844,74840300,0.0,0.0,0.0
2016-12-05 00:00:00-05:00,190.46703665840073,191.11444332708533,190.26850230136372,190.7691650390625,67837800,0.0,0.0,0.0
2016-12-06 00:00:00-05:00,190.95907649635575,191.40794881845756,190.4756816132566,191.3734130859375,59877400,0.0,0.0,0.0
2016-12-07 00:00:00-05:00,191.21805429964857,193.9371572805273,191.0972055709767,193.87673950195312,110738100,0.0,0.0,0.0
2016-12-08 00:00:00-05:00,193.85080617634992,194.82622316189423,193.58320038477197,194.35145568847656,99714400,0.0,0.0,0.0
2016-12-09 00:00:00-05:00,194.57594491666018,195.5427347870666,194.5414091804176,195.5254669189453,88005800,0.0,0.0,0.0
2016-12-12 00:00:00-05:00,195.4305014648161,195.91390954201722,194.87804826239525,195.301025390625,102016100,0.0,0.0,0.0
2016-12-13 00:00:00-05:00,195.96574111746392,197.10517032415467,195.94847324677173,196.60450744628906,110477500,0.0,0.0,0.0
2016-12-14 00:00:00-05:00,196.30233696682672,197.01016140790657,194.54138345400116,194.98162841796875,142501800,0.0,0.0,0.0
2016-12-15 00:00:00-05:00,195.2232976226301,196.64758681750536,194.99022756785251,195.7843780517578,124972600,0.0,0.0,0.0
2016-12-16 00:00:00-05:00,196.24373814139778,196.304525271772,195.08022370913898,195.4014892578125,156420200,1.329,0.0,0.0
2016-12-19 00:00:00-05:00,195.5838433015113,196.2524355100196,195.43623444363544,195.82696533203125,90341100,0.0,0.0,0.0
2016-12-20 00:00:00-05:00,196.36533849488183,196.7300348518811,196.13090787144415,196.58241271972656,89838800,0.0,0.0,0.0
2016-12-21 00:00:00-05:00,196.4521333310084,196.6257900255581,196.0353546142578,196.0353546142578,67909000,0.0,0.0,0.0
2016-12-22 00:00:00-05:00,195.8877426443056,196.00930365347165,195.2972939932445,195.69671630859375,56219100,0.0,0.0,0.0
2016-12-23 00:00:00-05:00,195.7401563140578,195.991969824947,195.5491431925967,195.98329162597656,36697800,0.0,0.0,0.0
2016-12-27 00:00:00-05:00,196.2524082641076,196.86889145264013,196.23503862172277,196.469482421875,42672500,0.0,0.0,0.0
2016-12-28 00:00:00-05:00,196.7299641551696,196.74732054752536,194.7328793544369,194.8457489013672,64095000,0.0,0.0,0.0
2016-12-29 00:00:00-05:00,194.9152224569745,195.2712272526322,194.3595131475487,194.80235290527344,48696100,0.0,0.0,0.0
2016-12-30 00:00:00-05:00,195.13230061041318,195.21913557425907,193.3957073267379,194.09034729003906,108998300,0.0,0.0,0.0
2017-01-03 00:00:00-05:00,195.4015253360259,196.0874872952851,194.39431101793494,195.5751953125,91366500,0.0,0.0,0.0
2017-01-04 00:00:00-05:00,195.90512246822112,196.88630210543405,195.89644426979865,196.7386932373047,78744400,0.0,0.0,0.0
2017-01-05 00:00:00-05:00,196.46954313223557,196.73871305117757,195.78358116219704,196.58241271972656,78379000,0.0,0.0,0.0
2017-01-06 00:00:00-05:00,196.69521126193743,197.75453408513587,196.14818021002986,197.28565979003906,71559900,0.0,0.0,0.0
2017-01-09 00:00:00-05:00,197.02519128247002,197.16412192291872,196.59972116452903,196.63446044921875,46939700,0.0,0.0,0.0
2017-01-10 00:00:00-05:00,196.65181684240852,197.49406563254053,196.24371636681238,196.63446044921875,63771900,0.0,0.0,0.0
2017-01-11 00:00:00-05:00,196.54764122023056,197.190185546875,195.87904905256127,197.190185546875,74650000,0.0,0.0,0.0
2017-01-12 00:00:00-05:00,196.6691731100973,196.8862472526029,195.3320022218905,196.69522094726562,72113200,0.0,0.0,0.0
2017-01-13 00:00:00-05:00,196.86891298007157,197.4506701966042,196.8341869406598,197.1467742919922,62717900,0.0,0.0,0.0
2017-01-17 00:00:00-05:00,196.50424412495522,196.91234467556464,196.06141753242818,196.4521484375,61240800,0.0,0.0,0.0
2017-01-18 00:00:00-05:00,196.70392810893293,196.9296937298426,196.14821875225363,196.8862762451172,54793300,0.0,0.0,0.0
2017-01-19 00:00:00-05:00,196.96444632381696,197.1033769940071,195.72278823803202,196.1569366455078,66608800,0.0,0.0,0.0
2017-01-20 00:00:00-05:00,196.84286996350974,197.37253150933017,196.2090170477433,196.8776092529297,129168600,0.0,0.0,0.0
2017-01-23 00:00:00-05:00,196.87761583634372,196.93838972112547,195.60121851519577,196.3653106689453,75061600,0.0,0.0,0.0
2017-01-24 00:00:00-05:00,196.58237718185342,198.04112259866295,196.46950761476683,197.6243438720703,95555300,0.0,0.0,0.0
2017-01-25 00:00:00-05:00,198.57950308957825,199.33493041992188,198.41452455480024,199.33493041992188,84437700,0.0,0.0,0.0
2017-01-26 00:00:00-05:00,199.18729977118736,199.45648293436042,198.8486645165956,199.12652587890625,59970700,0.0,0.0,0.0
2017-01-27 00:00:00-05:00,199.2046652657615,199.35227414297717,198.63158615481208,198.81393432617188,59711100,0.0,0.0,0.0
2017-01-30 00:00:00-05:00,198.11925707436745,198.1453049155172,196.59105964724068,197.58091735839844,79737300,0.0,0.0,0.0
2017-01-31 00:00:00-05:00,197.08594134196454,197.62429419636237,196.51287570538173,197.56350708007812,75880800,0.0,0.0,0.0
2017-02-01 00:00:00-05:00,197.56354959104303,198.4839419848247,197.05125771135795,197.64169311523438,79117700,0.0,0.0,0.0
2017-02-02 00:00:00-05:00,197.64173543100964,198.0585274809128,196.94710851282275,197.77198791503906,69657600,0.0,0.0,0.0
2017-02-03 00:00:00-05:00,198.68368805648723,199.3175410359928,198.37110066605905,199.13519287109375,80563200,0.0,0.0,0.0
2017-02-06 00:00:00-05:00,198.72706386314113,199.1264861795411,198.44052435881957,198.77915954589844,57790100,0.0,0.0,0.0
2017-02-07 00:00:00-05:00,199.16989445163065,199.41301645935593,198.5968154694972,198.787841796875,57931200,0.0,0.0,0.0
2017-02-08 00:00:00-05:00,198.78783294566657,199.17856378003057,198.24080182806387,199.04832458496094,51566200,0.0,0.0,0.0
2017-02-09 00:00:00-05:00,199.0483486961758,200.5331286964451,199.0483486961758,200.22923278808594,65955200,0.0,0.0,0.0
2017-02-10 00:00:00-05:00,200.57653685787577,201.2451290238324,200.24657987353112,201.0193634033203,66015900,0.0,0.0,0.0
2017-02-13 00:00:00-05:00,201.51433740059224,202.37395606400096,201.4882895546549,202.11346435546875,55182100,0.0,0.0,0.0
2017-02-14 00:00:00-05:00,201.93110165080554,202.92965092011556,201.58378823053283,202.92095947265625,71109000,0.0,0.0,0.0
2017-02-15 00:00:00-05:00,202.70381245342182,204.17123563785898,202.6517167840115,203.98020935058594,86785800,0.0,0.0,0.0
2017-02-16 00:00:00-05:00,204.00629937238745,204.18864750218478,203.0511809876632,203.8065948486328,84722400,0.0,0.0,0.0
2017-02-17 00:00:00-05:00,203.13798057166701,204.12783813476562,203.12061093044653,204.12783813476562,77204100,0.0,0.0,0.0
2017-02-21 00:00:00-05:00,204.5012113523329,205.51711674673214,204.49251990719645,205.3434600830078,88946100,0.0,0.0,0.0
2017-02-22 00:00:00-05:00,204.93536520964514,205.3868698977767,204.77038673741632,205.16111755371094,62115200,0.0,0.0,0.0
2017-02-23 00:00:00-05:00,205.68211673657723,205.69947313035786,204.53595878758776,205.30006408691406,74615900,0.0,0.0,0.0
2017-02-24 00:00:00-05:00,204.44914343607164,205.60396636874748,204.40572595195724,205.56056213378906,82381600,0.0,0.0,0.0
2017-02-27 00:00:00-05:00,205.47370496182714,206.05546208845794,205.22190477982303,205.88180541992188,56515400,0.0,0.0,0.0
2017-02-28 00:00:00-05:00,205.49973697743118,205.7428589444937,204.93534953585475,205.32608032226562,96961900,0.0,0.0,0.0
2017-03-01 00:00:00-05:00,206.99324818002398,208.6690676876072,206.97587853639476,208.20018005371094,149158200,0.0,0.0,0.0
2017-03-02 00:00:00-05:00,208.00915023062703,208.01784167687381,206.83695766386924,206.88905334472656,70246000,0.0,0.0,0.0
2017-03-03 00:00:00-05:00,206.80224343097873,207.18429613575887,206.42019072619863,207.01931762695312,81974300,0.0,0.0,0.0
2017-03-06 00:00:00-05:00,206.2204991243416,206.75883892443025,205.79502890381963,206.40284729003906,55391500,0.0,0.0,0.0
2017-03-07 00:00:00-05:00,206.0989032569243,206.45490808029294,205.5779199422797,205.78631591796875,65103700,0.0,0.0,0.0
2017-03-08 00:00:00-05:00,206.08155203630093,206.3420437169103,205.26535095333165,205.40428161621094,78168800,0.0,0.0,0.0
2017-03-09 00:00:00-05:00,205.52575750501742,205.99464498573218,204.69220037131615,205.66468811035156,90683900,0.0,0.0,0.0
2017-03-10 00:00:00-05:00,206.62860484897072,206.67202234180556,205.4303509423539,206.38548278808594,81991700,0.0,0.0,0.0
2017-03-13 00:00:00-04:00,206.3247217732159,206.5331178157152,205.99477793404245,206.4897003173828,57256800,0.0,0.0,0.0
2017-03-14 00:00:00-04:00,205.94263071347856,205.99473965128954,205.08302535238667,205.6995086669922,59880800,0.0,0.0,0.0
2017-03-15 00:00:00-04:00,206.27254514390765,207.90494704677877,206.03810134422497,207.47947692871094,96081800,0.0,0.0,0.0
2017-03-16 00:00:00-04:00,207.61842704153688,207.69657056570838,206.74145213335817,207.07139587402344,78344000,0.0,0.0,0.0
2017-03-17 00:00:00-04:00,207.3356582123932,207.52751561681808,206.707763671875,206.707763671875,89002100,1.033,0.0,0.0
2017-03-20 00:00:00-04:00,206.70775257455526,206.9955386657425,206.08858732634974,206.48101806640625,52537000,0.0,0.0,0.0
2017-03-21 00:00:00-04:00,207.09148825954514,207.21357813114446,203.6991197128237,203.82992553710938,131809300,0.0,0.0,0.0
2017-03-22 00:00:00-04:00,203.8647715237092,204.59731059362872,203.2368770904082,204.3095245361328,97569200,0.0,0.0,0.0
2017-03-23 00:00:00-04:00,204.30952548984405,205.23392193574253,203.71652147051114,204.0915069580078,100410300,0.0,0.0,0.0
2017-03-24 00:00:00-04:00,204.39678070621557,204.97233963672056,203.15843678482918,203.94329833984375,112504900,0.0,0.0,0.0
2017-03-27 00:00:00-04:00,202.26017068706292,203.99560320302137,201.9811138517411,203.73397827148438,87454500,0.0,0.0,0.0
2017-03-28 00:00:00-04:00,203.42876731401915,205.6438300898588,203.3153934015102,205.21652221679688,93483900,0.0,0.0,0.0
2017-03-29 00:00:00-04:00,204.92872553782038,205.6438194779519,204.70197772450342,205.40835571289062,61950400,0.0,0.0,0.0
2017-03-30 00:00:00-04:00,205.34734492897553,206.26302564298587,205.17293272316363,206.06243896484375,56737900,0.0,0.0,0.0
2017-03-31 00:00:00-04:00,205.72230069101383,206.25426649106177,205.53044330038693,205.58277893066406,73733100,0.0,0.0,0.0
2017-04-03 00:00:00-04:00,205.63512623693094,205.83569960357363,203.98690631306278,205.22525024414062,85546500,0.0,0.0,0.0
2017-04-04 00:00:00-04:00,204.93741097068593,205.44321553925872,204.55369624233452,205.3560028076172,56466200,0.0,0.0,0.0
2017-04-05 00:00:00-04:00,206.0362256569149,207.02167366521846,204.53625711429856,204.7455596923828,108800600,0.0,0.0,0.0
2017-04-06 00:00:00-04:00,204.88512985987543,205.8444035668836,204.4403634685669,205.3211669921875,69135800,0.0,0.0,0.0
2017-04-07 00:00:00-04:00,205.06828631958345,205.80955486958763,204.6235331736604,205.1118927001953,74412300,0.0,0.0,0.0
2017-04-10 00:00:00-04:00,205.2513777044643,206.0362391367382,204.70196671779507,205.2339324951172,67615300,0.0,0.0,0.0
2017-04-11 00:00:00-04:00,204.8502110371239,205.0943907328219,203.48977750200788,204.98974609375,88045300,0.0,0.0,0.0
2017-04-12 00:00:00-04:00,204.71068544341261,204.90254281597214,203.86477247534435,204.0915069580078,81864400,0.0,0.0,0.0
2017-04-13 00:00:00-04:00,203.75142409763637,204.4926925214312,202.76597595214844,202.76597595214844,92880400,0.0,0.0,0.0
2017-04-17 00:00:00-04:00,203.28920485575787,204.56243896484375,203.08863152793316,204.56243896484375,68405400,0.0,0.0,0.0
2017-04-18 00:00:00-04:00,203.82120528687076,204.49270621990743,203.26307827035657,203.95201110839844,83225800,0.0,0.0,0.0
2017-04-19 00:00:00-04:00,204.518822218216,204.89380769498186,203.35023280785046,203.5769805908203,68699900,0.0,0.0,0.0
2017-04-20 00:00:00-04:00,204.19616210109567,205.67869883929546,203.87349891555132,205.2339324951172,92572200,0.0,0.0,0.0
2017-04-21 00:00:00-04:00,205.15543661445977,205.2077589325431,204.17871785878427,204.57986450195312,110389800,0.0,0.0,0.0
2017-04-24 00:00:00-04:00,206.83854993582582,207.03913658035975,204.55371981687566,206.829833984375,119209900,0.0,0.0,0.0
2017-04-25 00:00:00-04:00,207.47516774452527,208.38211902094167,207.38795500532558,208.03329467773438,76698300,0.0,0.0,0.0
2017-04-26 00:00:00-04:00,207.9984097720454,208.88792916963394,207.85888801514207,207.90248107910156,84702500,0.0,0.0,0.0
2017-04-27 00:00:00-04:00,208.2251247710718,208.38209171290617,207.53617881934807,208.07687377929688,57410300,0.0,0.0,0.0
2017-04-28 00:00:00-04:00,208.33849165068017,208.36465280844388,207.49257873153556,207.62339782714844,63532800,0.0,0.0,0.0
2017-05-01 00:00:00-04:00,208.1466827392578,208.57400392685588,207.72809081080914,208.1466827392578,66882500,0.0,0.0,0.0
2017-05-02 00:00:00-04:00,208.28619696535378,208.408286820045,207.8152827563437,208.22515869140625,57375700,0.0,0.0,0.0
2017-05-03 00:00:00-04:00,208.2251532237122,208.32108191465034,207.29202747487776,207.9722442626953,73137700,0.0,0.0,0.0
2017-05-04 00:00:00-04:00,208.27749750843023,208.35598099834806,207.36181687233062,208.21644592285156,61462700,0.0,0.0,0.0
2017-05-05 00:00:00-04:00,208.59139509421863,209.05359327827045,208.14662881035417,209.03614807128906,62001300,0.0,0.0,0.0
2017-05-08 00:00:00-04:00,209.07978047807137,209.22803148889415,208.57397586696067,209.0012969970703,48385700,0.0,0.0,0.0
2017-05-09 00:00:00-04:00,209.26296113521786,209.4635345043071,208.4606410452646,208.80947875976562,51363200,0.0,0.0,0.0
2017-05-10 00:00:00-04:00,208.76584109552743,209.18443298339844,208.55653849819385,209.18443298339844,54293800,0.0,0.0,0.0
2017-05-11 00:00:00-04:00,208.7309494362091,208.92280681036195,207.6670179274689,208.75711059570312,62358300,0.0,0.0,0.0
2017-05-12 00:00:00-04:00,208.50420810899575,208.80071013031687,208.13793855792926,208.4082794189453,53912700,0.0,0.0,0.0
2017-05-15 00:00:00-04:00,208.83562500645345,209.6815381068416,208.81817979527509,209.5594482421875,61918900,0.0,0.0,0.0
2017-05-16 00:00:00-04:00,209.85589778856868,209.88205894539163,208.9751077930103,209.36753845214844,51241800,0.0,0.0,0.0
2017-05-17 00:00:00-04:00,209.3675112398363,209.3675112398363,205.5914295165872,205.65248107910156,172174100,0.0,0.0,0.0
2017-05-18 00:00:00-04:00,205.57405342021687,207.33564708136433,205.31242849124698,206.48101806640625,107047700,0.0,0.0,0.0
2017-05-19 00:00:00-04:00,206.9693305295951,208.4954600776184,206.91700821703557,207.82395935058594,115011400,0.0,0.0,0.0
2017-05-22 00:00:00-04:00,208.33853160457576,209.04492292004622,208.2687773750251,208.8792266845703,61010600,0.0,0.0,0.0
2017-05-23 00:00:00-04:00,209.2542484194207,209.50715744577892,208.87053355653185,209.34146118164062,48341700,0.0,0.0,0.0
2017-05-24 00:00:00-04:00,209.57686204682906,209.9344023282237,209.23674036040805,209.8297576904297,46927700,0.0,0.0,0.0
2017-05-25 00:00:00-04:00,210.34429743035375,211.11172699566256,210.13500813566696,210.83265686035156,64071700,0.0,0.0,0.0
2017-05-26 00:00:00-04:00,210.64079817477923,210.9547454216769,210.56231468975392,210.7890625,46629900,0.0,0.0,0.0
2017-05-30 00:00:00-04:00,210.46639144326141,210.8588221853437,210.3094244691472,210.60592651367188,35201900,0.0,0.0,0.0
2017-05-31 00:00:00-04:00,210.90241321103332,210.93730362949535,209.8559268727001,210.5535888671875,91796000,0.0,0.0,0.0
2017-06-01 00:00:00-04:00,211.01575342548307,212.24538099746178,210.72796739969272,212.22793579101562,68962000,0.0,0.0,0.0
2017-06-02 00:00:00-04:00,212.28025540101476,213.09129115551565,211.9837534291729,212.93431091308594,88666100,0.0,0.0,0.0
2017-06-05 00:00:00-04:00,212.75992905887063,213.04771512196524,212.5767876344303,212.77737426757812,44698800,0.0,0.0,0.0
2017-06-06 00:00:00-04:00,212.21049803006517,212.76862489478182,212.01864067280687,212.09713745117188,50375400,0.0,0.0,0.0
2017-06-07 00:00:00-04:00,212.43730169529047,212.71635854767374,211.7658007682095,212.4896240234375,54144300,0.0,0.0,0.0
2017-06-08 00:00:00-04:00,212.58553758823444,213.07389702522528,212.0622877304319,212.59425354003906,65950700,0.0,0.0,0.0
2017-06-09 00:00:00-04:00,212.8646411789837,213.66694804553293,210.99840245951495,212.27163696289062,132256400,0.0,0.0,0.0
2017-06-12 00:00:00-04:00,212.02736249066243,212.28025810356047,211.37330697026445,212.22793579101562,86108100,0.0,0.0,0.0
2017-06-13 00:00:00-04:00,212.76867361507297,213.31808465546305,212.4198492347982,213.26576232910156,60067000,0.0,0.0,0.0
2017-06-14 00:00:00-04:00,213.53602765947923,213.54474360852294,212.16686517244872,212.99534606933594,78602300,0.0,0.0,0.0
2017-06-15 00:00:00-04:00,211.63492416700342,212.70758482990328,211.3558673904041,212.5854949951172,66464900,0.0,0.0,0.0
2017-06-16 00:00:00-04:00,212.74591531742809,212.79849279938716,211.74690304513817,212.63198852539062,84553100,1.183,0.0,0.0
2017-06-19 00:00:00-04:00,213.4644995560992,214.46351184258083,213.3681030472418,214.4021759033203,65123800,0.0,0.0,0.0
2017-06-20 00:00:00-04:00,214.04282683374373,214.05158528817967,212.93865984894066,212.9561767578125,56906400,0.0,0.0,0.0
2017-06-21 00:00:00-04:00,213.3505454907303,213.4644588909962,212.430399603596,212.9036102294922,55977600,0.0,0.0,0.0
2017-06-22 00:00:00-04:00,212.9123887793721,213.41188815738636,212.63195775392126,212.80722045898438,44148100,0.0,0.0,0.0
2017-06-23 00:00:00-04:00,212.8685473652385,213.39433542511208,212.48296143165302,213.06134033203125,66986800,0.0,0.0,0.0
2017-06-26 00:00:00-04:00,213.73609796077525,214.15674444607043,212.99122821497548,213.2015380859375,56700500,0.0,0.0,0.0
2017-06-27 00:00:00-04:00,212.98245909025695,213.28042036404116,211.46641747387525,211.48394775390625,82247700,0.0,0.0,0.0
2017-06-28 00:00:00-04:00,212.50929304663848,213.57841303396904,212.27268101752406,213.37686157226562,70042600,0.0,0.0,0.0
2017-06-29 00:00:00-04:00,213.52585450546604,213.57843198956039,210.2834470599806,211.5015411376953,106949700,0.0,0.0,0.0
2017-06-30 00:00:00-04:00,212.31649195574266,212.6933194967741,211.70306576629525,211.89585876464844,86820700,0.0,0.0,0.0
2017-07-03 00:00:00-04:00,212.84227962444552,213.28044307006786,212.25514221191406,212.25514221191406,39153800,0.0,0.0,0.0
2017-07-05 00:00:00-04:00,212.62325589873782,212.9562511154944,211.80826471429836,212.74594116210938,54427600,0.0,0.0,0.0
2017-07-06 00:00:00-04:00,211.97473577670482,212.0974210208427,210.61642626337851,210.8004608154297,65400800,0.0,0.0,0.0
2017-07-07 00:00:00-04:00,211.37885251169513,212.3165154970266,210.80923190915195,212.16754150390625,57972300,0.0,0.0,0.0
2017-07-10 00:00:00-04:00,212.16751503502994,212.77218276041182,211.86079525871835,212.39535522460938,36663300,0.0,0.0,0.0
2017-07-11 00:00:00-04:00,212.3953575538887,212.55310335739506,211.063350224018,212.2376251220703,50354600,0.0,0.0,0.0
2017-07-12 00:00:00-04:00,213.21036535652047,213.99905432109583,213.21036535652047,213.83255004882812,59610400,0.0,0.0,0.0
2017-07-13 00:00:00-04:00,213.84130806152592,214.305760279588,213.61345449453745,214.19183349609375,39471600,0.0,0.0,0.0
2017-07-14 00:00:00-04:00,214.19181430813487,215.550123645858,214.09541781651097,215.19082641601562,60262700,0.0,0.0,0.0
2017-07-17 00:00:00-04:00,215.11201906992343,215.49760514193184,214.98933380807443,215.1645965576172,33531900,0.0,0.0,0.0
2017-07-18 00:00:00-04:00,214.75271706788246,215.33109616330725,214.41095003362062,215.2785186767578,42742500,0.0,0.0,0.0
2017-07-19 00:00:00-04:00,215.5939468259919,216.45274344050935,215.58517499914686,216.44398498535156,51034300,0.0,0.0,0.0
2017-07-20 00:00:00-04:00,216.69812244382985,216.82080767931134,215.98829976913785,216.54039001464844,47135200,0.0,0.0,0.0
2017-07-21 00:00:00-04:00,215.96200922892282,216.3738839528213,215.73415567086718,216.34759521484375,82340800,0.0,0.0,0.0
2017-07-24 00:00:00-04:00,216.26875708939406,216.43526137629695,215.82183508641012,216.29505920410156,46622300,0.0,0.0,0.0
2017-07-25 00:00:00-04:00,217.04864096227047,217.1538092834,216.59296060022956,216.82080078125,54915600,0.0,0.0,0.0
2017-07-26 00:00:00-04:00,217.11002091076406,217.1450681082962,216.56670243303589,216.82958984375,47575400,0.0,0.0,0.0
2017-07-27 00:00:00-04:00,217.29403828587806,217.32908548063858,215.29600052063518,216.62802124023438,70766600,0.0,0.0,0.0
2017-07-28 00:00:00-04:00,216.14604779079357,216.50534506765416,215.69036738138323,216.3739013671875,50088400,0.0,0.0,0.0
2017-07-31 00:00:00-04:00,216.77696300015006,216.8733594860249,216.04085167438916,216.2511749267578,65838700,0.0,0.0,0.0
2017-08-01 00:00:00-04:00,216.8557937138238,216.89084089547842,216.2073071939061,216.7331085205078,55050400,0.0,0.0,0.0
2017-08-02 00:00:00-04:00,216.86463712813287,216.97856391358948,215.90067210893486,216.83834838867188,47211200,0.0,0.0,0.0
2017-08-03 00:00:00-04:00,216.72441575992434,216.75070449867655,216.13727830831166,216.41770935058594,40856000,0.0,0.0,0.0
2017-08-04 00:00:00-04:00,216.90845399607926,217.14505264887754,216.4264714912689,216.8120574951172,60191800,0.0,0.0,0.0
2017-08-07 00:00:00-04:00,216.88221473121553,217.2152099609375,216.7770463787374,217.2152099609375,31995000,0.0,0.0,0.0
2017-08-08 00:00:00-04:00,216.89965422266255,218.12651983789726,216.30375838199248,216.68057250976562,61719400,0.0,0.0,0.0
2017-08-09 00:00:00-04:00,215.98829530127708,216.72440669893902,215.62899805776797,216.6718292236328,62632600,0.0,0.0,0.0
2017-08-10 00:00:00-04:00,215.83057059209347,215.96202766489094,213.5608868750253,213.61346435546875,120479500,0.0,0.0,0.0
2017-08-11 00:00:00-04:00,213.84128463855788,214.52481852127642,213.60467264171322,213.9289093017578,74869900,0.0,0.0,0.0
2017-08-14 00:00:00-04:00,215.21712892625487,216.26871857474214,215.18208173237005,216.0496368408203,73291900,0.0,0.0,0.0
2017-08-15 00:00:00-04:00,216.4352206726645,216.45275095527597,215.7166395458477,216.02334594726562,55242700,0.0,0.0,0.0
2017-08-16 00:00:00-04:00,216.54916624664983,216.9522825515738,215.9707872154633,216.4001922607422,56715500,0.0,0.0,0.0
2017-08-17 00:00:00-04:00,215.78674395234782,216.10222217601435,213.02630615234375,213.02630615234375,128490400,0.0,0.0,0.0
2017-08-18 00:00:00-04:00,212.85980448196815,213.9902737020257,212.2463783095315,212.6933135986328,136748000,0.0,0.0,0.0
2017-08-21 00:00:00-04:00,212.63196206206413,213.12270299485874,211.92213940058,212.85980224609375,65469700,0.0,0.0,0.0
2017-08-22 00:00:00-04:00,213.4469359216111,215.24339525538875,213.42940564064983,215.08566284179688,63140100,0.0,0.0,0.0
2017-08-23 00:00:00-04:00,214.11294746372792,214.74390388490792,213.96397349923916,214.3144989013672,50203800,0.0,0.0,0.0
2017-08-24 00:00:00-04:00,214.70014907321885,214.85788153984058,213.60474014937589,213.8150634765625,50741700,0.0,0.0,0.0
2017-08-25 00:00:00-04:00,214.6124468303447,215.23464479656195,214.16552493687843,214.3144989013672,64445900,0.0,0.0,0.0
2017-08-28 00:00:00-04:00,214.84907610934303,214.87536484803243,213.90264140146087,214.3232879638672,40565600,0.0,0.0,0.0
2017-08-29 00:00:00-04:00,212.9999863402539,214.8315061127108,212.88605957920163,214.56861877441406,51135700,0.0,0.0,0.0
2017-08-30 00:00:00-04:00,214.55116079996634,215.85689296418565,214.36712622945205,215.58522033691406,62030800,0.0,0.0,0.0
2017-08-31 00:00:00-04:00,216.20745694955417,217.127603222603,215.6203193054564,216.88223266601562,103803900,0.0,0.0,0.0
2017-09-01 00:00:00-04:00,217.25901158072978,217.618308898543,217.03992980718857,217.18890380859375,62007000,0.0,0.0,0.0
2017-09-05 00:00:00-04:00,216.6805720894735,216.90842562832373,214.6562592057023,215.6289825439453,91398800,0.0,0.0,0.0
2017-09-06 00:00:00-04:00,216.31251957360777,216.69810553265486,215.7779596525083,216.36509704589844,57916900,0.0,0.0,0.0
2017-09-07 00:00:00-04:00,216.67186048260967,216.68939076746997,215.92697715047498,216.33885192871094,58034700,0.0,0.0,0.0
2017-09-08 00:00:00-04:00,216.04962571552957,216.54913846155958,215.83931581967457,216.08468627929688,63832800,0.0,0.0,0.0
2017-09-11 00:00:00-04:00,217.36412056412445,218.46830102703612,217.34660365356433,218.38943481445312,71364800,0.0,0.0,0.0
2017-09-12 00:00:00-04:00,218.75749361411147,219.16059650971104,218.57345907712028,219.12554931640625,56896000,0.0,0.0,0.0
2017-09-13 00:00:00-04:00,218.83636843491965,219.2657734569964,218.7224416517448,219.230712890625,59228000,0.0,0.0,0.0
2017-09-14 00:00:00-04:00,218.90648506977425,219.36217884925793,218.73122234587706,219.16061401367188,95446300,0.0,0.0,0.0
2017-09-15 00:00:00-04:00,219.01528949588013,219.5436869676829,218.9096126891291,219.45562744140625,95432400,1.235,0.0,0.0
2017-09-18 00:00:00-04:00,219.82550365716577,220.27464351155248,219.53487900854594,219.92237854003906,46235200,0.0,0.0,0.0
2017-09-19 00:00:00-04:00,220.16898206901536,220.23063583425784,219.81671707292423,220.14256286621094,47108100,0.0,0.0,0.0
2017-09-20 00:00:00-04:00,220.2306171166969,220.33629391893305,219.21783182242785,220.2218017578125,59574100,0.0,0.0,0.0
2017-09-21 00:00:00-04:00,220.06332624484025,220.151385783237,219.45565764628978,219.6317901611328,48211400,0.0,0.0,0.0
2017-09-22 00:00:00-04:00,219.3323791534485,219.84317288948446,219.3059599462441,219.67584228515625,51214000,0.0,0.0,0.0
2017-09-25 00:00:00-04:00,219.4203732889321,219.77265167672752,218.4780571574281,219.22662353515625,57064400,0.0,0.0,0.0
2017-09-26 00:00:00-04:00,219.65820652238776,219.9047947275851,219.12099362434006,219.35877990722656,54082000,0.0,0.0,0.0
2017-09-27 00:00:00-04:00,220.06331465246905,220.60052752917338,219.17382332658627,220.21302795410156,81001400,0.0,0.0,0.0
2017-09-28 00:00:00-04:00,219.93120564887698,220.55649149867924,219.84314611493716,220.47723388671875,44778800,0.0,0.0,0.0
2017-09-29 00:00:00-04:00,220.4683810662905,221.3314530433761,220.28344666980541,221.25218200683594,85578000,0.0,0.0,0.0
2017-10-02 00:00:00-04:00,221.48119556505637,222.212158203125,221.30504962774958,222.212158203125,59023000,0.0,0.0,0.0
2017-10-03 00:00:00-04:00,222.21216976528885,222.71414808619693,222.13289871415682,222.68772888183594,66810200,0.0,0.0,0.0
2017-10-04 00:00:00-04:00,222.53800079743428,223.19850773868842,222.4235086274415,222.95191955566406,55953600,0.0,0.0,0.0
2017-10-05 00:00:00-04:00,223.2865677875205,224.2905378030407,222.98714119858687,224.27293395996094,63522800,0.0,0.0,0.0
2017-10-06 00:00:00-04:00,223.8237520775156,224.30812646136334,223.55956008454996,224.0175018310547,80646000,0.0,0.0,0.0
2017-10-09 00:00:00-04:00,224.24652594755767,224.30816627750906,223.38345382384756,223.6476593017578,35803100,0.0,0.0,0.0
2017-10-10 00:00:00-04:00,224.2200670575951,224.61636848529244,223.67403891641214,224.2376708984375,43057400,0.0,0.0,0.0
2017-10-11 00:00:00-04:00,224.1408429794285,224.58999633789062,223.97352582809376,224.58999633789062,47674300,0.0,0.0,0.0
2017-10-12 00:00:00-04:00,224.27294259918935,224.6252076070282,224.01753904616484,224.2553253173828,47065100,0.0,0.0,0.0
2017-10-13 00:00:00-04:00,224.69568142561954,224.81017360952677,224.2553434112683,224.52835083007812,54800400,0.0,0.0,0.0
2017-10-16 00:00:00-04:00,224.75731653809834,225.0215085743355,224.41385345294134,224.8277587890625,38221700,0.0,0.0,0.0
2017-10-17 00:00:00-04:00,224.77490004193194,225.03030357124794,224.5547310729583,224.98626708984375,31561000,0.0,0.0,0.0
2017-10-18 00:00:00-04:00,225.36499717328172,225.40903366365623,225.0127321263861,225.20648193359375,40888300,0.0,0.0,0.0
2017-10-19 00:00:00-04:00,224.422685934227,225.30336200973483,223.99996518063736,225.26812744140625,61903800,0.0,0.0,0.0
2017-10-20 00:00:00-04:00,226.06948856522112,226.45698806723104,225.2504530836009,226.4305419921875,89176400,0.0,0.0,0.0
2017-10-23 00:00:00-04:00,226.7564448226478,226.78286402511839,225.4706386328226,225.54989624023438,63915300,0.0,0.0,0.0
2017-10-24 00:00:00-04:00,225.9814473307994,226.18398559248973,225.58513241481134,225.9462127685547,66935900,0.0,0.0,0.0
2017-10-25 00:00:00-04:00,225.61155985201296,225.72605202641483,223.69169271909666,224.8277587890625,103715300,0.0,0.0,0.0
2017-10-26 00:00:00-04:00,225.44423691861851,225.71723086970312,224.99508359245306,225.11837768554688,69798000,0.0,0.0,0.0
2017-10-27 00:00:00-04:00,225.8669852026108,227.11755700571842,225.12722055365555,226.95901489257812,85562500,0.0,0.0,0.0
2017-10-30 00:00:00-04:00,225.86695246883247,226.8621205506391,225.81411406414324,226.11354064941406,54285700,0.0,0.0,0.0
2017-10-31 00:00:00-04:00,226.4922089954181,226.72119331711465,226.16636323060015,226.46578979492188,60304800,0.0,0.0,0.0
2017-11-01 00:00:00-04:00,227.24961614081914,227.59306576531168,226.3953594451078,226.76522827148438,54202700,0.0,0.0,0.0
2017-11-02 00:00:00-04:00,226.69477154198708,226.99419810290817,225.62034594052025,226.85328674316406,56449500,0.0,0.0,0.0
2017-11-03 00:00:00-04:00,227.01183768122408,227.65474082199677,226.5979188955947,227.6107177734375,59589700,0.0,0.0,0.0
2017-11-06 00:00:00-05:00,227.47862471712673,228.09510873441712,227.40818245497144,227.9630126953125,49652600,0.0,0.0,0.0
2017-11-07 00:00:00-05:00,228.0686506513407,228.40331181076243,227.2936515192266,227.80445861816406,57502200,0.0,0.0,0.0
2017-11-08 00:00:00-05:00,227.62827599261055,228.2887828451976,227.3464532852445,228.19189453125,50469600,0.0,0.0,0.0
2017-11-09 00:00:00-05:00,226.9766361504009,227.5578855380808,225.77008744918888,227.3641357421875,95085500,0.0,0.0,0.0
2017-11-10 00:00:00-05:00,226.9766554253012,227.4698318792559,226.65959806141547,227.29368591308594,59984700,0.0,0.0,0.0
2017-11-13 00:00:00-05:00,226.60669469787055,227.73395868040478,226.5714601395151,227.50497436523438,50228600,0.0,0.0,0.0
2017-11-14 00:00:00-05:00,226.6948464988502,227.0823461472502,225.9110318403721,226.97666931152344,61315200,0.0,0.0,0.0
2017-11-15 00:00:00-05:00,225.9990456075603,226.52745652383095,225.1271850651759,225.8405303955078,80811500,0.0,0.0,0.0
2017-11-16 00:00:00-05:00,226.79165758836004,228.1303022131102,226.74763454195505,227.76040649414062,67777000,0.0,0.0,0.0
2017-11-17 00:00:00-05:00,227.4081370185183,227.73398280857248,227.01182210428706,227.09107971191406,75756800,0.0,0.0,0.0
2017-11-20 00:00:00-05:00,227.33770741494766,227.6723417070642,227.09109234270758,227.4785919189453,48075500,0.0,0.0,0.0
2017-11-21 00:00:00-05:00,228.25358882670136,229.15189550646267,227.4433819942431,228.96693420410156,69176800,0.0,0.0,0.0
2017-11-22 00:00:00-05:00,228.9758037532766,229.10789980329815,228.59711945118033,228.7644500732422,45033400,0.0,0.0,0.0
2017-11-24 00:00:00-05:00,229.25754744316941,229.39845880658774,229.11663607975112,229.29275512695312,27856500,0.0,0.0,0.0
2017-11-27 00:00:00-05:00,229.33682943114943,229.63625603171585,228.97574906326412,229.17831420898438,52274900,0.0,0.0,0.0
2017-11-28 00:00:00-05:00,229.64508243833384,231.52971510340254,229.54819410272967,231.5032958984375,98971700,0.0,0.0,0.0
2017-11-29 00:00:00-05:00,231.63534255689933,232.17256877815885,230.91320881639098,231.36233520507812,77512100,0.0,0.0,0.0
2017-11-30 00:00:00-05:00,232.28712490178896,234.30385371724745,232.20786728195918,233.38796997070312,127894400,0.0,0.0,0.0
2017-12-01 00:00:00-05:00,233.1677833754017,233.65214441876162,229.6450794204984,232.903564453125,164390900,0.0,0.0,0.0
2017-12-04 00:00:00-05:00,234.53280156935026,234.96432416881373,232.56888459684197,232.6217498779297,94040600,0.0,0.0,0.0
2017-12-05 00:00:00-05:00,231.7850799560547,233.51119710303715,231.65298395329225,231.7850799560547,77994500,0.0,0.0,0.0
2017-12-06 00:00:00-05:00,231.8819704878114,232.26068157803005,231.36237489436897,231.82913208007812,75898600,0.0,0.0,0.0
2017-12-07 00:00:00-05:00,232.56011962890625,232.87715009091266,231.564951440777,232.56011962890625,77218600,0.0,0.0,0.0
2017-12-08 00:00:00-05:00,233.52003563346278,233.83706607155074,232.52486752041426,233.82827758789062,76563900,0.0,0.0,0.0
2017-12-11 00:00:00-05:00,234.53280639648438,234.59446016227557,233.80185719499212,234.53280639648438,83077500,0.0,0.0,0.0
2017-12-12 00:00:00-05:00,235.32544634673962,235.4223346905091,234.56807782318228,234.94676208496094,85195800,0.0,0.0,0.0
2017-12-13 00:00:00-05:00,235.1933412848402,235.63367930520064,234.83226088301262,234.9203338623047,102905400,0.0,0.0,0.0
2017-12-14 00:00:00-05:00,235.21979442963433,235.3342866316235,233.9075955399819,233.96043395996094,100666700,0.0,0.0,0.0
2017-12-15 00:00:00-05:00,234.97040530899767,236.3778344548762,234.9172968139439,235.90869140625,144610300,1.351,0.0,0.0
2017-12-18 00:00:00-05:00,237.31609415650118,237.75868290837326,237.20987717820765,237.4046173095703,83653600,0.0,0.0,0.0
2017-12-19 00:00:00-05:00,237.6525157927867,237.69676387186828,236.42210583795836,236.49293518066406,82382900,0.0,0.0,0.0
2017-12-20 00:00:00-05:00,237.46656902525524,237.51967751659834,236.06800039742868,236.36895751953125,76751500,0.0,0.0,0.0
2017-12-21 00:00:00-05:00,236.9974360974613,237.57282313396158,236.60795580205001,236.85580444335938,67032300,0.0,0.0,0.0
2017-12-22 00:00:00-05:00,236.8735470250612,236.90896169520622,236.25391185817637,236.79388427734375,78720900,0.0,0.0,0.0
2017-12-26 00:00:00-05:00,236.3865907740937,236.73182289283685,236.24498617577981,236.51052856445312,45244400,0.0,0.0,0.0
2017-12-27 00:00:00-05:00,236.67876461692916,236.98858214507518,236.35125326360784,236.6256561279297,57751000,0.0,0.0,0.0
2017-12-28 00:00:00-05:00,237.13023915109122,237.1567933984313,236.74075884778594,237.11251831054688,45116100,0.0,0.0,0.0
2017-12-29 00:00:00-05:00,237.6967337820049,237.71442760870187,236.023762207703,236.21847534179688,96007400,0.0,0.0,0.0
2018-01-02 00:00:00-05:00,237.0859101584929,237.94453331190397,236.69642994374126,237.90911865234375,86655700,0.0,0.0,0.0
2018-01-03 00:00:00-05:00,238.07732904047535,239.56444774700554,238.07732904047535,239.41395568847656,90070400,0.0,0.0,0.0
2018-01-04 00:00:00-05:00,240.06008997738857,240.90985260537715,239.47586972893802,240.42298889160156,80636400,0.0,0.0,0.0
2018-01-05 00:00:00-05:00,241.21969287411642,242.14911830388075,240.72399570977953,242.02520751953125,83524000,0.0,0.0,0.0
2018-01-08 00:00:00-05:00,241.927862146671,242.62715994059667,241.63576545544691,242.46783447265625,57319200,0.0,0.0,0.0
2018-01-09 00:00:00-05:00,242.89270951784812,243.6451158231759,242.60944622421127,243.0166473388672,57254000,0.0,0.0,0.0
2018-01-10 00:00:00-05:00,242.25532572107372,242.91037531586502,241.5826093179607,242.64480590820312,69574300,0.0,0.0,0.0
2018-01-11 00:00:00-05:00,243.20251805667615,244.4152069091797,243.0343321706455,244.4152069091797,62361500,0.0,0.0,0.0
2018-01-12 00:00:00-05:00,244.68077865980706,246.17670379600776,244.37979453521476,246.008544921875,90816100,0.0,0.0,0.0
2018-01-16 00:00:00-05:00,247.27429843931566,247.9293210348377,244.46827435032472,245.16757202148438,106555100,0.0,0.0,0.0
2018-01-17 00:00:00-05:00,246.1058718989444,247.89392052541882,245.16758601427787,247.5044403076172,113258800,0.0,0.0,0.0
2018-01-18 00:00:00-05:00,247.38944285709573,247.81431081215018,246.59276141441612,247.08848571777344,100728000,0.0,0.0,0.0
2018-01-19 00:00:00-05:00,247.67268934343676,248.21266174316406,247.08849588120745,248.21266174316406,140920100,0.0,0.0,0.0
2018-01-22 00:00:00-05:00,248.00021246108778,250.23085021972656,247.94707695432132,250.23085021972656,91322400,0.0,0.0,0.0
2018-01-23 00:00:00-05:00,250.27506855775837,251.05402905144194,249.94755721688517,250.76193237304688,97084700,0.0,0.0,0.0
2018-01-24 00:00:00-05:00,251.40811192236998,252.01005317199684,249.47843139345346,250.66456604003906,134816100,0.0,0.0,0.0
2018-01-25 00:00:00-05:00,251.53195735989468,251.6293138858058,249.97403683760123,250.77069091796875,84587300,0.0,0.0,0.0
2018-01-26 00:00:00-05:00,251.61166666205216,253.7183931184401,251.35495766175654,253.6741180419922,107743100,0.0,0.0,0.0
2018-01-29 00:00:00-05:00,253.09875072942384,253.54133940009962,251.83295361452355,251.99227905273438,90118300,0.0,0.0,0.0
2018-01-30 00:00:00-05:00,250.15118446037607,252.04545039632512,248.92963510248188,249.4076385498047,131796400,0.0,0.0,0.0
2018-01-31 00:00:00-05:00,250.26628300073054,250.7708137235107,248.45165263703416,249.5315704345703,108364800,0.0,0.0,0.0
2018-02-01 00:00:00-05:00,248.79685358797087,250.55834821949227,248.45162138654095,249.24827575683594,90102500,0.0,0.0,0.0
2018-02-02 00:00:00-05:00,247.92049252657358,248.05329075710972,243.78672889231302,243.8221435546875,173174800,0.0,0.0,0.0
2018-02-05 00:00:00-05:00,242.05180035272843,244.17622096909975,233.07608745570695,233.62489318847656,294681800,0.0,0.0,0.0
2018-02-06 00:00:00-05:00,230.09300124077632,238.73234077305224,228.99538997718903,238.227783203125,355026800,0.0,0.0,0.0
2018-02-07 00:00:00-05:00,237.67014070555834,241.0869126296822,236.85576558145914,236.93545532226562,167376100,0.0,0.0,0.0
2018-02-08 00:00:00-05:00,237.23644125937324,237.37807290746164,228.01287940199202,228.0482940673828,246449500,0.0,0.0,0.0
2018-02-09 00:00:00-05:00,230.8542267849872,233.34157281267113,223.87903891353784,231.47386169433594,283565300,0.0,0.0,0.0
2018-02-12 00:00:00-05:00,233.53634404847907,236.35122874075833,231.61552419752266,234.8729705810547,143736000,0.0,0.0,0.0
2018-02-13 00:00:00-05:00,233.660289973586,236.00600478745633,233.07606962142876,235.4571990966797,81223600,0.0,0.0,0.0
2018-02-14 00:00:00-05:00,233.9612285551669,238.9978899526541,233.9523681371547,238.6349639892578,120735700,0.0,0.0,0.0
2018-02-15 00:00:00-05:00,240.38764119152106,241.68885309439366,237.90912817899294,241.67999267578125,111200300,0.0,0.0,0.0
2018-02-16 00:00:00-05:00,241.05144666805958,243.70697810370325,241.00717160272123,241.75071716308594,160420100,0.0,0.0,0.0
2018-02-20 00:00:00-05:00,240.79480291541992,242.24650679301067,239.44048259716516,240.2371368408203,86369700,0.0,0.0,0.0
2018-02-21 00:00:00-05:00,240.6797744492158,243.17598166500747,238.944833986105,239.0421905517578,98883700,0.0,0.0,0.0
2018-02-22 00:00:00-05:00,239.97164009757057,241.69772011838631,238.67928843355122,239.3520050048828,110511300,0.0,0.0,0.0
2018-02-23 00:00:00-05:00,240.58238077740046,243.16708374023438,240.10437740239422,243.16708374023438,92766400,0.0,0.0,0.0
2018-02-26 00:00:00-05:00,244.24704380883512,246.08822830762622,243.6539899562212,245.9908447265625,86491400,0.0,0.0,0.0
2018-02-27 00:00:00-05:00,246.17665075645985,246.89366923588844,242.85723581646857,242.91920471191406,99099200,0.0,0.0,0.0
2018-02-28 00:00:00-05:00,244.0256988963652,244.47714801420884,240.13978416138914,240.45843505859375,121907800,0.0,0.0,0.0
2018-03-01 00:00:00-05:00,240.24606815342645,241.8039894547704,235.45725384673085,236.96206665039062,176855100,0.0,0.0,0.0
2018-03-02 00:00:00-05:00,235.28018194939543,238.7500898308051,234.4127252391493,238.18356323242188,139083200,0.0,0.0,0.0
2018-03-05 00:00:00-05:00,236.98859338196428,241.55611274680504,236.88234938545418,240.9364776611328,97307400,0.0,0.0,0.0
2018-03-06 00:00:00-05:00,241.91907704581985,241.99876681807422,240.04250446989954,241.5473175048828,79213200,0.0,0.0,0.0
2018-03-07 00:00:00-05:00,239.369718976248,241.81279058404456,239.17497883957464,241.45872497558594,87063500,0.0,0.0,0.0
2018-03-08 00:00:00-05:00,242.14027244137452,242.75104702226673,241.1400446480664,242.62713623046875,66901200,0.0,0.0,0.0
2018-03-09 00:00:00-05:00,244.04347419217535,246.84947204589844,243.72479621038616,246.84947204589844,113625300,0.0,0.0,0.0
2018-03-12 00:00:00-04:00,247.1415836002588,247.77005209910882,246.15016204959065,246.53964233398438,71924800,0.0,0.0,0.0
2018-03-13 00:00:00-04:00,247.70805363497897,248.21261126322244,244.33552972151472,244.94630432128906,91968900,0.0,0.0,0.0
2018-03-14 00:00:00-04:00,245.91113500618593,246.09701469919077,243.13169197567302,243.6893310546875,105895100,0.0,0.0,0.0
2018-03-15 00:00:00-04:00,244.20275808192113,244.8489203287661,242.9192399800569,243.42379760742188,83433000,0.0,0.0,0.0
2018-03-16 00:00:00-04:00,243.9543195170254,244.745295538591,243.63439244425115,243.68771362304688,100343700,1.097,0.0,0.0
2018-03-19 00:00:00-04:00,242.932309247711,243.86545705649945,238.7286419127244,240.3905487060547,109208400,0.0,0.0,0.0
2018-03-20 00:00:00-04:00,240.7905883448603,241.43936583549376,240.1151502516896,240.7994842529297,59757300,0.0,0.0,0.0
2018-03-21 00:00:00-04:00,240.75498103950753,242.86124956057748,240.12399549813884,240.3372802734375,78709600,0.0,0.0,0.0
2018-03-22 00:00:00-04:00,238.09775093140692,238.95091730534998,234.05404553918774,234.32957458496094,148785900,0.0,0.0,0.0
2018-03-23 00:00:00-04:00,234.77390603581736,235.10272912118262,229.13937980811755,229.33489990234375,183534800,0.0,0.0,0.0
2018-03-26 00:00:00-04:00,232.96087674326745,235.89365069196427,230.5435500072418,235.6092529296875,141956100,0.0,0.0,0.0
2018-03-27 00:00:00-04:00,236.55131149341534,237.0845233676225,230.0369595063443,231.6011199951172,129941400,0.0,0.0,0.0
2018-03-28 00:00:00-04:00,231.73441528056546,233.41411399361385,229.80587532725002,230.91677856445312,146452300,0.0,0.0,0.0
2018-03-29 00:00:00-04:00,232.06326462842958,235.74258958588737,230.92570066933587,233.86737060546875,111601600,0.0,0.0,0.0
2018-04-02 00:00:00-04:00,233.3341267313607,233.84960106935486,226.33100129597292,228.81942749023438,186286300,0.0,0.0,0.0
2018-04-03 00:00:00-04:00,230.06362964338052,232.23211509398098,228.25952373637787,231.752197265625,119956900,0.0,0.0,0.0
2018-04-04 00:00:00-04:00,228.17955112667016,234.94271779307743,228.0462481472289,234.23175048828125,123715300,0.0,0.0,0.0
2018-04-05 00:00:00-04:00,236.00028284452247,236.96901437539836,234.90717137074398,236.08029174804688,82652600,0.0,0.0,0.0
2018-04-06 00:00:00-04:00,234.10731517346778,235.6092313895433,229.29042683131024,230.81903076171875,179521200,0.0,0.0,0.0
2018-04-09 00:00:00-04:00,232.28544231452105,235.36931109609853,231.01457539251095,231.9566192626953,105442900,0.0,0.0,0.0
2018-04-10 00:00:00-04:00,234.86274084261026,236.43579739740815,233.71630807413945,235.6448211669922,103529000,0.0,0.0,0.0
2018-04-11 00:00:00-04:00,234.15174771168842,236.08028771361523,234.0806618362465,234.40948486328125,91140200,0.0,0.0,0.0
2018-04-12 00:00:00-04:00,235.7425684752777,237.28893713950225,235.56481310441114,236.33799743652344,68890500,0.0,0.0,0.0
2018-04-13 00:00:00-04:00,237.65334317082176,237.76888146260518,234.63169138070813,235.6448211669922,85079200,0.0,0.0,0.0
2018-04-16 00:00:00-04:00,237.28896305412786,238.3554411524752,236.46245744482425,237.5822296142578,63405300,0.0,0.0,0.0
2018-04-17 00:00:00-04:00,239.35967728053276,240.72831785788958,238.8442300385403,240.12399291992188,64682000,0.0,0.0,0.0
2018-04-18 00:00:00-04:00,240.56836378930137,241.1104716493528,239.83960462382296,240.3017578125,57303900,0.0,0.0,0.0
2018-04-19 00:00:00-04:00,239.64405395073416,239.84846992130542,237.92882576831857,238.96864318847656,77655900,0.0,0.0,0.0
2018-04-20 00:00:00-04:00,238.89753775059452,239.11971841716232,236.05361436986175,236.9423370361328,99953100,0.0,0.0,0.0
2018-04-23 00:00:00-04:00,237.52002010427697,238.07991970378174,235.82255661686145,236.90679931640625,65558000,0.0,0.0,0.0
2018-04-24 00:00:00-04:00,237.93777254505218,238.1599532520903,232.20549945480164,233.71633911132812,112885500,0.0,0.0,0.0
2018-04-25 00:00:00-04:00,233.65407916746446,234.73832190389882,231.82331264684532,234.29396057128906,103840900,0.0,0.0,0.0
2018-04-26 00:00:00-04:00,235.32482607285817,237.5110757145578,234.88046484607696,236.67567443847656,67731900,0.0,0.0,0.0
2018-04-27 00:00:00-04:00,237.28895885553587,237.59112131633273,235.95587481702162,236.89791870117188,57053600,0.0,0.0,0.0
2018-04-30 00:00:00-04:00,237.52005264450372,238.0799523207147,235.00495205480453,235.07606506347656,82182300,0.0,0.0,0.0
2018-05-01 00:00:00-04:00,234.50726282004828,235.60040154358634,232.94310213368462,235.49375915527344,74203400,0.0,0.0,0.0
2018-05-02 00:00:00-04:00,235.2982246645307,236.1158343393192,233.52077931035637,233.9118194580078,86368900,0.0,0.0,0.0
2018-05-03 00:00:00-04:00,233.07641989790184,234.0539931534452,230.22360055327914,233.39634704589844,136311500,0.0,0.0,0.0
2018-05-04 00:00:00-04:00,232.41874717885847,237.10233309395733,232.08992412436334,236.41799926757812,91222100,0.0,0.0,0.0
2018-05-07 00:00:00-04:00,237.1912043952279,238.19543822158042,236.49797468173318,237.21786499023438,55304900,0.0,0.0,0.0
2018-05-08 00:00:00-04:00,236.84458953848053,237.58221741476837,235.6448085198629,237.21786499023438,67499200,0.0,0.0,0.0
2018-05-09 00:00:00-04:00,237.89332115922488,239.83962633102746,237.36897794294805,239.51080322265625,59666100,0.0,0.0,0.0
2018-05-10 00:00:00-04:00,240.25721226478302,242.07910947220975,240.15056991540303,241.75025939941406,72063900,0.0,0.0,0.0
2018-05-11 00:00:00-04:00,241.87480094772403,242.7546278424096,241.3593265346416,242.48802185058594,59871500,0.0,0.0,0.0
2018-05-14 00:00:00-04:00,242.92353442993374,243.58118075168093,242.05257615171416,242.60360717773438,54790600,0.0,0.0,0.0
2018-05-15 00:00:00-04:00,241.36822000607532,241.38598469812845,239.98181461924676,240.93275451660156,87036100,0.0,0.0,0.0
2018-05-16 00:00:00-04:00,240.9683037301778,242.40803027126395,240.94161601040483,241.9458770751953,53942600,0.0,0.0,0.0
2018-05-17 00:00:00-04:00,241.67923798384473,242.82569778869282,240.9593748119236,241.741455078125,56536400,0.0,0.0,0.0
2018-05-18 00:00:00-04:00,241.3948068273166,241.75918631554492,240.78158611806143,241.13706970214844,64368000,0.0,0.0,0.0
2018-05-21 00:00:00-04:00,242.63020710515173,243.49226925911267,242.23916692469527,242.95013427734375,58025900,0.0,0.0,0.0
2018-05-22 00:00:00-04:00,243.47439315042135,243.73213025323065,241.94578946196145,242.2746124267578,52966400,0.0,0.0,0.0
2018-05-23 00:00:00-04:00,240.99496052889378,242.96792612267254,240.8349698211104,242.9412384033203,64694200,0.0,0.0,0.0
2018-05-24 00:00:00-04:00,242.54131608104444,242.8168179491853,240.64833238457277,242.44354248046875,76043800,0.0,0.0,0.0
2018-05-25 00:00:00-04:00,241.86582946777344,242.4968148657111,241.35925111992563,241.86582946777344,56374800,0.0,0.0,0.0
2018-05-29 00:00:00-04:00,240.23059667678842,240.9949121932738,237.9643649629924,239.08413696289062,115908600,0.0,0.0,0.0
2018-05-30 00:00:00-04:00,240.39942108841893,242.7189736487327,240.32833522643185,242.2746124267578,69678400,0.0,0.0,0.0
2018-05-31 00:00:00-04:00,241.86592018335386,242.16808270022744,240.18624808637006,240.7905731201172,93519900,0.0,0.0,0.0
2018-06-01 00:00:00-04:00,242.09703477381512,243.45677987383274,242.02592174594545,243.1546173095703,71258400,0.0,0.0,0.0
2018-06-04 00:00:00-04:00,243.9809914613621,244.5675515770711,243.74104614561432,244.309814453125,45385200,0.0,0.0,0.0
2018-06-05 00:00:00-04:00,244.4431116891168,244.8697082510164,243.66992745702103,244.48756408691406,51135000,0.0,0.0,0.0
2018-06-06 00:00:00-04:00,245.10081634400737,246.6382891023098,244.47869966799232,246.53164672851562,62732200,0.0,0.0,0.0
2018-06-07 00:00:00-04:00,247.02046393354019,247.313730465625,245.5896064071183,246.50498962402344,72969400,0.0,0.0,0.0
2018-06-08 00:00:00-04:00,246.04278839947372,247.28699426705265,245.87392898298222,247.23367309570312,72139700,0.0,0.0,0.0
2018-06-11 00:00:00-04:00,247.45587290780517,248.28237824958612,247.34033465368736,247.56251525878906,58892500,0.0,0.0,0.0
2018-06-12 00:00:00-04:00,247.98033011104,248.2469361113092,247.2338061886178,247.88258361816406,72329000,0.0,0.0,0.0
2018-06-13 00:00:00-04:00,248.1224895664003,248.38022674012538,246.88715201101465,247.09156799316406,79070600,0.0,0.0,0.0
2018-06-14 00:00:00-04:00,247.96247952694245,248.24685012150417,247.1181822824306,247.71363830566406,77097600,0.0,0.0,0.0
2018-06-15 00:00:00-04:00,246.9245375374612,247.73691001925954,245.8086457619335,247.39767456054688,120041600,1.246,0.0,0.0
2018-06-18 00:00:00-04:00,245.9335385538888,247.01374108760024,245.45149306507443,246.8887481689453,52917600,0.0,0.0,0.0
2018-06-19 00:00:00-04:00,244.60340463184835,246.16565265413206,244.183828358983,245.94247436523438,97531500,0.0,0.0,0.0
2018-06-20 00:00:00-04:00,246.63001636070427,247.03174844307367,246.02297755293574,246.36221313476562,53785500,0.0,0.0,0.0
2018-06-21 00:00:00-04:00,246.35315596226158,246.37102766416416,244.31777071707353,244.81768798828125,71061400,0.0,0.0,0.0
2018-06-22 00:00:00-04:00,246.08539222117082,246.20144932830485,245.0409055004169,245.2640838623047,54898500,0.0,0.0,0.0
2018-06-25 00:00:00-04:00,244.1035616867265,244.26424356517674,240.2291886823104,241.9253387451172,137854200,0.0,0.0,0.0
2018-06-26 00:00:00-04:00,242.49662313805814,243.31790401358137,241.73781148059285,242.46090698242188,68547400,0.0,0.0,0.0
2018-06-27 00:00:00-04:00,243.050084230636,244.4873392856263,240.30051254817425,240.45228576660156,105110700,0.0,0.0,0.0
2018-06-28 00:00:00-04:00,240.39878636576628,242.59485358514212,239.68459933756924,241.82713317871094,76650500,0.0,0.0,0.0
2018-06-29 00:00:00-04:00,242.92510774038897,244.29989367456906,242.05917486049844,242.17523193359375,97592500,0.0,0.0,0.0
2018-07-02 00:00:00-04:00,240.595199483648,242.85376331779898,240.35414942750324,242.69305419921875,63554800,0.0,0.0,0.0
2018-07-03 00:00:00-04:00,243.59470609411272,243.6929187367211,241.40757456533476,241.8360595703125,42187100,0.0,0.0,0.0
2018-07-05 00:00:00-04:00,242.96974313495832,243.8713648653579,241.8895406388005,243.80886840820312,56925900,0.0,0.0,0.0
2018-07-06 00:00:00-04:00,243.83569351011386,246.24600277424636,243.45180613384213,245.87107849121094,66493700,0.0,0.0,0.0
2018-07-09 00:00:00-04:00,246.879853562402,248.1385825914722,246.83522879453807,248.08502197265625,50550400,0.0,0.0,0.0
2018-07-10 00:00:00-04:00,248.54037754942811,249.07601111696587,248.24576682772764,248.97779846191406,51966800,0.0,0.0,0.0
2018-07-11 00:00:00-04:00,247.41552599711488,248.2100540405488,246.85311216743958,247.15663146972656,77054700,0.0,0.0,0.0
2018-07-12 00:00:00-04:00,248.42428452779478,249.4508994918549,247.81724595259672,249.3973388671875,60124700,0.0,0.0,0.0
2018-07-13 00:00:00-04:00,249.2187799000535,249.89722347148899,248.76348740654552,249.5937042236328,48216000,0.0,0.0,0.0
2018-07-16 00:00:00-04:00,249.63840533557,249.78121551510569,248.92421822062775,249.37057495117188,48201000,0.0,0.0,0.0
2018-07-17 00:00:00-04:00,248.59392180964701,250.77214486231094,248.54036118076618,250.3793487548828,52315500,0.0,0.0,0.0
2018-07-18 00:00:00-04:00,250.45972535346834,251.01320342633167,250.01336855361635,250.9060821533203,44593500,0.0,0.0,0.0
2018-07-19 00:00:00-04:00,250.2365015594721,250.62036179928108,249.47768968868434,249.9597625732422,61412100,0.0,0.0,0.0
2018-07-20 00:00:00-04:00,249.75436740973433,250.38821341034702,249.51334464830475,249.6740264892578,82337700,0.0,0.0,0.0
2018-07-23 00:00:00-04:00,249.46870974204455,250.34355122507282,249.1205385240232,250.13824462890625,47047600,0.0,0.0,0.0
2018-07-24 00:00:00-04:00,251.55765121391323,252.2450305455652,250.52210066992276,251.39694213867188,68026900,0.0,0.0,0.0
2018-07-25 00:00:00-04:00,251.14705807619214,253.86091454021857,251.1024333019305,253.53955078125,78882900,0.0,0.0,0.0
2018-07-26 00:00:00-04:00,252.81642529193127,253.62877044587097,252.71821265929484,252.94139099121094,57919500,0.0,0.0,0.0
2018-07-27 00:00:00-04:00,253.27174182862277,253.36995448113856,250.29901783290413,251.22744750976562,76768700,0.0,0.0,0.0
2018-07-30 00:00:00-04:00,251.30780739008893,251.46848929527062,249.3884514077455,249.91517639160156,63742500,0.0,0.0,0.0
2018-07-31 00:00:00-04:00,250.6828477896245,251.76302337595422,250.29898756587647,251.1470489501953,68570500,0.0,0.0,0.0
2018-08-01 00:00:00-04:00,251.35241891227193,251.86127216196084,250.07584510490906,250.72750854492188,53853300,0.0,0.0,0.0
2018-08-02 00:00:00-04:00,249.415167747765,252.2628979484789,249.20983389282733,252.0933074951172,63426400,0.0,0.0,0.0
2018-08-03 00:00:00-04:00,252.2183130831264,253.22708357316313,252.03975950767807,253.17352294921875,53935400,0.0,0.0,0.0
2018-08-06 00:00:00-04:00,253.20920019900308,254.41434129599213,252.8164041881434,254.10191345214844,39400900,0.0,0.0,0.0
2018-08-07 00:00:00-04:00,254.77144958414206,255.3249274447306,254.63752080078643,254.9410400390625,43196600,0.0,0.0,0.0
2018-08-08 00:00:00-04:00,254.77143886069084,255.23563992731937,254.36970701442615,254.8339080810547,42114600,0.0,0.0,0.0
2018-08-09 00:00:00-04:00,254.8964498520815,255.28924591806472,254.3519077680981,254.48580932617188,35717000,0.0,0.0,0.0
2018-08-10 00:00:00-04:00,253.0395798937138,253.58412189566636,252.06649848358063,252.7806854248047,77076000,0.0,0.0,0.0
2018-08-13 00:00:00-04:00,253.05754706975344,253.67352168626482,251.5399229217046,251.83453369140625,65732900,0.0,0.0,0.0
2018-08-14 00:00:00-04:00,252.56644263755783,253.6823341910466,252.17364663125406,253.4412841796875,43842000,0.0,0.0,0.0
2018-08-15 00:00:00-04:00,252.08446171454167,252.22729915464987,250.10263650365673,251.548828125,102925400,0.0,0.0,0.0
2018-08-16 00:00:00-04:00,252.99492769432914,254.4589904901478,252.95921153643337,253.58412170410156,69967900,0.0,0.0,0.0
2018-08-17 00:00:00-04:00,253.37880524474818,254.92320906926975,252.9681647528183,254.4768524169922,65618500,0.0,0.0,0.0
2018-08-20 00:00:00-04:00,254.93223808080836,255.2893180844295,254.47694541120305,255.02151489257812,39807500,0.0,0.0,0.0
2018-08-21 00:00:00-04:00,255.5391354052617,256.4854091507804,255.05706268323274,255.61947631835938,67272000,0.0,0.0,0.0
2018-08-22 00:00:00-04:00,255.20886371266803,255.99445571759415,254.94103339638184,255.46775817871094,44993300,0.0,0.0,0.0
2018-08-23 00:00:00-04:00,255.2892218936298,256.1551548789504,254.80714908648025,255.1285400390625,49204900,0.0,0.0,0.0
2018-08-24 00:00:00-04:00,255.7087917256957,256.80683885752967,255.65523110886937,256.66400146484375,57487400,0.0,0.0,0.0
2018-08-27 00:00:00-04:00,257.86915197808514,258.797581442632,257.7084701217543,258.6904602050781,57072400,0.0,0.0,0.0
2018-08-28 00:00:00-04:00,259.15466838543637,259.26181686936127,258.3512318384164,258.8154602050781,46943500,0.0,0.0,0.0
2018-08-29 00:00:00-04:00,259.02968081501746,260.44015576794226,258.78865804429665,260.20806884765625,61485500,0.0,0.0,0.0
2018-08-30 00:00:00-04:00,259.7261044359694,260.10102890242024,258.5566517658,259.1547546386719,61229500,0.0,0.0,0.0
2018-08-31 00:00:00-04:00,258.7439979131837,259.6099308313335,258.2530165367201,259.16357421875,66140800,0.0,0.0,0.0
2018-09-04 00:00:00-04:00,258.74409599099647,259.07439565055813,257.7085449880602,258.7173156738281,57594400,0.0,0.0,0.0
2018-09-05 00:00:00-04:00,258.360201043774,258.5655349434943,257.00328641681773,258.0209655761719,72452400,0.0,0.0,0.0
2018-09-06 00:00:00-04:00,258.1281013717273,258.4316206905085,256.20877280809265,257.24432373046875,65909900,0.0,0.0,0.0
2018-09-07 00:00:00-04:00,256.1908763529805,257.72634434096216,255.94982632268187,256.7443542480469,73524800,0.0,0.0,0.0
2018-09-10 00:00:00-04:00,257.7619960994473,258.0298264007858,256.9942758378545,257.190673828125,50210900,0.0,0.0,0.0
2018-09-11 00:00:00-04:00,256.53897524320666,258.48508338457526,256.19083127900825,258.0387268066406,50530500,0.0,0.0,0.0
2018-09-12 00:00:00-04:00,258.0477882410099,258.7083875799472,257.30684794815784,258.1013488769531,59810800,0.0,0.0,0.0
2018-09-13 00:00:00-04:00,259.1725728052701,259.815327572716,258.8868979656381,259.6278381347656,51034200,0.0,0.0,0.0
2018-09-14 00:00:00-04:00,259.83310615666596,260.02056830363557,258.8868323283208,259.67242431640625,55079900,0.0,0.0,0.0
2018-09-17 00:00:00-04:00,259.6188939768274,259.65458289430546,258.0209295076099,258.29766845703125,68244000,0.0,0.0,0.0
2018-09-18 00:00:00-04:00,258.5119252312873,260.2973519680675,258.4851449199736,259.6992492675781,61930400,0.0,0.0,0.0
2018-09-19 00:00:00-04:00,259.7528043286965,260.3955590299135,259.6278113829421,259.9759826660156,49080600,0.0,0.0,0.0
2018-09-20 00:00:00-04:00,261.2436990574307,262.4042157426579,259.99387832754934,262.08282470703125,100360600,0.0,0.0,0.0
2018-09-21 00:00:00-04:00,262.82978875351046,262.9463712241286,261.68194401991025,261.8433532714844,105479700,1.323,0.0,0.0
2018-09-24 00:00:00-04:00,261.260478778808,261.4039627971183,260.39062573246207,260.9735107421875,53409600,0.0,0.0,0.0
2018-09-25 00:00:00-04:00,261.4307599302833,261.53836605934583,260.4891789342186,260.7312927246094,44370000,0.0,0.0,0.0
2018-09-26 00:00:00-04:00,260.87485844553476,262.067529905459,259.52972667714494,259.9512023925781,79739700,0.0,0.0,0.0
2018-09-27 00:00:00-04:00,260.4264611201193,261.771592784849,260.14846943208374,260.67755126953125,59249500,0.0,0.0,0.0
2018-09-28 00:00:00-04:00,260.0497662584244,261.20658694836334,260.01391579111066,260.70440673828125,70091400,0.0,0.0,0.0
2018-10-01 00:00:00-04:00,261.95097325233075,262.6863185928696,260.93766354171925,261.6102294921875,62078900,0.0,0.0,0.0
2018-10-02 00:00:00-04:00,261.4577941894531,262.1751869918936,261.0811725465453,261.4577941894531,47258200,0.0,0.0,0.0
2018-10-03 00:00:00-04:00,262.5159065549928,262.9373822694521,261.24253047592066,261.6012268066406,64694600,0.0,0.0,0.0
2018-10-04 00:00:00-04:00,261.1169847935505,261.17078787751586,257.9604186115469,259.556640625,111545900,0.0,0.0,0.0
2018-10-05 00:00:00-04:00,259.78077762442024,260.3008831216245,256.6690388420152,258.1038513183594,105951700,0.0,0.0,0.0
2018-10-08 00:00:00-04:00,257.4133329334366,258.4625475957525,256.02337459599886,258.1038513183594,87742200,0.0,0.0,0.0
2018-10-09 00:00:00-04:00,257.71825443474444,259.03645710139944,257.16224373099027,257.7272033691406,74339000,0.0,0.0,0.0
2018-10-10 00:00:00-04:00,257.2161031634123,257.2878588549355,249.19016612295218,249.56678771972656,214731000,0.0,0.0,0.0
2018-10-11 00:00:00-04:00,248.47275851660655,250.1048584959788,242.4465663646606,244.06971740722656,274840500,0.0,0.0,0.0
2018-10-12 00:00:00-04:00,248.19474480577531,248.48171282732093,244.24903029324207,247.4594268798828,183186500,0.0,0.0,0.0
2018-10-15 00:00:00-04:00,247.10070500692072,248.436887894213,245.9797618207765,246.06944274902344,102263700,0.0,0.0,0.0
2018-10-16 00:00:00-04:00,248.04229508844276,251.82660009553484,247.56701630785707,251.449951171875,118255800,0.0,0.0,0.0
2018-10-17 00:00:00-04:00,251.48583570929563,252.1225237454972,248.90317835479686,251.49481201171875,110626000,0.0,0.0,0.0
2018-10-18 00:00:00-04:00,250.55325540833013,251.1540930932026,246.58063869179836,247.8629913330078,134557500,0.0,0.0,0.0
2018-10-19 00:00:00-04:00,248.51758769747224,250.46352970546525,247.02897189114395,247.7284393310547,139901600,0.0,0.0,0.0
2018-10-22 00:00:00-04:00,248.400972343425,248.7237907959792,246.07838169830606,246.61643981933594,82415800,0.0,0.0,0.0
2018-10-23 00:00:00-04:00,242.97566458852106,246.49092721948597,240.87723478690856,245.3610076904297,146352700,0.0,0.0,0.0
2018-10-24 00:00:00-04:00,245.109942491084,245.495567798852,237.370972658724,237.9269561767578,177806700,0.0,0.0,0.0
2018-10-25 00:00:00-04:00,239.77424414032916,243.74686036437396,238.74298184599124,242.19546508789062,138061500,0.0,0.0,0.0
2018-10-26 00:00:00-04:00,238.46494597938312,243.0204463643157,235.2097230755981,237.9358367919922,201574600,0.0,0.0,0.0
2018-10-29 00:00:00-04:00,241.04759943865835,242.34790441460515,233.021663057574,236.6176300048828,160749100,0.0,0.0,0.0
2018-10-30 00:00:00-04:00,236.44727551760465,240.4378166978318,235.9540441132332,240.1239471435547,157116000,0.0,0.0,0.0
2018-10-31 00:00:00-04:00,242.70664594448263,245.0202883183115,242.23136706408846,242.688720703125,128296300,0.0,0.0,0.0
2018-11-01 00:00:00-04:00,243.55854256218097,245.46863414262967,242.46450091063076,245.27134704589844,99495000,0.0,0.0,0.0
2018-11-02 00:00:00-04:00,246.38333918677264,246.81379126923983,241.75608192567535,243.81863403320312,122634100,0.0,0.0,0.0
2018-11-05 00:00:00-05:00,244.31182949328038,245.71974080681895,243.3343702469705,245.16375732421875,65622500,0.0,0.0,0.0
2018-11-06 00:00:00-05:00,245.10100141092062,246.87655820391097,245.03822201383184,246.71514892578125,60085900,0.0,0.0,0.0
2018-11-07 00:00:00-05:00,248.90314986445063,252.07766811321994,248.47269789904666,251.99696350097656,102752100,0.0,0.0,0.0
2018-11-08 00:00:00-05:00,251.18986446071753,252.18527608579305,250.39176726713777,251.53961181640625,65584900,0.0,0.0,0.0
2018-11-09 00:00:00-05:00,250.2213418210016,250.4096525542219,247.66558668879523,249.0824737548828,98812600,0.0,0.0,0.0
2018-11-12 00:00:00-05:00,248.5714075989599,248.81352148681145,243.90827277285172,244.42840576171875,99673600,0.0,0.0,0.0
2018-11-13 00:00:00-05:00,244.89469490312644,246.90341632239995,243.24466982775505,243.97103881835938,98176600,0.0,0.0,0.0
2018-11-14 00:00:00-05:00,245.8542565735757,246.25777974345633,240.73379521714875,242.30311584472656,125335900,0.0,0.0,0.0
2018-11-15 00:00:00-05:00,241.0296637507252,245.29822375693627,239.44241820140843,244.83189392089844,135101400,0.0,0.0,0.0
2018-11-16 00:00:00-05:00,243.7288916467381,246.38327706911747,243.2087587573776,245.46859741210938,126668000,0.0,0.0,0.0
2018-11-19 00:00:00-05:00,244.85884534271574,245.1547897015332,240.39302471674316,241.31668090820312,103061700,0.0,0.0,0.0
2018-11-20 00:00:00-05:00,237.962751078101,239.43344153293177,235.9809313782968,236.8507843017578,136021300,0.0,0.0,0.0
2018-11-21 00:00:00-05:00,238.41112261950397,239.56794351143657,237.64890323784502,237.65785217285156,75563700,0.0,0.0,0.0
2018-11-23 00:00:00-05:00,236.00785354866954,237.47854413206406,235.90922368520557,236.0706329345703,42807900,0.0,0.0,0.0
2018-11-26 00:00:00-05:00,238.339417056614,240.1060245692173,237.94484287544947,239.8818359375,79981400,0.0,0.0,0.0
2018-11-27 00:00:00-05:00,238.84157657488538,240.6888885498047,238.2317901178152,240.6888885498047,75502400,0.0,0.0,0.0
2018-11-28 00:00:00-05:00,241.76497018497133,246.2307891845703,240.6260746836519,246.2307891845703,127629600,0.0,0.0,0.0
2018-11-29 00:00:00-05:00,245.45069931409577,247.100724530456,244.30285449546344,245.69284057617188,82346400,0.0,0.0,0.0
2018-11-30 00:00:00-05:00,245.5403436817176,247.75532835734444,245.21752520273154,247.19036865234375,98204200,0.0,0.0,0.0
2018-12-03 00:00:00-05:00,251.34231485635328,251.44992100255251,248.8583150923488,250.46348571777344,103176300,0.0,0.0,0.0
2018-12-04 00:00:00-05:00,249.62954245476013,250.05999446105452,242.03403084645882,242.347900390625,177986000,0.0,0.0,0.0
2018-12-06 00:00:00-05:00,238.46494735042435,242.09679180384157,235.34423211753665,241.98020935058594,204185400,0.0,0.0,0.0
2018-12-07 00:00:00-05:00,241.63945948676408,243.21775616138547,235.5146383038047,236.3575897216797,161018900,0.0,0.0,0.0
2018-12-10 00:00:00-05:00,236.17823013665304,237.7834283669261,231.91864622828135,236.80596923828125,151445900,0.0,0.0,0.0
2018-12-11 00:00:00-05:00,240.02528311031446,240.2135938693605,235.38010194203162,236.8597412109375,121504400,0.0,0.0,0.0
2018-12-12 00:00:00-05:00,239.85494515401493,241.2269785469903,237.97175508977213,238.05245971679688,97976700,0.0,0.0,0.0
2018-12-13 00:00:00-05:00,239.0029876142789,239.8728405307356,236.8507823945557,237.9717254638672,96662700,0.0,0.0,0.0
2018-12-14 00:00:00-05:00,235.81056198508924,236.7700958938637,233.02166855130378,233.57765197753906,116961100,0.0,0.0,0.0
2018-12-17 00:00:00-05:00,232.61810606865575,233.73904916590908,227.3541616626381,228.99522399902344,165492300,0.0,0.0,0.0
2018-12-18 00:00:00-05:00,230.64528486464434,231.31785078781093,227.12999493151148,228.74415588378906,134515100,0.0,0.0,0.0
2018-12-19 00:00:00-05:00,228.8248405458802,232.61810819023322,223.60573655282965,225.3185272216797,214992800,0.0,0.0,0.0
2018-12-20 00:00:00-05:00,224.06312062123368,225.64140390192918,219.39102280679742,221.65084838867188,252053400,0.0,0.0,0.0
2018-12-21 00:00:00-05:00,222.5573337538015,225.23624896094057,216.45986388230614,217.1092987060547,255345600,1.435,0.0,0.0
2018-12-24 00:00:00-05:00,215.61197561901807,217.23556257103576,211.3094874002884,211.37261962890625,147311600,0.0,0.0,0.0
2018-12-26 00:00:00-05:00,212.84287732090513,222.0522003173828,210.8494705935896,222.0522003173828,218485400,0.0,0.0,0.0
2018-12-27 00:00:00-05:00,218.79602145206852,223.95539867695237,215.53983252872507,223.75697326660156,186267300,0.0,0.0,0.0
2018-12-28 00:00:00-05:00,225.11896832332044,226.7605851721075,222.29573142574773,223.46832275390625,153100200,0.0,0.0,0.0
2018-12-31 00:00:00-05:00,225.10092653135382,225.66918540388036,223.21576818583068,225.42564392089844,144299400,0.0,0.0,0.0
2019-01-02 00:00:00-05:00,221.87179588811404,226.58921986651146,221.84473725264507,225.66015625,126925200,0.0,0.0,0.0
2019-01-03 00:00:00-05:00,223.90126312996705,224.2079505863008,219.78818561793517,220.2752685546875,144140700,0.0,0.0,0.0
2019-01-04 00:00:00-05:00,223.324003825679,228.3029992354066,222.94516916323036,227.653564453125,142628800,0.0,0.0,0.0
2019-01-07 00:00:00-05:00,227.92419504771206,230.86468187604567,227.0222037031967,229.4485626220703,103139100,0.0,0.0,0.0
2019-01-08 00:00:00-05:00,231.6493946419734,232.09136153682732,229.1057727631822,231.60427856445312,102512600,0.0,0.0,0.0
2019-01-09 00:00:00-05:00,232.31685632215758,233.53454997395662,231.08113275553774,232.68667602539062,95006600,0.0,0.0,0.0
2019-01-10 00:00:00-05:00,231.14430967565727,233.7600790572302,230.45878744851456,233.5075225830078,96823900,0.0,0.0,0.0
2019-01-11 00:00:00-05:00,232.42508171229733,233.62474540203766,231.83879294795014,233.59768676757812,73858100,0.0,0.0,0.0
2019-01-14 00:00:00-05:00,231.68547862236136,232.9843483330247,231.27959904189828,232.1725616455078,70908200,0.0,0.0,0.0
2019-01-15 00:00:00-05:00,232.55133778111363,235.1490763944399,232.54230906215915,234.8333740234375,85208300,0.0,0.0,0.0
2019-01-16 00:00:00-05:00,235.266382162577,236.29466547261706,235.0589417775127,235.40170288085938,77636700,0.0,0.0,0.0
2019-01-17 00:00:00-05:00,234.52671901614747,238.05350758494998,234.4816029443706,237.1875762939453,96118400,0.0,0.0,0.0
2019-01-18 00:00:00-05:00,239.0096901014702,240.81367289407265,237.22373722722034,240.34461975097656,127900300,0.0,0.0,0.0
2019-01-22 00:00:00-05:00,238.86533481838973,239.08180391476336,235.47383883339475,237.097412109375,115531200,0.0,0.0,0.0
2019-01-23 00:00:00-05:00,238.13472137952365,238.83827346131451,235.11304515297226,237.59352111816406,86030300,0.0,0.0,0.0
2019-01-24 00:00:00-05:00,237.41305291340424,238.30604275725267,236.39379863831965,237.7197265625,59204100,0.0,0.0,0.0
2019-01-25 00:00:00-05:00,239.57791156435647,240.5611063687107,237.81904493089928,239.73126220703125,96883400,0.0,0.0,0.0
2019-01-28 00:00:00-05:00,237.57547786184674,237.97232866953124,236.1322864214576,237.90921020507812,85613700,0.0,0.0,0.0
2019-01-29 00:00:00-05:00,238.05354546930803,238.62177684081743,236.7546758526805,237.59352111816406,66136300,0.0,0.0,0.0
2019-01-30 00:00:00-05:00,239.11780117872632,242.20259474612467,238.35110338249245,241.35472106933594,92473700,0.0,0.0,0.0
2019-01-31 00:00:00-05:00,241.29172929821559,243.9616161466722,241.07523264316717,243.4745330810547,104012100,0.0,0.0,0.0
2019-02-01 00:00:00-05:00,243.67297279833974,244.6200802904898,242.79804003355383,243.591796875,85782500,0.0,0.0,0.0
2019-02-04 00:00:00-05:00,243.63683745577777,245.36867272575856,242.96034403457378,245.30552673339844,60744800,0.0,0.0,0.0
2019-02-05 00:00:00-05:00,245.7384837766507,246.64047497315093,245.2333709087375,246.33380126953125,79552800,0.0,0.0,0.0
2019-02-06 00:00:00-05:00,246.05416453371834,246.55024863747457,245.26943666611854,246.00904846191406,58347800,0.0,0.0,0.0
2019-02-07 00:00:00-05:00,244.38552245145536,244.93572392590013,241.995251036936,243.6639404296875,95482000,0.0,0.0,0.0
2019-02-08 00:00:00-05:00,242.410106808138,244.06073840047426,241.58026288894914,243.96153259277344,75788900,0.0,0.0,0.0
2019-02-11 00:00:00-05:00,244.6200178309107,244.88157545269004,243.56467604377133,244.0968475341797,68021400,0.0,0.0,0.0
2019-02-12 00:00:00-05:00,245.72053128015872,247.61469136832275,245.6483565468104,247.23587036132812,72270200,0.0,0.0,0.0
2019-02-13 00:00:00-05:00,248.0746463165227,248.88643291634213,247.6507093383321,248.03855895996094,65277200,0.0,0.0,0.0
2019-02-14 00:00:00-05:00,246.94715730182546,248.62487529973822,246.12634198115146,247.4883575439453,83234400,0.0,0.0,0.0
2019-02-15 00:00:00-05:00,249.2742523783037,250.22135956899243,249.06681203799414,250.18527221679688,97088700,0.0,0.0,0.0
2019-02-19 00:00:00-05:00,249.38248654854772,251.2766456649485,249.37345782986233,250.6182098388672,59120800,0.0,0.0,0.0
2019-02-20 00:00:00-05:00,250.58218232305722,251.5834069058544,250.077069434532,251.12338256835938,76610800,0.0,0.0,0.0
2019-02-21 00:00:00-05:00,250.48288777570215,250.84367863591055,249.26519453674285,250.23033142089844,64214700,0.0,0.0,0.0
2019-02-22 00:00:00-05:00,250.85281330803056,251.98030255024048,250.21240712590134,251.78189086914062,78114600,0.0,0.0,0.0
2019-02-25 00:00:00-05:00,253.21600193560914,253.73914472497268,252.04339684831126,252.12457275390625,69030700,0.0,0.0,0.0
2019-02-26 00:00:00-05:00,251.77277232622828,252.82808646555924,251.56530447010283,251.94415283203125,56844100,0.0,0.0,0.0
2019-02-27 00:00:00-05:00,251.22265393385223,252.18779141167147,250.28460262562328,251.83602905273438,56921600,0.0,0.0,0.0
2019-02-28 00:00:00-05:00,251.6194692886216,252.06146371550594,251.04220920727437,251.36691284179688,69268300,0.0,0.0,0.0
2019-03-01 00:00:00-05:00,252.95446180257804,253.35134020718792,251.49324018860167,252.93643188476562,78880500,0.0,0.0,0.0
2019-03-04 00:00:00-05:00,254.00076462189872,254.2442923719903,249.7072770726406,252.01637268066406,106494600,0.0,0.0,0.0
2019-03-05 00:00:00-05:00,252.14256060653028,252.3409997187468,251.12330641771732,251.6735076904297,59114600,0.0,0.0,0.0
2019-03-06 00:00:00-05:00,251.79084634318414,251.79987506399203,249.82451206821207,250.1492156982422,75039800,0.0,0.0,0.0
2019-03-07 00:00:00-05:00,249.69815174131605,249.8424736018025,247.2086753460203,248.05654907226562,94885100,0.0,0.0,0.0
2019-03-08 00:00:00-05:00,246.18954505888917,247.73194270897582,245.72051942114308,247.56056213378906,85795800,0.0,0.0,0.0
2019-03-11 00:00:00-04:00,248.28212602520543,251.31280348252952,248.25506738814323,251.15045166015625,65098900,0.0,0.0,0.0
2019-03-12 00:00:00-04:00,251.7096540648249,252.6206739563598,251.520243626293,252.09750366210938,79667500,0.0,0.0,0.0
2019-03-13 00:00:00-04:00,252.990551239176,254.70432934953868,252.82817187116447,253.76625061035156,80639200,0.0,0.0,0.0
2019-03-14 00:00:00-04:00,253.79323122420453,254.21716814196964,253.161853970599,253.60382080078125,67518400,0.0,0.0,0.0
2019-03-15 00:00:00-04:00,254.1592594092792,255.67220446789284,253.96898697966446,254.85684204101562,81309000,1.233,0.0,0.0
2019-03-18 00:00:00-04:00,255.0741871045164,256.0798216552888,254.84769607435865,255.7808380126953,62199800,0.0,0.0,0.0
2019-03-19 00:00:00-04:00,256.84997996961755,257.620027603573,254.94744916984095,255.84434509277344,90268100,0.0,0.0,0.0
2019-03-20 00:00:00-04:00,255.62691718456892,256.8409061569528,253.95994601437738,255.0742645263672,84609200,0.0,0.0,0.0
2019-03-21 00:00:00-04:00,254.24987004210226,258.36292863387916,254.2045552320521,257.95526123046875,79550400,0.0,0.0,0.0
2019-03-22 00:00:00-04:00,256.58718810102096,257.1126351848165,252.92708490217305,252.99050903320312,122659300,0.0,0.0,0.0
2019-03-25 00:00:00-04:00,252.6461906210033,253.8420698044757,251.53187253225613,252.8002166748047,85575200,0.0,0.0,0.0
2019-03-26 00:00:00-04:00,254.56688209077853,255.64498174456523,253.27135986743298,254.68466186523438,68125900,0.0,0.0,0.0
2019-03-27 00:00:00-04:00,254.6756053803267,255.26450428036514,251.79464560653295,253.3529052734375,72224700,0.0,0.0,0.0
2019-03-28 00:00:00-04:00,253.98717473900481,254.766291004405,252.8275411861418,254.3133087158203,56238500,0.0,0.0,0.0
2019-03-29 00:00:00-04:00,255.8352451037486,256.2429124072712,254.70278984757456,255.91677856445312,82186800,0.0,0.0,0.0
2019-04-01 00:00:00-04:00,257.928004924654,259.2507048441099,257.656199090575,258.95172119140625,77617900,0.0,0.0,0.0
2019-04-02 00:00:00-04:00,259.14206794309905,259.3142033930689,258.28139069324993,259.0786437988281,40070400,0.0,0.0,0.0
2019-04-03 00:00:00-04:00,260.30162930496107,260.7002557475219,258.87925893708865,259.48626708984375,68243200,0.0,0.0,0.0
2019-04-04 00:00:00-04:00,259.81245499491376,260.428504116977,259.11487239915135,260.1748352050781,48997500,0.0,0.0,0.0
2019-04-05 00:00:00-04:00,260.845241310735,261.4884681924776,260.5553261127142,261.4341125488281,58621700,0.0,0.0,0.0
2019-04-08 00:00:00-04:00,261.0082748641195,261.74210360738147,260.34691108717846,261.6333923339844,53566300,0.0,0.0,0.0
2019-04-09 00:00:00-04:00,260.66402066112636,260.9901545020803,259.73994713059017,260.2925720214844,66142300,0.0,0.0,0.0
2019-04-10 00:00:00-04:00,260.70933131848636,261.2710523971649,260.29259549041524,261.1804504394531,52601500,0.0,0.0,0.0
2019-04-11 00:00:00-04:00,261.66969523425337,261.6787637258998,260.53723969206897,261.1080017089844,55093100,0.0,0.0,0.0
2019-04-12 00:00:00-04:00,262.72964566647977,263.155449991232,261.15327663978843,262.8746032714844,69727800,0.0,0.0,0.0
2019-04-15 00:00:00-04:00,262.94699291458335,263.0466633353963,261.89607131527083,262.702392578125,49596700,0.0,0.0,0.0
2019-04-16 00:00:00-04:00,263.5903228062458,263.644678452143,262.27666351877895,262.8746032714844,52153200,0.0,0.0,0.0
2019-04-17 00:00:00-04:00,263.99805956433306,264.0252373944276,261.8146817205922,262.2314453125,58268300,0.0,0.0,0.0
2019-04-18 00:00:00-04:00,262.8202343219697,263.01954756278246,261.51564359080106,262.74774169921875,68708500,0.0,0.0,0.0
2019-04-22 00:00:00-04:00,261.97770456841306,263.1282692576249,261.88710261030786,262.9742431640625,40160100,0.0,0.0,0.0
2019-04-23 00:00:00-04:00,263.34567380188565,265.57436569771625,263.11014190434713,265.33880615234375,52246600,0.0,0.0,0.0
2019-04-24 00:00:00-04:00,265.2573684539764,265.59257091397063,264.60507287177234,264.7500305175781,50392900,0.0,0.0,0.0
2019-04-25 00:00:00-04:00,264.6503382112794,265.2482780829676,263.39106196696525,264.5869140625,57770900,0.0,0.0,0.0
2019-04-26 00:00:00-04:00,264.63212840824303,265.89140417447715,263.852984878082,265.8189392089844,50916400,0.0,0.0,0.0
2019-04-29 00:00:00-04:00,265.90949246395365,266.7611008036788,265.81889053780344,266.2356262207031,57197700,0.0,0.0,0.0
2019-04-30 00:00:00-04:00,265.89148304008256,266.66155831003095,264.4691399437376,266.37164306640625,81111700,0.0,0.0,0.0
2019-05-01 00:00:00-04:00,267.0057436438471,267.2141253423963,264.3603162772179,264.369384765625,71671900,0.0,0.0,0.0
2019-05-02 00:00:00-04:00,264.25165768247064,265.1757589536227,262.2947714967696,263.7986755371094,65030200,0.0,0.0,0.0
2019-05-03 00:00:00-04:00,265.28446723160243,266.66152298463834,263.9073838307308,266.38067626953125,56543700,0.0,0.0,0.0
2019-05-06 00:00:00-04:00,262.05015538618255,265.7283679742448,261.73306237386663,265.2844543457031,107198100,0.0,0.0,0.0
2019-05-07 00:00:00-04:00,262.86548954244836,263.4634291922492,258.9336084948166,260.854248046875,144729900,0.0,0.0,0.0
2019-05-08 00:00:00-04:00,260.4918518066406,262.21317803561766,259.89391219382827,260.4918518066406,91568300,0.0,0.0,0.0
2019-05-09 00:00:00-04:00,258.4081826437886,260.31068537441627,256.65965069887955,259.7037048339844,103471100,0.0,0.0,0.0
2019-05-10 00:00:00-04:00,258.76152978744017,261.76933802498274,255.75372154989756,261.0083312988281,112429300,0.0,0.0,0.0
2019-05-13 00:00:00-04:00,255.86244163755828,256.83180239538814,253.60657180174036,254.44911193847656,127290500,0.0,0.0,0.0
2019-05-14 00:00:00-04:00,255.47280095807665,258.29036361146393,255.34598036430094,256.7502136230469,77003200,0.0,0.0,0.0
2019-05-15 00:00:00-04:00,255.11039324591258,258.8973160384539,254.90201157775616,258.25408935546875,73956400,0.0,0.0,0.0
2019-05-16 00:00:00-04:00,258.9607664762027,262.0138609687464,258.88830151564053,260.6458740234375,76749600,0.0,0.0,0.0
2019-05-17 00:00:00-04:00,258.32662660659844,261.46125477087065,258.30848962929474,258.9607849121094,100353000,0.0,0.0,0.0
2019-05-20 00:00:00-04:00,257.3481474138269,259.06947358984706,256.49653898976334,257.2485046386719,62877600,0.0,0.0,0.0
2019-05-21 00:00:00-04:00,258.95170294920274,259.94826897495756,258.69803411063145,259.5677795410156,46847100,0.0,0.0,0.0
2019-05-22 00:00:00-04:00,258.6075019208485,259.7308887248588,258.290408909055,258.77056884765625,49482500,0.0,0.0,0.0
2019-05-23 00:00:00-04:00,256.53285353651415,256.57814069220854,254.18640932611981,255.60877990722656,98733800,0.0,0.0,0.0
2019-05-24 00:00:00-04:00,257.058316670289,257.4750801791081,255.56348101742185,256.1885986328125,55268100,0.0,0.0,0.0
2019-05-28 00:00:00-04:00,256.469445615288,257.42976561854806,253.78779886926955,253.805908203125,70029400,0.0,0.0,0.0
2019-05-29 00:00:00-04:00,252.68246093425395,253.09012820747273,250.68932877241326,252.10263061523438,104972900,0.0,0.0,0.0
2019-05-30 00:00:00-04:00,252.86364844087055,253.70621613873084,251.685906068649,252.7911834716797,62523800,0.0,0.0,0.0
2019-05-31 00:00:00-04:00,250.2273027572799,251.06077427073745,249.3575572895446,249.38473510742188,86862800,0.0,0.0,0.0
2019-06-03 00:00:00-04:00,249.42106094789855,250.5444479754874,247.40981884015213,248.7506561279297,96428000,0.0,0.0,0.0
2019-06-04 00:00:00-04:00,251.0608201895297,254.28605085740452,250.6078380435042,254.15016174316406,77231900,0.0,0.0,0.0
2019-06-05 00:00:00-04:00,255.78092256199466,256.3788623970019,253.95995287812332,256.3516845703125,71169700,0.0,0.0,0.0
2019-06-06 00:00:00-04:00,256.6505981054674,258.6980583342851,255.99830279551534,258.0185852050781,69430400,0.0,0.0,0.0
2019-06-07 00:00:00-04:00,259.04232647134563,261.6877539921499,258.8701910685622,260.6005859375,74272200,0.0,0.0,0.0
2019-06-10 00:00:00-04:00,262.15885842508976,263.47251758572185,261.70587632112466,261.7964782714844,60799100,0.0,0.0,0.0
2019-06-11 00:00:00-04:00,263.6265554215615,263.99800412007187,261.08079782859954,261.73309326171875,58641300,0.0,0.0,0.0
2019-06-12 00:00:00-04:00,261.4974871153031,262.059180425102,260.7545899291298,261.27099609375,47096300,0.0,0.0,0.0
2019-06-13 00:00:00-04:00,262.1860541606602,262.7115289199523,261.4794031361024,262.34912109375,48945200,0.0,0.0,0.0
2019-06-14 00:00:00-04:00,262.0591735839844,262.66615402311663,261.2890986012409,262.0591735839844,52324700,0.0,0.0,0.0
2019-06-17 00:00:00-04:00,262.29476362168003,262.9289496652795,261.9867390898228,262.15887451171875,39205700,0.0,0.0,0.0
2019-06-18 00:00:00-04:00,263.98898643271485,265.9639822389526,263.62657854531994,264.90399169921875,85434800,0.0,0.0,0.0
2019-06-19 00:00:00-04:00,265.0398109910825,266.0363771231281,264.06138183733134,265.5018615722656,78674400,0.0,0.0,0.0
2019-06-20 00:00:00-04:00,268.20163826268595,268.44623863320896,265.5652792334985,268.0385437011719,116570000,0.0,0.0,0.0
2019-06-21 00:00:00-04:00,267.7673394530251,269.03274028402984,267.43050673791544,267.64898681640625,83309500,1.432,0.0,0.0
2019-06-24 00:00:00-04:00,267.8583739097016,268.1769814203463,267.16648330583905,267.3212585449219,47582700,0.0,0.0,0.0
2019-06-25 00:00:00-04:00,267.3758940193023,267.40320402985935,264.5901618132404,264.69940185546875,82028700,0.0,0.0,0.0
2019-06-26 00:00:00-04:00,265.600667742089,266.11047314224817,264.3261542416911,264.4353942871094,51584900,0.0,0.0,0.0
2019-06-27 00:00:00-04:00,265.20004372966457,265.8828216448209,264.81770365526756,265.3730163574219,40355200,0.0,0.0,0.0
2019-06-28 00:00:00-04:00,266.3562185486696,267.2392791440335,265.8373284200047,266.73858642578125,59350900,0.0,0.0,0.0
2019-07-01 00:00:00-04:00,270.08872419592666,270.30723201673015,267.9493478779395,269.16015625,78705600,0.0,0.0,0.0
2019-07-02 00:00:00-04:00,269.11463447435807,269.91576503187997,268.26799650064737,269.86114501953125,61504500,0.0,0.0,0.0
2019-07-03 00:00:00-04:00,270.5439417922626,272.03696298655746,270.39827915508937,272.01873779296875,40898900,0.0,0.0,0.0
2019-07-05 00:00:00-04:00,270.7806604129186,271.87311635447446,269.4788369932192,271.709228515625,51677300,0.0,0.0,0.0
2019-07-08 00:00:00-04:00,270.3891896832852,271.5271529706869,269.66998910660146,270.2162170410156,45841800,0.0,0.0,0.0
2019-07-09 00:00:00-04:00,269.05099432067124,270.8535107260659,268.9963742951934,270.5531005859375,41101300,0.0,0.0,0.0
2019-07-10 00:00:00-04:00,271.6272536032924,272.80163937906144,271.0901383185122,271.8457336425781,58448500,0.0,0.0,0.0
2019-07-11 00:00:00-04:00,272.49217534183896,272.72885284120605,271.47256456278376,272.4830627441406,50826100,0.0,0.0,0.0
2019-07-12 00:00:00-04:00,272.97459558402835,273.77572605629115,272.66507295289085,273.702880859375,40326000,0.0,0.0,0.0
2019-07-15 00:00:00-04:00,274.1398294574255,274.1398294574255,273.28407910110695,273.79388427734375,33900000,0.0,0.0,0.0
2019-07-16 00:00:00-04:00,273.7029066235017,273.9123018564683,272.60136601160167,272.910888671875,36650100,0.0,0.0,0.0
2019-07-17 00:00:00-04:00,272.8835645811587,273.0474246077331,271.0537109375,271.0537109375,36036300,0.0,0.0,0.0
2019-07-18 00:00:00-04:00,270.5530575957078,272.4284189252906,270.1069848644142,272.0460510253906,51392600,0.0,0.0,0.0
2019-07-19 00:00:00-04:00,273.14757951260293,273.17488951700204,270.36184793467834,270.5348205566406,58678600,0.0,0.0,0.0
2019-07-22 00:00:00-04:00,270.93535610903245,271.7455992043097,270.4164660291225,271.1993713378906,43638100,0.0,0.0,0.0
2019-07-23 00:00:00-04:00,272.32827338600015,273.13848876953125,271.49072021357927,273.13848876953125,44564500,0.0,0.0,0.0
2019-07-24 00:00:00-04:00,272.37378526633626,274.422119140625,272.28274264879553,274.422119140625,47213200,0.0,0.0,0.0
2019-07-25 00:00:00-04:00,273.9669873361103,274.0216073608398,272.300993234925,273.1112365722656,55394100,0.0,0.0,0.0
2019-07-26 00:00:00-04:00,273.8031071544921,275.14135322671115,273.67564191794287,274.9410705566406,45084100,0.0,0.0,0.0
2019-07-29 00:00:00-04:00,274.82258380519716,274.9409363864345,273.8849035307038,274.4402160644531,38126500,0.0,0.0,0.0
2019-07-30 00:00:00-04:00,273.0292341593906,274.176309939262,272.646866305332,273.7666320800781,45849000,0.0,0.0,0.0
2019-07-31 00:00:00-04:00,274.0124936999043,274.2036915680278,268.7414668577668,270.7715759277344,104245200,0.0,0.0,0.0
2019-08-01 00:00:00-04:00,270.926205121177,273.90310598170294,267.6124439146546,268.41357421875,142646600,0.0,0.0,0.0
2019-08-02 00:00:00-04:00,267.51237434818466,267.7581643791362,264.82677028669946,266.3926086425781,116749700,0.0,0.0,0.0
2019-08-05 00:00:00-04:00,262.26871240427664,262.37795245176045,256.46965503108396,258.3814392089844,178745400,0.0,0.0,0.0
2019-08-06 00:00:00-04:00,260.28414369459597,262.2232381295125,258.80023470328183,262.0047302246094,120711700,0.0,0.0,0.0
2019-08-07 00:00:00-04:00,258.9093941055426,262.9332443976407,256.7609328165687,262.159423828125,140572300,0.0,0.0,0.0
2019-08-08 00:00:00-04:00,263.6614664580535,267.3029479980469,263.1061538587082,267.3029479980469,87713900,0.0,0.0,0.0
2019-08-09 00:00:00-04:00,266.3562172819578,266.95706521038665,263.68883809813866,265.4822692871094,93730000,0.0,0.0,0.0
2019-08-12 00:00:00-04:00,263.9711051363068,265.473211375645,261.2946128048408,262.2505187988281,65527600,0.0,0.0,0.0
2019-08-13 00:00:00-04:00,261.95000790450223,267.7854863466533,261.604062657283,266.3288879394531,94299800,0.0,0.0,0.0
2019-08-14 00:00:00-04:00,262.2504195601662,262.86035219743957,258.32672518273534,258.45416259765625,135622100,0.0,0.0,0.0
2019-08-15 00:00:00-04:00,259.34638865403474,260.03827922086384,257.07957468323815,259.1369934082031,99556600,0.0,0.0,0.0
2019-08-16 00:00:00-04:00,260.8029064636274,263.39743972130157,259.19153317214347,262.9604797363281,83018300,0.0,0.0,0.0
2019-08-19 00:00:00-04:00,266.00113314564135,266.81134836625864,265.31835533602333,266.1285705566406,53571800,0.0,0.0,0.0
2019-08-20 00:00:00-04:00,265.61880182213594,266.1559171055814,263.9619485578295,264.0893859863281,51596400,0.0,0.0,0.0
2019-08-21 00:00:00-04:00,266.26519452731395,266.61111200705324,265.57330400322525,266.2378845214844,49524700,0.0,0.0,0.0
2019-08-22 00:00:00-04:00,266.9479906117566,267.5852333852231,264.37162616328294,266.15594482421875,51666400,0.0,0.0,0.0
2019-08-23 00:00:00-04:00,264.84501728262177,266.52009579017056,258.06274545305905,259.3190612792969,149161500,0.0,0.0,0.0
2019-08-26 00:00:00-04:00,261.5221260698939,262.18670654296875,259.9835976873874,262.18670654296875,72423800,0.0,0.0,0.0
2019-08-27 00:00:00-04:00,263.58872184294023,263.961977137742,260.3933120188302,261.15802001953125,66668900,0.0,0.0,0.0
2019-08-28 00:00:00-04:00,260.49342935612924,263.1608082651586,259.6831862720449,262.9969482421875,59696700,0.0,0.0,0.0
2019-08-29 00:00:00-04:00,265.5732654127437,266.8842010666801,264.5627397792798,266.3561706542969,57899400,0.0,0.0,0.0
2019-08-30 00:00:00-04:00,267.84923043003806,267.8674278398227,265.3002039449297,266.2378845214844,62901200,0.0,0.0,0.0
2019-09-03 00:00:00-04:00,264.5263743925108,265.4458297456553,263.3428760214998,264.6811218261719,69101400,0.0,0.0,0.0
2019-09-04 00:00:00-04:00,266.8660662567893,267.70359169851827,266.11044305755405,267.6853942871094,46887300,0.0,0.0,0.0
2019-09-05 00:00:00-04:00,270.18884545508485,272.04598111360656,267.6489041974324,271.12652587890625,83258100,0.0,0.0,0.0
2019-09-06 00:00:00-04:00,271.4452053056266,271.9823206084942,270.76242737756183,271.3359375,49584300,0.0,0.0,0.0
2019-09-09 00:00:00-04:00,272.3282541844799,272.4192690118055,270.5257105301094,271.4725036621094,51260300,0.0,0.0,0.0
2019-09-10 00:00:00-04:00,270.7078102769265,271.47254609149456,269.44240948690515,271.4088134765625,57947100,0.0,0.0,0.0
2019-09-11 00:00:00-04:00,271.7183473970211,273.42073618250896,271.06287937339005,273.33880615234375,68821100,0.0,0.0,0.0
2019-09-12 00:00:00-04:00,274.24906935012825,275.35060970025864,273.4843615860651,274.2854919433594,72908700,0.0,0.0,0.0
2019-09-13 00:00:00-04:00,274.7316124667751,275.0866703025638,273.73019934541327,274.10345458984375,62104800,0.0,0.0,0.0
2019-09-16 00:00:00-04:00,272.96557165496677,274.1490703397135,272.6105414971608,273.25689697265625,58191200,0.0,0.0,0.0
2019-09-17 00:00:00-04:00,273.0565268697463,274.03971477428865,272.8835542541403,273.9486999511719,41475500,0.0,0.0,0.0
2019-09-18 00:00:00-04:00,273.55729977250724,274.2218804264865,271.50896557006655,274.1126403808594,73375800,0.0,0.0,0.0
2019-09-19 00:00:00-04:00,274.504068786209,275.5054820861365,273.75755816423504,274.0943908691406,76560500,0.0,0.0,0.0
2019-09-20 00:00:00-04:00,274.7016500646574,274.98519390619504,272.00367138149556,272.7993469238281,89565000,1.384,0.0,0.0
2019-09-23 00:00:00-04:00,272.1316070267806,273.4577510976801,271.8755273060561,272.7352294921875,43476800,0.0,0.0,0.0
2019-09-24 00:00:00-04:00,273.8328171304653,274.2260775570191,269.6257678844937,270.59521484375,94869400,0.0,0.0,0.0
2019-09-25 00:00:00-04:00,270.67748157739953,272.6438113182743,269.18672056450254,272.1956787109375,71854000,0.0,0.0,0.0
2019-09-26 00:00:00-04:00,272.2047568386678,272.41509106756513,270.21099153783814,271.6285705566406,56179700,0.0,0.0,0.0
2019-09-27 00:00:00-04:00,272.38775392451504,272.4975263266947,268.60142941210967,270.16534423828125,84746600,0.0,0.0,0.0
2019-09-30 00:00:00-04:00,270.68671677005966,272.1317327379734,270.6409991922596,271.4183654785156,51662400,0.0,0.0,0.0
2019-10-01 00:00:00-04:00,272.30540461490006,272.963899375958,267.9703303857845,268.1898193359375,88242400,0.0,0.0,0.0
2019-10-02 00:00:00-04:00,266.59856274134853,266.60771742103634,262.1537424680361,263.4524230957031,122539500,0.0,0.0,0.0
2019-10-03 00:00:00-04:00,263.22372448846255,265.63821493132616,260.48915525058857,265.61077880859375,85278800,0.0,0.0,0.0
2019-10-04 00:00:00-04:00,266.269270863528,269.4611273870979,266.2143707080378,269.2050476074219,65091200,0.0,0.0,0.0
2019-10-07 00:00:00-04:00,268.40027668262866,270.03737344455624,267.7600631368935,268.0435791015625,59610500,0.0,0.0,0.0
2019-10-08 00:00:00-04:00,266.1778240560578,266.9186273178331,263.8456418636576,263.8822326660156,95708100,0.0,0.0,0.0
2019-10-09 00:00:00-04:00,265.91261476048356,267.3301944917825,265.2815559354261,266.38818359375,62359400,0.0,0.0,0.0
2019-10-10 00:00:00-04:00,266.305798085527,269.0769577236045,266.14118137291223,268.1898193359375,55296300,0.0,0.0,0.0
2019-10-11 00:00:00-04:00,270.96109068109797,273.22009175972045,270.8422193911582,270.9702453613281,98720400,0.0,0.0,0.0
2019-10-14 00:00:00-04:00,270.65005612363274,271.3268603104534,270.3208226629649,270.6683654785156,40394800,0.0,0.0,0.0
2019-10-15 00:00:00-04:00,271.7201720258557,274.0980720299014,271.6012728390623,273.3481140136719,46754500,0.0,0.0,0.0
2019-10-16 00:00:00-04:00,272.8816825243745,273.60420444170825,272.47014060483633,272.90911865234375,48928200,0.0,0.0,0.0
2019-10-17 00:00:00-04:00,274.07975253807456,274.5919121617814,273.01884248593717,273.71392822265625,45736600,0.0,0.0,0.0
2019-10-18 00:00:00-04:00,273.17430296633734,273.8236431493623,271.65610570626245,272.51580810546875,64304000,0.0,0.0,0.0
2019-10-21 00:00:00-04:00,273.8419339146058,274.564427739522,273.40292806696203,274.36322021484375,39048600,0.0,0.0,0.0
2019-10-22 00:00:00-04:00,274.9028716727273,275.1955422972331,273.3755474390629,273.4670104980469,48594700,0.0,0.0,0.0
2019-10-23 00:00:00-04:00,273.2109398753011,274.3175675676159,273.0005776236182,274.2626953125,34352200,0.0,0.0,0.0
2019-10-24 00:00:00-04:00,275.20472418612354,275.3510595128448,273.8785794762566,274.7108459472656,35453100,0.0,0.0,0.0
2019-10-25 00:00:00-04:00,274.13463082003733,276.38450483503277,274.07975856704786,275.83575439453125,45205400,0.0,0.0,0.0
2019-10-28 00:00:00-04:00,277.06129990713345,277.89356634772355,277.0338637787891,277.3905334472656,42147000,0.0,0.0,0.0
2019-10-29 00:00:00-04:00,277.11614414249385,278.2410811120785,276.9880902827629,277.3081970214844,44284900,0.0,0.0,0.0
2019-10-30 00:00:00-04:00,277.50935388628073,278.53367293459115,276.1923642782814,278.1587219238281,49643900,0.0,0.0,0.0
2019-10-31 00:00:00-04:00,278.1496147566195,278.1496147566195,275.95464100523776,277.4179382324219,69053800,0.0,0.0,0.0
2019-11-01 00:00:00-04:00,278.8720415888601,280.03354104262434,278.7073969828825,279.9878234863281,71141500,0.0,0.0,0.0
2019-11-04 00:00:00-05:00,281.5518599591508,281.68904059809967,280.73787498370723,281.11285400390625,60606900,0.0,0.0,0.0
2019-11-05 00:00:00-05:00,281.31400892852895,281.61583418833646,280.5091787831795,280.8018493652344,42933200,0.0,0.0,0.0
2019-11-06 00:00:00-05:00,280.80181781069484,281.1402059222813,279.91467939707087,280.8658447265625,46487100,0.0,0.0,0.0
2019-11-07 00:00:00-05:00,282.2103046860957,283.19803302125996,281.37803841052244,281.8536071777344,54272300,0.0,0.0,0.0
2019-11-08 00:00:00-05:00,281.5060471093776,282.60354777955826,280.80183472421595,282.5486755371094,49032100,0.0,0.0,0.0
2019-11-11 00:00:00-05:00,281.15848567534255,282.18280457898555,281.0212771813287,282.009033203125,35797300,0.0,0.0,0.0
2019-11-12 00:00:00-05:00,282.3748415110566,283.5089048176377,281.82609129766104,282.6034851074219,46484600,0.0,0.0,0.0
2019-11-13 00:00:00-05:00,281.6067221449511,283.0974834929741,281.37807845134284,282.695068359375,53917700,0.0,0.0,0.0
2019-11-14 00:00:00-05:00,282.41154008138227,283.18893418782886,281.7713266029895,283.1065979003906,51219900,0.0,0.0,0.0
2019-11-15 00:00:00-05:00,284.4509721221235,285.20092996650834,283.75591442957733,285.15521240234375,62023600,0.0,0.0,0.0
2019-11-18 00:00:00-05:00,284.91746789432483,285.60339894994723,284.46018052390986,285.3656005859375,49228000,0.0,0.0,0.0
2019-11-19 00:00:00-05:00,285.9692563302479,285.9784110101087,284.63398486921096,285.2833251953125,67804700,0.0,0.0,0.0
2019-11-20 00:00:00-05:00,284.6887319370987,285.2100460689512,282.6583755541019,284.2222900390625,79406200,0.0,0.0,0.0
2019-11-21 00:00:00-05:00,284.33207427251193,284.4418187447205,282.96021254870885,283.7650146484375,54664700,0.0,0.0,0.0
2019-11-22 00:00:00-05:00,284.51507839192874,284.65225903328314,283.38101454258776,284.39617919921875,44850200,0.0,0.0,0.0
2019-11-25 00:00:00-05:00,285.32900600906095,286.6002502441406,285.32900600906095,286.6002502441406,48647200,0.0,0.0,0.0
2019-11-26 00:00:00-05:00,286.63688431817883,287.43255990877515,286.3167775639853,287.2496337890625,37569000,0.0,0.0,0.0
2019-11-27 00:00:00-05:00,287.73432588256634,288.530029296875,287.51483689136626,288.530029296875,44444600,0.0,0.0,0.0
2019-11-29 00:00:00-05:00,287.96293526840475,288.2098882647079,287.231286777775,287.4599304199219,36592700,0.0,0.0,0.0
2019-12-02 00:00:00-05:00,287.71601415691185,287.7800410761416,284.58818471907415,285.0180358886719,75767800,0.0,0.0,0.0
2019-12-03 00:00:00-05:00,282.2834862214614,283.18893418782886,280.8933426728387,283.1065979003906,73941700,0.0,0.0,0.0
2019-12-04 00:00:00-05:00,284.15839673277713,285.45707729693845,283.81085384894016,284.85345458984375,49080000,0.0,0.0,0.0
2019-12-05 00:00:00-05:00,285.5576813771482,285.5759628241466,284.04861072629393,285.3656005859375,40709000,0.0,0.0,0.0
2019-12-06 00:00:00-05:00,287.28611507691403,288.37446087991236,287.2769604012361,287.9720458984375,48927000,0.0,0.0,0.0
2019-12-09 00:00:00-05:00,287.57880988110435,288.25558608410944,286.99346880021426,287.066650390625,34838500,0.0,0.0,0.0
2019-12-10 00:00:00-05:00,287.011785942561,287.67940748723413,286.0880567350986,286.7465515136719,52649800,0.0,0.0,0.0
2019-12-11 00:00:00-05:00,287.2038189180032,287.8165960919028,286.6642233314398,287.5605163574219,53429100,0.0,0.0,0.0
2019-12-12 00:00:00-05:00,287.5697300446449,290.82561390029235,287.3319595904277,290.0390930175781,96389600,0.0,0.0,0.0
2019-12-13 00:00:00-05:00,289.8012598402595,291.44751092799373,289.02386581915744,290.21282958984375,81503900,0.0,0.0,0.0
2019-12-16 00:00:00-05:00,291.9504632337459,292.8010107917312,290.14875041263207,292.20654296875,82749700,0.0,0.0,0.0
2019-12-17 00:00:00-05:00,292.59070604393224,292.89250336861267,292.1882910039579,292.2705993652344,61097700,0.0,0.0,0.0
2019-12-18 00:00:00-05:00,292.6638888689952,292.89253253217413,292.23403766579474,292.2889099121094,48133000,0.0,0.0,0.0
2019-12-19 00:00:00-05:00,292.48102264084577,293.56024216400937,292.22494280209366,293.487060546875,85310500,0.0,0.0,0.0
2019-12-20 00:00:00-05:00,294.5255144950041,295.91332082019875,293.5421297422222,294.773681640625,147142100,1.57,0.0,0.0
2019-12-23 00:00:00-05:00,295.5640202660511,295.6191622786325,295.0769137897026,295.2239685058594,52990000,0.0,0.0,0.0
2019-12-24 00:00:00-05:00,295.4537528771984,295.4996952076634,294.92987568035755,295.2331848144531,20270000,0.0,0.0,0.0
2019-12-26 00:00:00-05:00,295.6192608440241,296.8140702932394,295.610089204082,296.80487060546875,30911200,0.0,0.0,0.0
2019-12-27 00:00:00-05:00,297.5401104105701,297.59525244043,296.1982742709324,296.7313232421875,42528800,0.0,0.0,0.0
2019-12-30 00:00:00-05:00,296.814054129273,296.95190919918286,294.6082608194079,295.0953674316406,49729100,0.0,0.0,0.0
2019-12-31 00:00:00-05:00,294.58996423410105,296.0604841311593,294.24071260316833,295.81231689453125,57077300,0.0,0.0,0.0
2020-01-02 00:00:00-05:00,297.3562307095878,298.5969821337524,296.42796005076934,298.5785827636719,59151200,0.0,0.0,0.0
2020-01-03 00:00:00-05:00,295.16881882540304,297.4481247948931,295.11367681425406,296.3176574707031,77709700,0.0,0.0,0.0
2020-01-06 00:00:00-05:00,294.55311499994644,297.53092471080305,294.43363125828694,297.4482116699219,55653900,0.0,0.0,0.0
2020-01-07 00:00:00-05:00,296.8783268220166,297.35626172884287,296.1614525096004,296.61181640625,40496400,0.0,0.0,0.0
2020-01-08 00:00:00-05:00,296.80479025365827,299.4149485214985,296.5566511814843,298.1925964355469,68296000,0.0,0.0,0.0
2020-01-09 00:00:00-05:00,299.76432464367207,300.28820206171196,299.1761054975573,300.21466064453125,48473300,0.0,0.0,0.0
2020-01-10 00:00:00-05:00,300.80279505064306,300.95902143443385,298.881939773459,299.35064697265625,53029300,0.0,0.0,0.0
2020-01-13 00:00:00-05:00,299.9756141953395,301.4185344309715,299.54364967888563,301.40936279296875,47086800,0.0,0.0,0.0
2020-01-14 00:00:00-05:00,300.9681699060616,302.0250959058107,300.3891507106997,300.9497985839844,62832800,0.0,0.0,0.0
2020-01-15 00:00:00-05:00,300.85789705685005,302.3927299180158,300.77518403269926,301.6299133300781,72056600,0.0,0.0,0.0
2020-01-16 00:00:00-05:00,303.0177701581234,304.1390380859375,302.78800237002895,304.1390380859375,54050300,0.0,0.0,0.0
2020-01-17 00:00:00-05:00,304.8559560560028,305.2970923216164,304.0747398552058,305.0857238769531,95846000,0.0,0.0,0.0
2020-01-21 00:00:00-05:00,304.12065837484573,305.2970684040358,304.0471450189459,304.48828125,77742400,0.0,0.0,0.0
2020-01-22 00:00:00-05:00,305.3521828203176,306.0047435161207,304.3687980289673,304.5250244140625,48914900,0.0,0.0,0.0
2020-01-23 00:00:00-05:00,303.87254427563965,305.2879219117907,302.7512761829696,304.87432861328125,51963000,0.0,0.0,0.0
2020-01-24 00:00:00-05:00,305.53609022564433,305.6188032836752,300.8671919326843,302.1630859375,87578400,0.0,0.0,0.0
2020-01-27 00:00:00-05:00,296.8875544776239,298.80840982842204,296.54750263746797,297.31951904296875,84062500,0.0,0.0,0.0
2020-01-28 00:00:00-05:00,298.75332545196903,301.31754232606954,297.41148915832474,300.43524169921875,63834000,0.0,0.0,0.0
2020-01-29 00:00:00-05:00,301.80461658495443,302.0343843936649,299.9848454427498,300.1870422363281,53888900,0.0,0.0,0.0
2020-01-30 00:00:00-05:00,298.1099014495489,301.3726208246104,297.35628443124244,301.1612243652344,75491800,0.0,0.0,0.0
2020-01-31 00:00:00-05:00,300.53627454114314,300.6925289821011,294.77370836504883,295.6927795410156,113845600,0.0,0.0,0.0
2020-02-03 00:00:00-05:00,297.18163811265015,299.7642255930663,297.06215438508684,297.8893127441406,69083000,0.0,0.0,0.0
2020-02-04 00:00:00-05:00,301.51963306967,303.3026330734131,301.19795260651244,302.42950439453125,62573200,0.0,0.0,0.0
2020-02-05 00:00:00-05:00,305.37977894311496,306.13342406208886,303.90928745455665,305.9220275878906,65951100,0.0,0.0,0.0
2020-02-06 00:00:00-05:00,306.88710480995627,307.14444365511315,305.8669210699136,306.9514465332031,50359700,0.0,0.0,0.0
2020-02-07 00:00:00-05:00,305.88537157820815,306.96066948499737,304.76410326948803,305.3155517578125,64139400,0.0,0.0,0.0
2020-02-10 00:00:00-05:00,304.42391771233144,307.6590377506863,304.3871470164914,307.5946960449219,42070000,0.0,0.0,0.0
2020-02-11 00:00:00-05:00,308.95496605575715,309.74535379435173,307.5947306349402,308.1278076171875,54864500,0.0,0.0,0.0
2020-02-12 00:00:00-05:00,309.57082131192993,310.3244666254707,309.2031983448819,310.11309814453125,43992700,0.0,0.0,0.0
2020-02-13 00:00:00-05:00,308.6792383556846,310.7563482334788,308.40352821607786,309.7821350097656,54501900,0.0,0.0,0.0
2020-02-14 00:00:00-05:00,310.1956683217585,310.3978650676713,308.9916875317664,310.27838134765625,64582200,0.0,0.0,0.0
2020-02-18 00:00:00-05:00,309.2766240373906,310.3427498763755,308.0818147817825,309.47882080078125,57226200,0.0,0.0,0.0
2020-02-19 00:00:00-05:00,310.45307917066543,311.63866086497455,310.1681693327002,310.95855712890625,48814700,0.0,0.0,0.0
2020-02-20 00:00:00-05:00,310.4071680433049,311.2343547479208,306.67574037449,309.6811218261719,74163400,0.0,0.0,0.0
2020-02-21 00:00:00-05:00,308.32079438765703,308.63327520742,305.6646653479341,306.4918518066406,113788200,0.0,0.0,0.0
2020-02-24 00:00:00-05:00,296.9886365837535,306.56534134772437,295.242379126836,296.326904296875,161088400,0.0,0.0,0.0
2020-02-25 00:00:00-05:00,297.7239165603431,298.3396785364402,286.4652947464969,287.34759521484375,218913200,0.0,0.0,0.0
2020-02-26 00:00:00-05:00,288.75381480603454,292.3657582898536,285.5554646270687,286.29071044921875,194773800,0.0,0.0,0.0
2020-02-27 00:00:00-05:00,280.7394913284568,286.3458314663053,273.4328918457031,273.4328918457031,284353500,0.0,0.0,0.0
2020-02-28 00:00:00-05:00,265.3358812080312,273.78214824298317,262.431612691045,272.2840576171875,384975800,0.0,0.0,0.0
2020-03-02 00:00:00-05:00,274.0761855148489,284.1400253023774,270.6296688818355,284.07568359375,238703600,0.0,0.0,0.0
2020-03-03 00:00:00-05:00,284.4524703240328,288.44123503973634,273.48796018647676,275.9418640136719,300139100,0.0,0.0,0.0
2020-03-04 00:00:00-05:00,281.34605776329397,287.7611845288492,278.7818413848794,287.54058837890625,176613400,0.0,0.0,0.0
2020-03-05 00:00:00-05:00,280.29837745012924,283.50592733790194,275.73059193007856,277.9822998046875,186366800,0.0,0.0,0.0
2020-03-06 00:00:00-05:00,269.4257073641197,274.6000825290424,266.74203525960047,273.38690185546875,228667200,0.0,0.0,0.0
2020-03-09 00:00:00-04:00,253.02031121910497,261.1908683307225,251.32005179572403,252.03692626953125,309417300,0.0,0.0,0.0
2020-03-10 00:00:00-04:00,261.60446391220955,265.17043693629023,251.36599633877958,265.07855224609375,276444100,0.0,0.0,0.0
2020-03-11 00:00:00-04:00,257.9833084169332,259.12294777980156,248.95802210411344,252.1563720703125,255316300,0.0,0.0,0.0
2020-03-12 00:00:00-04:00,235.28223310787604,245.07953571162304,227.6355538003914,228.03076171875,392220700,0.0,0.0,0.0
2020-03-13 00:00:00-04:00,241.79837819757466,249.5093971009335,228.40752145345206,247.52420043945312,329566100,0.0,0.0,0.0
2020-03-16 00:00:00-04:00,221.66160723675378,236.1094090535033,218.1507621974927,220.4392547607422,297240000,0.0,0.0,0.0
2020-03-17 00:00:00-04:00,225.2092003066649,235.43848125738805,217.8842157567262,232.34120178222656,262070500,0.0,0.0,0.0
2020-03-18 00:00:00-04:00,217.1305854320526,228.26972462878717,209.566632879994,220.5771026611328,327597100,0.0,0.0,0.0
2020-03-19 00:00:00-04:00,219.88776705498512,227.35981980243662,213.42669815643188,221.04579162597656,289322000,0.0,0.0,0.0
2020-03-20 00:00:00-04:00,224.21309788415658,226.00658305910332,211.2427045082852,211.52005004882812,347158800,1.406,0.0,0.0
2020-03-23 00:00:00-04:00,210.956088874792,212.33354848714328,201.77603885524522,206.11183166503906,326025200,0.0,0.0,0.0
2020-03-24 00:00:00-04:00,216.71557147355358,225.6645027413418,216.1424011076223,224.78623962402344,235494500,0.0,0.0,0.0
2020-03-25 00:00:00-04:00,226.3763299962907,236.9893197754523,221.64301955671172,228.1513214111328,299430300,0.0,0.0,0.0
2020-03-26 00:00:00-04:00,230.67515538917098,242.95217610777343,230.24065072917423,241.47303771972656,257632800,0.0,0.0,0.0
2020-03-27 00:00:00-04:00,234.14192818112465,241.11246767141768,232.0895913168638,234.2805938720703,224341200,0.0,0.0,0.0
2020-03-30 00:00:00-04:00,236.38841101925405,242.61012793433616,234.38230063523434,241.8890380859375,171369500,0.0,0.0,0.0
2020-03-31 00:00:00-04:00,240.88138960975752,243.4421771791042,236.8691683994113,238.2836151123047,194881100,0.0,0.0,0.0
2020-04-01 00:00:00-04:00,229.25143852312144,238.20036901005358,225.4795766590139,227.5596466064453,189554600,0.0,0.0,0.0
2020-04-02 00:00:00-04:00,226.67218184744664,233.5964952841153,226.11749082721155,232.81069946289062,177660400,0.0,0.0,0.0
2020-04-03 00:00:00-04:00,231.82149738398877,234.18816677961962,226.6999087445635,229.4456024169922,135561200,0.0,0.0,0.0
2020-04-06 00:00:00-04:00,238.3668040926241,246.83500464112404,229.427126029286,244.8566131591797,188061200,0.0,0.0,0.0
2020-04-07 00:00:00-04:00,253.50047389381993,254.25855073917043,244.88438180824085,245.1062469482422,201427200,0.0,0.0,0.0
2020-04-08 00:00:00-04:00,247.722456873468,255.15524808687425,245.2171360689978,253.3340301513672,153774500,0.0,0.0,0.0
2020-04-09 00:00:00-04:00,256.6159188737926,259.9625441693819,254.66528894370404,257.1891174316406,189999200,0.0,0.0,0.0
2020-04-13 00:00:00-04:00,256.20925310466913,256.5513046584559,250.91199627601884,254.8410186767578,114839100,0.0,0.0,0.0
2020-04-14 00:00:00-04:00,259.7592198933996,263.3831492226186,254.70233614954165,262.35699462890625,134143400,0.0,0.0,0.0
2020-04-15 00:00:00-04:00,256.6066045237717,262.49550741213454,254.6559470558018,256.7822570800781,121775000,0.0,0.0,0.0
2020-04-16 00:00:00-04:00,258.06733065404563,258.88087360957286,254.9333733739503,258.0211181640625,131798300,0.0,0.0,0.0
2020-04-17 00:00:00-04:00,263.8268205525899,265.6017976989735,261.0718734284647,264.9916687011719,146684800,0.0,0.0,0.0
2020-04-20 00:00:00-04:00,261.26601395870415,265.1303430857355,260.10119398463854,260.32305908203125,100109300,0.0,0.0,0.0
2020-04-21 00:00:00-04:00,255.83015589467746,257.04121673496064,251.4758552850788,252.41883850097656,126385700,0.0,0.0,0.0
2020-04-22 00:00:00-04:00,257.3277615377955,259.7776159747217,255.99651455834245,258.0211181640625,92951600,0.0,0.0,0.0
2020-04-23 00:00:00-04:00,259.3061690966915,262.49562141188665,257.6975904748147,258.0026550292969,104709700,0.0,0.0,0.0
2020-04-24 00:00:00-04:00,259.5280302401497,262.27372374086156,257.4664396155413,261.5988464355469,85063200,0.0,0.0,0.0
2020-04-27 00:00:00-04:00,263.58643565736423,266.49852768084895,263.12419793259676,265.37066650390625,77896600,0.0,0.0,0.0
2020-04-28 00:00:00-04:00,269.0409699603586,269.39227532123107,263.84541984496923,264.1505126953125,105270000,0.0,0.0,0.0
2020-04-29 00:00:00-04:00,269.5123784401886,272.60937743352775,268.4769702518769,271.06549072265625,118745600,0.0,0.0,0.0
2020-04-30 00:00:00-04:00,269.67868202249684,271.16710192700333,266.7943235988351,268.5415954589844,122901700,0.0,0.0,0.0
2020-05-01 00:00:00-04:00,263.7620713917929,268.7080203732415,260.25830176242374,261.4324035644531,125180000,0.0,0.0,0.0
2020-05-04 00:00:00-04:00,259.5372825883171,262.45862900123217,258.04889034750136,262.153564453125,80873200,0.0,0.0,0.0
2020-05-05 00:00:00-04:00,264.9917700447199,267.40463846070014,262.2830343741867,264.57574462890625,79569900,0.0,0.0,0.0
2020-05-06 00:00:00-04:00,266.28596655842614,266.6742305212483,262.347691373259,262.7821960449219,73632600,0.0,0.0,0.0
2020-05-07 00:00:00-04:00,266.01781453590644,267.8944985976931,265.44464426276255,265.9530944824219,75250400,0.0,0.0,0.0
2020-05-08 00:00:00-04:00,269.1056204111253,270.82515983445404,267.96850517613757,270.3536682128906,76452400,0.0,0.0,0.0
2020-05-11 00:00:00-04:00,268.4122479290725,271.7958320813301,267.9869970437553,270.40911865234375,79514200,0.0,0.0,0.0
2020-05-12 00:00:00-04:00,271.60167035432886,272.0176674098095,264.8807152817734,265.0194091796875,95870800,0.0,0.0,0.0
2020-05-13 00:00:00-04:00,264.4554897310859,265.50015168044314,257.89170728256533,260.33233642578125,144721100,0.0,0.0,0.0
2020-05-14 00:00:00-04:00,257.8824819420396,263.5772268557951,252.372587009334,263.44781494140625,121977900,0.0,0.0,0.0
2020-05-15 00:00:00-04:00,261.0441113167352,264.70502596095486,260.091902793704,264.6588134765625,111146300,0.0,0.0,0.0
2020-05-18 00:00:00-04:00,270.91750703061916,274.33807732533603,270.59396320801795,272.7202453613281,119703800,0.0,0.0,0.0
2020-05-19 00:00:00-04:00,272.1194155151454,273.83892669652425,269.90067957898384,269.9191589355469,95189300,0.0,0.0,0.0
2020-05-20 00:00:00-04:00,273.478331886001,275.3734952560476,273.2472130256172,274.5044860839844,85861700,0.0,0.0,0.0
2020-05-21 00:00:00-04:00,274.3751575327782,275.1887006824788,271.50927715097305,272.6094055175781,78293900,0.0,0.0,0.0
2020-05-22 00:00:00-04:00,272.32275550471144,273.3026972802053,271.0747079339589,273.1270446777344,63958200,0.0,0.0,0.0
2020-05-26 00:00:00-04:00,279.1269489595702,279.3673216762235,273.1455898885659,276.4921875,88951400,0.0,0.0,0.0
2020-05-27 00:00:00-04:00,279.30250436207797,280.6430049821125,274.44900849421214,280.60601806640625,104817400,0.0,0.0,0.0
2020-05-28 00:00:00-04:00,281.64152185907705,283.6661259386108,279.4135319930636,280.0884094238281,90405200,0.0,0.0,0.0
2020-05-29 00:00:00-04:00,279.6168864676126,281.92807550390813,276.85271340828524,281.33642578125,119090800,0.0,0.0,0.0
2020-06-01 00:00:00-04:00,280.6892189401604,283.0836068620092,280.171514968558,282.47344970703125,55758300,0.0,0.0,0.0
2020-06-02 00:00:00-04:00,283.39793165094864,284.85861862881694,282.0574592057164,284.8123779296875,74267200,0.0,0.0,0.0
2020-06-03 00:00:00-04:00,286.80929829971484,289.5642457172561,286.53196690754055,288.602783203125,92567600,0.0,0.0,0.0
2020-06-04 00:00:00-04:00,287.6136686347678,289.36094153633115,285.7369837846242,287.84478759765625,75794400,0.0,0.0,0.0
2020-06-05 00:00:00-04:00,293.2714158506908,297.00627710294424,293.20669578517834,295.2220458984375,150524700,0.0,0.0,0.0
2020-06-08 00:00:00-04:00,296.0354891708508,298.98456770934916,295.4900521156055,298.7904357910156,73641200,0.0,0.0,0.0
2020-06-09 00:00:00-04:00,296.1095182967034,298.86446569386305,295.24050899064486,296.5625305175781,77479200,0.0,0.0,0.0
2020-06-10 00:00:00-04:00,297.1449581975567,298.0417006533348,294.1866250080655,294.90771484375,95000800,0.0,0.0,0.0
2020-06-11 00:00:00-04:00,287.93711958413866,288.57500991013643,277.35189246861114,277.90655517578125,209243600,0.0,0.0,0.0
2020-06-12 00:00:00-04:00,284.9603461840579,285.73690229235734,276.0484161874025,281.2347106933594,194678900,0.0,0.0,0.0
2020-06-15 00:00:00-04:00,275.5122453434782,284.99737530784336,274.3289175442653,283.8602600097656,135782700,0.0,0.0,0.0
2020-06-16 00:00:00-04:00,291.65361044593334,291.80152994673745,284.4334573261957,289.32391357421875,137627500,0.0,0.0,0.0
2020-06-17 00:00:00-04:00,290.349967644403,290.645806514929,287.38238158345064,288.1219787597656,83398900,0.0,0.0,0.0
2020-06-18 00:00:00-04:00,286.5966597077183,288.713688296366,286.13442195622696,288.23297119140625,80828700,0.0,0.0,0.0
2020-06-19 00:00:00-04:00,291.72053803026614,291.9155242404037,284.62645174403957,286.585693359375,135549600,1.366,0.0,0.0
2020-06-22 00:00:00-04:00,285.98224129069246,288.8235835027713,284.83085586373335,288.42431640625,74649400,0.0,0.0,0.0
2020-06-23 00:00:00-04:00,291.0891805053778,292.0270187909269,289.3435136651866,289.7520751953125,68471200,0.0,0.0,0.0
2020-06-24 00:00:00-04:00,287.70005920431186,288.32219613016133,280.51313797080496,282.3609313964844,132813500,0.0,0.0,0.0
2020-06-25 00:00:00-04:00,281.78521514723536,285.65725563286617,279.7517017632359,285.3879699707031,89468000,0.0,0.0,0.0
2020-06-26 00:00:00-04:00,284.2829755044831,284.49655078149493,278.0245993097469,278.60955810546875,127961000,0.0,0.0,0.0
2020-06-29 00:00:00-04:00,279.87235979034114,282.84368262578727,277.56956121492385,282.70440673828125,79773300,0.0,0.0,0.0
2020-06-30 00:00:00-04:00,282.2679827842067,288.03425941034106,282.1101462280734,286.3257141113281,113394800,0.0,0.0,0.0
2020-07-01 00:00:00-04:00,287.4492908347837,289.60351910076605,286.98501896729994,288.3313903808594,72396500,0.0,0.0,0.0
2020-07-02 00:00:00-04:00,291.78560431906743,293.1412987145926,289.2506977966374,289.91925048828125,69344200,0.0,0.0,0.0
2020-07-06 00:00:00-04:00,293.7634029133658,294.9797930469439,293.0112846883872,294.3948059082031,61713800,0.0,0.0,0.0
2020-07-07 00:00:00-04:00,292.8441658271553,294.83123494372063,290.9777836088609,291.3584899902344,82910000,0.0,0.0,0.0
2020-07-08 00:00:00-04:00,292.1291241487949,293.69836529181094,290.35563059220567,293.5869445800781,54638600,0.0,0.0,0.0
2020-07-09 00:00:00-04:00,294.19982882375655,294.4412592915748,288.4799953308486,291.9156188964844,83354200,0.0,0.0,0.0
2020-07-10 00:00:00-04:00,291.8505873135607,295.1654953418767,290.4113558184746,294.8962097167969,57550400,0.0,0.0,0.0
2020-07-13 00:00:00-04:00,297.2547478306085,299.65037850017325,291.68348471943426,292.3427429199219,102997500,0.0,0.0,0.0
2020-07-14 00:00:00-04:00,290.9128151763701,296.91122963979,289.70571934718873,296.1312561035156,93657000,0.0,0.0,0.0
2020-07-15 00:00:00-04:00,299.37175829435836,299.9567453213095,296.4561176638091,298.8517761230469,87196500,0.0,0.0,0.0
2020-07-16 00:00:00-04:00,296.93910124007596,298.32262276742114,296.2891090887929,297.8676452636719,54622500,0.0,0.0,0.0
2020-07-17 00:00:00-04:00,298.879680026152,299.52037750899143,296.892582711396,298.7311096191406,62774900,0.0,0.0,0.0
2020-07-20 00:00:00-04:00,298.46181958845324,301.8974428998221,297.70970139566236,301.14532470703125,56308800,0.0,0.0,0.0
2020-07-21 00:00:00-04:00,303.12326926195794,303.5689523479709,300.7926142226401,301.7861633300781,57292200,0.0,0.0,0.0
2020-07-22 00:00:00-04:00,301.42388564052834,303.8195445276494,301.3124649177615,303.5038146972656,57792900,0.0,0.0,0.0
2020-07-23 00:00:00-04:00,303.1416743852284,303.8473766918392,298.5082502140692,299.8824768066406,75738000,0.0,0.0,0.0
2020-07-24 00:00:00-04:00,298.01620727324956,298.98187262787985,296.4376711430472,297.9512023925781,73766600,0.0,0.0,0.0
2020-07-27 00:00:00-04:00,298.64758099237304,300.3003880114199,297.84901849809495,300.12396240234375,48293000,0.0,0.0,0.0
2020-07-28 00:00:00-04:00,299.3903437631197,300.51390206285504,297.92325715902894,298.22039794921875,57495000,0.0,0.0,0.0
2020-07-29 00:00:00-04:00,299.1025821725495,302.45464067407477,299.06543247903005,301.8882141113281,48454200,0.0,0.0,0.0
2020-07-30 00:00:00-04:00,298.8982069121053,301.2288606322121,296.79971745044656,300.8110046386719,61861700,0.0,0.0,0.0
2020-07-31 00:00:00-04:00,302.61244819104195,303.29029543227045,298.36899581137703,303.1881408691406,84986800,0.0,0.0,0.0
2020-08-03 00:00:00-04:00,304.8595122284276,306.0666078535078,304.31167477785067,305.2959289550781,53077900,0.0,0.0,0.0
2020-08-04 00:00:00-04:00,304.43226009194365,306.4750671386719,304.43226009194365,306.4750671386719,41917900,0.0,0.0,0.0
2020-08-05 00:00:00-04:00,307.7844392823345,308.6387121153047,307.51515362433486,308.3786926269531,42697700,0.0,0.0,0.0
2020-08-06 00:00:00-04:00,307.79370582601723,310.5607481856349,307.4687098320137,310.4400329589844,43679400,0.0,0.0,0.0
2020-08-07 00:00:00-04:00,309.4650430078732,310.9507185943197,308.5550599811598,310.6628723144531,57308300,0.0,0.0,0.0
2020-08-10 00:00:00-04:00,311.11789475848155,311.7771529462985,309.16794703966593,311.5914611816406,44282100,0.0,0.0,0.0
2020-08-11 00:00:00-04:00,312.77996732783834,313.42066478121126,308.2858189858399,309.01934814453125,69601100,0.0,0.0,0.0
2020-08-12 00:00:00-04:00,311.47073223793814,314.1077932100277,311.44287705762025,313.32781982421875,53774400,0.0,0.0,0.0
2020-08-13 00:00:00-04:00,312.55713279305854,314.07995831387274,311.83286972111046,312.76141357421875,41816100,0.0,0.0,0.0
2020-08-14 00:00:00-04:00,312.37142388389935,313.309262191888,311.6378663458615,312.77069091796875,47260400,0.0,0.0,0.0
2020-08-17 00:00:00-04:00,313.7921068906489,314.1635187584789,312.7799975076258,313.7642517089844,35481000,0.0,0.0,0.0
2020-08-18 00:00:00-04:00,314.1634975020133,314.8691998389785,312.5571065696242,314.44207763671875,38733900,0.0,0.0,0.0
2020-08-19 00:00:00-04:00,314.8227712360739,315.3427535089816,312.5664165514663,313.1328430175781,68054200,0.0,0.0,0.0
2020-08-20 00:00:00-04:00,311.3964580401114,314.59065121369554,311.26647663375564,314.1078186035156,42207800,0.0,0.0,0.0
2020-08-21 00:00:00-04:00,313.77358065423357,315.4449484113685,313.42999559344787,315.22210693359375,55106600,0.0,0.0,0.0
2020-08-24 00:00:00-04:00,317.6733772598312,318.4905002784155,315.1941813624829,318.4162292480469,48588700,0.0,0.0,0.0
2020-08-25 00:00:00-04:00,318.98264962045295,319.6140526018926,317.812675367797,319.5304870605469,38463400,0.0,0.0,0.0
2020-08-26 00:00:00-04:00,320.1248027078068,323.00326611637297,319.5769652095019,322.7340087890625,50790200,0.0,0.0,0.0
2020-08-27 00:00:00-04:00,323.60676511036974,324.89742608290436,321.76823843333244,323.4396057128906,58034100,0.0,0.0,0.0
2020-08-28 00:00:00-04:00,324.47040527953897,325.65894042083386,323.2725756307853,325.5289306640625,48588900,0.0,0.0,0.0
2020-08-31 00:00:00-04:00,325.31533340088953,326.19743302881955,324.11750393729517,324.3496398925781,66099200,0.0,0.0,0.0
2020-09-01 00:00:00-04:00,325.1852471682956,327.50660617505315,324.28455874019755,327.40447998046875,54908700,0.0,0.0,0.0
2020-09-02 00:00:00-04:00,329.32668032848017,333.11512700499287,328.175266613426,332.1401672363281,69540000,0.0,0.0,0.0
2020-09-03 00:00:00-04:00,330.4408364749893,330.9144028219021,318.1097774780861,320.709716796875,148011100,0.0,0.0,0.0
2020-09-04 00:00:00-04:00,321.3968611281054,322.9753685422502,310.9414491618156,318.09124755859375,139156300,0.0,0.0,0.0
2020-09-08 00:00:00-04:00,312.6499888940206,318.15627540940744,309.0936784498061,309.40008544921875,114465300,0.0,0.0,0.0
2020-09-09 00:00:00-04:00,313.42983948396306,317.98899135874996,312.55700634819294,315.5097961425781,91462300,0.0,0.0,0.0
2020-09-10 00:00:00-04:00,317.3948707061211,318.054128915876,309.0658311043567,310.0315246582031,90569500,0.0,0.0,0.0
2020-09-11 00:00:00-04:00,311.82360784404324,312.8914276224348,307.348019609595,310.1893615722656,84680200,0.0,0.0,0.0
2020-09-14 00:00:00-04:00,313.3742137938295,316.0577187703113,310.3378860035971,314.27490234375,65605700,0.0,0.0,0.0
2020-09-15 00:00:00-04:00,316.7448314716863,317.580515158213,314.28419626367224,315.86273193359375,52920900,0.0,0.0,0.0
2020-09-16 00:00:00-04:00,317.107069062837,318.54630092151314,314.33070324638663,314.6092834472656,82096000,0.0,0.0,0.0
2020-09-17 00:00:00-04:00,309.7250842420767,313.56926938158966,309.19580744688415,311.8421630859375,91523300,0.0,0.0,0.0
2020-09-18 00:00:00-04:00,312.652317032249,312.7641837823085,305.75359242526116,308.2520446777344,105877900,1.339,0.0,0.0
2020-09-21 00:00:00-04:00,303.63735858807763,304.9704847244025,299.9362820174096,304.8213195800781,99450800,0.0,0.0,0.0
2020-09-22 00:00:00-04:00,306.3128665793386,308.48502121954533,303.78641991520897,307.9256591796875,63612100,0.0,0.0,0.0
2020-09-23 00:00:00-04:00,308.4850922945836,308.7647876041219,300.2812086542762,300.7846374511719,93112200,0.0,0.0,0.0
2020-09-24 00:00:00-04:00,299.46084159117197,304.66284479348815,298.13701862085844,301.5863952636719,76681300,0.0,0.0,0.0
2020-09-25 00:00:00-04:00,300.7286107040083,307.25443487957745,299.8523119175978,306.4620361328125,71069400,0.0,0.0,0.0
2020-09-28 00:00:00-04:00,310.6479519592277,312.27007668390667,309.65042605252273,311.55224609375,64584600,0.0,0.0,0.0
2020-09-29 00:00:00-04:00,311.3471221496653,312.0929193655389,309.15630370881917,309.8554992675781,51304000,0.0,0.0,0.0
2020-09-30 00:00:00-04:00,310.52671711516024,315.37448419721386,310.3309503317547,312.2048034667969,104081100,0.0,0.0,0.0
2020-10-01 00:00:00-04:00,314.81510069439906,315.7939629952713,312.3166489842904,314.2091369628906,88698700,0.0,0.0,0.0
2020-10-02 00:00:00-04:00,309.23092876593313,314.1812314984031,308.7554666384085,311.2259521484375,89431100,0.0,0.0,0.0
2020-10-05 00:00:00-04:00,313.2954974196596,316.9313080981373,313.24889576942803,316.744873046875,45713100,0.0,0.0,0.0
2020-10-06 00:00:00-04:00,316.8847648697731,318.99168333486006,311.7293638988455,312.2420959472656,90128900,0.0,0.0,0.0
2020-10-07 00:00:00-04:00,315.21603328200314,318.488277961641,315.188066594585,317.6772155761719,56999600,0.0,0.0,0.0
2020-10-08 00:00:00-04:00,319.62564947044564,320.55791035357345,318.7026918499149,320.4926452636719,45242500,0.0,0.0,0.0
2020-10-09 00:00:00-04:00,322.1520204494278,323.82077514743236,321.5274216830824,323.3546447753906,59528600,0.0,0.0,0.0
2020-10-12 00:00:00-04:00,325.90902357890184,330.0389317643469,325.4149265324529,328.556640625,80388500,0.0,0.0,0.0
2020-10-13 00:00:00-04:00,328.41683059824504,328.59396242471485,325.4429163963671,326.4124755859375,73255500,0.0,0.0,0.0
2020-10-14 00:00:00-04:00,326.9904321298977,328.09049289957363,323.6249847454643,324.3614501953125,57727900,0.0,0.0,0.0
2020-10-15 00:00:00-04:00,320.42735587896095,324.44539770456635,319.88665712589415,323.96063232421875,60357700,0.0,0.0,0.0
2020-10-16 00:00:00-04:00,325.32175233282794,326.9905072926632,323.5877607329296,323.764892578125,89501900,0.0,0.0,0.0
2020-10-19 00:00:00-04:00,325.03269518199545,325.66662564516025,317.93820474053496,318.8424987792969,68425600,0.0,0.0,0.0
2020-10-20 00:00:00-04:00,320.1943193300806,323.3826641121143,319.4298870177276,320.1197509765625,60051900,0.0,0.0,0.0
2020-10-21 00:00:00-04:00,320.07303602156605,322.2545509759676,319.2060404462976,319.5137023925781,63575000,0.0,0.0,0.0
2020-10-22 00:00:00-04:00,319.72807216015303,321.8536250887592,317.5745525528942,321.26629638671875,55399300,0.0,0.0,0.0
2020-10-23 00:00:00-04:00,322.49698065060255,322.55291402412485,319.8866617184212,322.3571472167969,49143900,0.0,0.0,0.0
2020-10-26 00:00:00-04:00,318.9544408099831,319.7468683011783,312.8854129701897,316.4000549316406,91473000,0.0,0.0,0.0
2020-10-27 00:00:00-04:00,316.7449241521478,317.080524368769,315.094804402739,315.3092346191406,65994100,0.0,0.0,0.0
2020-10-28 00:00:00-04:00,309.6037571211918,315.3371542354046,304.038160090243,304.5322570800781,127094300,0.0,0.0,0.0
2020-10-29 00:00:00-04:00,304.76533333967944,310.8156958706313,303.0686121239546,307.62738037109375,90597700,0.0,0.0,0.0
2020-10-30 00:00:00-04:00,306.04259599435824,307.35708722963943,300.74736110283595,304.42047119140625,120287300,0.0,0.0,0.0
2020-11-02 00:00:00-05:00,307.8324890136719,309.8461470533537,305.07297690678973,307.8324890136719,86068300,0.0,0.0,0.0
2020-11-03 00:00:00-05:00,311.0861216930012,315.3372288435115,307.9164405299495,313.2676086425781,93294200,0.0,0.0,0.0
2020-11-04 00:00:00-05:00,317.77034919955645,324.37077048590373,316.5863884247595,320.2688293457031,126959700,0.0,0.0,0.0
2020-11-05 00:00:00-05:00,325.5827842755687,328.3329652825249,325.22852058514377,326.5150451660156,82039700,0.0,0.0,0.0
2020-11-06 00:00:00-05:00,326.22599947152867,327.698987397985,324.10044608617153,326.4404296875,74973000,0.0,0.0,0.0
2020-11-09 00:00:00-05:00,339.31499783716447,339.6972282167432,330.0762889878164,330.54241943359375,172304200,0.0,0.0,0.0
2020-11-10 00:00:00-05:00,329.5448871543146,331.12041030696304,326.766767958789,330.0576477050781,85552000,0.0,0.0,0.0
2020-11-11 00:00:00-05:00,332.2577318337856,333.3391577380837,331.0085058194259,332.50946044921875,58649000,0.0,0.0,0.0
2020-11-12 00:00:00-05:00,331.4932669149927,332.55605783240196,327.46592207358316,329.2838134765625,67546200,0.0,0.0,0.0
2020-11-13 00:00:00-05:00,331.2043066741846,334.5884181601383,330.6822428667456,333.8426208496094,62892200,0.0,0.0,0.0
2020-11-16 00:00:00-05:00,336.5274745400829,338.2055324040506,335.23161852319635,338.009765625,74541100,0.0,0.0,0.0
2020-11-17 00:00:00-05:00,335.58586975925397,337.40378942011074,334.06628033664794,336.19183349609375,66111000,0.0,0.0,0.0
2020-11-18 00:00:00-05:00,336.4621533023915,337.01218360433086,332.10848408318736,332.1457824707031,70591300,0.0,0.0,0.0
2020-11-19 00:00:00-05:00,331.5118985467382,333.917118547066,330.16010920079276,333.5442199707031,59940900,0.0,0.0,0.0
2020-11-20 00:00:00-05:00,333.2832111745545,333.48830967329087,331.1856245307985,331.26019287109375,70417300,0.0,0.0,0.0
2020-11-23 00:00:00-05:00,333.0781105421872,334.5138000241452,330.8313587818934,333.24591064453125,63230600,0.0,0.0,0.0
2020-11-24 00:00:00-05:00,335.80957866280096,339.16572247192084,334.95191485345305,338.6156921386719,62415900,0.0,0.0,0.0
2020-11-25 00:00:00-05:00,338.5317915436353,338.5597582232347,336.9935672649966,338.0936279296875,45330900,0.0,0.0,0.0
2020-11-27 00:00:00-05:00,339.1937467150843,339.510711954968,338.01908906996096,339.0352783203125,28514100,0.0,0.0,0.0
2020-11-30 00:00:00-05:00,338.25219340899883,338.52255702297106,334.84014371693416,337.53436279296875,83872700,0.0,0.0,0.0
2020-12-01 00:00:00-05:00,340.80654346555957,342.77359984333077,340.2098829744601,341.2260437011719,74231400,0.0,0.0,0.0
2020-12-02 00:00:00-05:00,340.1074450430723,342.1024686727179,339.5294478087857,341.9440002441406,45927000,0.0,0.0,0.0
2020-12-03 00:00:00-05:00,341.84140681263983,343.2491298215101,340.7413458211083,341.8507385253906,62882000,0.0,0.0,0.0
2020-12-04 00:00:00-05:00,342.43804269912846,344.7966613769531,342.3448109293827,344.7966613769531,50749900,0.0,0.0,0.0
2020-12-07 00:00:00-05:00,344.02286968163634,344.58223185090435,342.81094202350715,344.088134765625,48944300,0.0,0.0,0.0
2020-12-08 00:00:00-05:00,342.81089019400326,345.66360553059275,342.76428854125237,345.0949401855469,42458900,0.0,0.0,0.0
2020-12-09 00:00:00-05:00,345.75688779106235,345.91535619383285,341.1608489052522,341.9998779296875,74098300,0.0,0.0,0.0
2020-12-10 00:00:00-05:00,340.62005024527565,342.9413700309111,339.74372300685593,341.887939453125,57735400,0.0,0.0,0.0
2020-12-11 00:00:00-05:00,340.18196214475313,341.89731861236754,338.65306921832496,341.48712158203125,57698600,0.0,0.0,0.0
2020-12-14 00:00:00-05:00,343.66862960375323,344.75002707857266,339.7810896102844,339.9582214355469,69216200,0.0,0.0,0.0
2020-12-15 00:00:00-05:00,342.5125765211541,344.5542297363281,341.13284888921686,344.5542297363281,63865300,0.0,0.0,0.0
2020-12-16 00:00:00-05:00,344.7686432652782,346.0178691325795,343.8829842603113,345.0949401855469,58420500,0.0,0.0,0.0
2020-12-17 00:00:00-05:00,346.74514388303766,347.22990934031503,345.9154179721252,347.0248107910156,64119500,0.0,0.0,0.0
2020-12-18 00:00:00-05:00,347.3149364688755,347.48345183278127,343.61679852181237,345.6390686035156,136542300,1.58,0.0,0.0
2020-12-21 00:00:00-05:00,341.697556038171,354.3273521272948,338.94502392425824,344.40325927734375,96386700,0.0,0.0,0.0
2020-12-22 00:00:00-05:00,344.73105551895725,344.8433991390793,342.69007022907994,343.8229064941406,47949000,0.0,0.0,0.0
2020-12-23 00:00:00-05:00,344.7964934994354,346.05104449361977,343.80408706266854,344.13177490234375,46201400,0.0,0.0,0.0
2020-12-24 00:00:00-05:00,344.6092630586231,345.4986974709922,344.01945918536467,345.4706115722656,26457900,0.0,0.0,0.0
2020-12-28 00:00:00-05:00,348.0358739320498,348.8316791315338,347.4086126909099,348.4384765625,39000400,0.0,0.0,0.0
2020-12-29 00:00:00-05:00,349.97389999212953,350.1517868754694,347.1839102280351,347.77374267578125,53680500,0.0,0.0,0.0
2020-12-30 00:00:00-05:00,348.59761582943503,349.309163326104,347.87672541470425,348.2699279785156,49455300,0.0,0.0,0.0
2020-12-31 00:00:00-05:00,348.0732694651527,350.7696294601164,347.55835190666886,350.03936767578125,78520700,0.0,0.0,0.0
2021-01-04 00:00:00-05:00,351.3782264882775,351.50931305450376,341.5571340888975,345.27398681640625,110210800,0.0,0.0,0.0
2021-01-05 00:00:00-05:00,344.62801860513036,348.74744580773046,344.5811897244677,347.65203857421875,66426200,0.0,0.0,0.0
2021-01-06 00:00:00-05:00,346.1353308484213,352.9417755588274,345.58295579138974,349.73046875,107997700,0.0,0.0,0.0
2021-01-07 00:00:00-05:00,352.11781010059394,355.6754898622392,351.93992325535066,354.926513671875,68766800,0.0,0.0,0.0
2021-01-08 00:00:00-05:00,356.3215017877144,357.16410716326504,353.0540523710122,356.94879150390625,71677200,0.0,0.0,0.0
2021-01-11 00:00:00-05:00,353.7562908815828,356.3121933540035,353.63457579782636,354.542724609375,51034700,0.0,0.0,0.0
2021-01-12 00:00:00-05:00,354.7299869126949,355.63810716269546,352.3612856414251,354.61761474609375,52547700,0.0,0.0,0.0
2021-01-13 00:00:00-05:00,354.5426460983761,356.57425896904886,353.7562125447341,355.572509765625,45303600,0.0,0.0,0.0
2021-01-14 00:00:00-05:00,356.32154646139026,356.8271211787512,353.99033129671585,354.3273620605469,49989100,0.0,0.0,0.0
2021-01-15 00:00:00-05:00,352.6984185664601,353.50356687954024,349.87099940698164,351.74346923828125,107160000,0.0,0.0,0.0
2021-01-19 00:00:00-05:00,354.21501856397003,355.04828112745787,352.7264088801036,354.5052490234375,51233300,0.0,0.0,0.0
2021-01-20 00:00:00-05:00,356.80840335832795,360.25376887068234,356.4152007728003,359.4111633300781,61836100,0.0,0.0,0.0
2021-01-21 00:00:00-05:00,359.97291979092984,360.4036083832755,358.81199774739855,359.7388610839844,47840100,0.0,0.0,0.0
2021-01-22 00:00:00-05:00,357.8757132232422,359.6358390265115,357.49185356856196,358.4655456542969,52860500,0.0,0.0,0.0
2021-01-25 00:00:00-05:00,359.20515186913644,360.2349871014211,354.327348891495,359.8792419433594,70402000,0.0,0.0,0.0
2021-01-26 00:00:00-05:00,360.8341698003207,361.2461152977036,359.08341572224913,359.3174743652344,42665300,0.0,0.0,0.0
2021-01-27 00:00:00-05:00,355.975227944603,356.0688571471187,348.2887475641344,350.53570556640625,123351100,0.0,0.0,0.0
2021-01-28 00:00:00-05:00,352.3612262708215,357.5760596417651,351.92122345514014,353.5502624511719,94198100,0.0,0.0,0.0
2021-01-29 00:00:00-05:00,351.6778752037146,352.65156737557913,344.7871723613458,346.472412109375,126765100,0.0,0.0,0.0
2021-02-01 00:00:00-05:00,349.8895746243771,353.27873909927246,346.7625546787109,352.2395324707031,75817600,0.0,0.0,0.0
2021-02-02 00:00:00-05:00,355.4414967055677,358.78386142826054,352.32384773866625,357.2203369140625,64450700,0.0,0.0,0.0
2021-02-03 00:00:00-05:00,358.0535651747562,359.2332299217936,356.21855334617453,357.5011901855469,52427100,0.0,0.0,0.0
2021-02-04 00:00:00-05:00,358.54037472968184,361.6112229062072,357.61351166948884,361.5644226074219,47142600,0.0,0.0,0.0
2021-02-05 00:00:00-05:00,363.4463232614555,363.699096345573,361.5176820583244,362.987548828125,48669800,0.0,0.0,0.0
2021-02-08 00:00:00-05:00,364.4480583738054,365.65580909374563,363.586738480656,365.6090087890625,38365200,0.0,0.0,0.0
2021-02-09 00:00:00-05:00,364.7663357138901,365.9647433876724,364.35441879054184,365.36553955078125,35551100,0.0,0.0,0.0
2021-02-10 00:00:00-05:00,367.11634769534874,367.26614867663744,362.7909479327446,365.2064208984375,59154400,0.0,0.0,0.0
2021-02-11 00:00:00-05:00,366.2924373552477,366.71375437873075,363.3526753951774,365.7962341308594,42913300,0.0,0.0,0.0
2021-02-12 00:00:00-05:00,364.9910773061147,367.8465815074679,364.91616253538814,367.6031799316406,50593300,0.0,0.0,0.0
2021-02-16 00:00:00-05:00,368.8390347079105,369.03566457729363,366.56399111891034,367.2848815917969,50972400,0.0,0.0,0.0
2021-02-17 00:00:00-05:00,365.5247875227554,367.6219442419627,364.50426649146596,367.3691711425781,52290600,0.0,0.0,0.0
2021-02-18 00:00:00-05:00,364.7476228736973,366.5545487374823,363.0155832040393,365.8055725097656,59712800,0.0,0.0,0.0
2021-02-19 00:00:00-05:00,367.0695336590669,367.35976412082823,364.7102040065369,365.15960693359375,83241000,0.0,0.0,0.0
2021-02-22 00:00:00-05:00,362.37900752952436,364.77576612098994,362.0794055626871,362.3509216308594,67414200,0.0,0.0,0.0
2021-02-23 00:00:00-05:00,360.1320514093147,364.1485063646974,355.9564525513784,362.79095458984375,107284100,0.0,0.0,0.0
2021-02-24 00:00:00-05:00,361.69551651787236,367.21932376060425,360.7031100835053,366.78863525390625,72433900,0.0,0.0,0.0
2021-02-25 00:00:00-05:00,365.51535308048653,366.89161908333995,356.499409324203,357.9505615234375,146670500,0.0,0.0,0.0
2021-02-26 00:00:00-05:00,359.84182772757856,360.99337817096534,354.1120756951056,356.1062316894531,152701600,0.0,0.0,0.0
2021-03-01 00:00:00-05:00,361.00274435596754,365.9928914426976,356.3028563200126,364.7383117675781,105348800,0.0,0.0,0.0
2021-03-02 00:00:00-05:00,364.9629378457279,365.1969964695726,361.3865152161949,361.89208984375,79595300,0.0,0.0,0.0
2021-03-03 00:00:00-05:00,361.189973661977,362.16363712651844,356.99563214374973,357.0986328125,119940200,0.0,0.0,0.0
2021-03-04 00:00:00-05:00,356.91133529810116,359.51406619697525,348.1669080540909,352.6795654296875,183433000,0.0,0.0,0.0
2021-03-05 00:00:00-05:00,356.199817756297,360.2256437904817,348.878484696464,359.1676940917969,152039600,0.0,0.0,0.0
2021-03-08 00:00:00-05:00,360.1320489497684,362.95946750367347,357.0986576156705,357.3795166015625,123149200,0.0,0.0,0.0
2021-03-09 00:00:00-05:00,361.2461579907032,365.04726851627913,360.7405832620537,362.48199462890625,113633600,0.0,0.0,0.0
2021-03-10 00:00:00-05:00,364.84131244461764,366.442265825077,363.41824594772226,364.7383117675781,109899400,0.0,0.0,0.0
2021-03-11 00:00:00-05:00,367.21933823136976,370.4212448317139,366.7605638102097,368.4364318847656,86245000,0.0,0.0,0.0
2021-03-12 00:00:00-05:00,367.06951941078046,369.07304666812473,366.2549998515435,368.9326171875,64653600,0.0,0.0,0.0
2021-03-15 00:00:00-04:00,369.185367547899,371.39489600309264,367.0320394531125,371.13275146484375,73427200,0.0,0.0,0.0
2021-03-16 00:00:00-04:00,371.75073910793407,372.46225808936504,369.8876125263924,370.6647033691406,73722500,0.0,0.0,0.0
2021-03-17 00:00:00-04:00,369.3726276607322,372.7337063739402,368.22104884168846,371.9285583496094,97959300,0.0,0.0,0.0
2021-03-18 00:00:00-04:00,369.32588557890006,371.4230422255199,365.8337197596479,366.5171813964844,115349100,0.0,0.0,0.0
2021-03-19 00:00:00-04:00,366.2146123041612,367.8020330005847,363.6503107179725,365.8388977050781,113624500,1.278,0.0,0.0
2021-03-22 00:00:00-04:00,366.35561481385486,370.1503993662236,366.29925903985094,368.7602233886719,73778600,0.0,0.0,0.0
2021-03-23 00:00:00-04:00,368.1214458235756,369.57735085795815,365.06871767745224,365.85772705078125,90686600,0.0,0.0,0.0
2021-03-24 00:00:00-04:00,367.2667334999967,368.91051044021407,363.9510017329088,363.9979553222656,97588600,0.0,0.0,0.0
2021-03-25 00:00:00-04:00,362.55136233975946,366.84394555637414,360.59760046570335,366.0455627441406,116128600,0.0,0.0,0.0
2021-03-26 00:00:00-04:00,367.200940149414,372.3483200483968,366.5998024036919,371.9444274902344,114409100,0.0,0.0,0.0
2021-03-29 00:00:00-04:00,370.460351679942,372.6677150192703,368.96686635636115,371.756591796875,108107600,0.0,0.0,0.0
2021-03-30 00:00:00-04:00,370.4792046533928,371.44668377604586,369.1641599960247,370.7703857421875,76262200,0.0,0.0,0.0
2021-03-31 00:00:00-04:00,371.34326399936833,373.8418081671427,371.3150861152096,372.2731628417969,112734200,0.0,0.0,0.0
2021-04-01 00:00:00-04:00,374.2175789621749,376.3498109556371,374.01093155895825,376.2934265136719,99682900,0.0,0.0,0.0
2021-04-05 00:00:00-04:00,378.9703688038174,382.2391465633513,378.89523733741964,381.6943359375,91684800,0.0,0.0,0.0
2021-04-06 00:00:00-04:00,381.1308594720124,382.5210068854608,380.79269613820236,381.468994140625,62021000,0.0,0.0,0.0
2021-04-07 00:00:00-04:00,381.299921394875,382.25799827421105,380.83967299184064,381.91046142578125,55836300,0.0,0.0,0.0
2021-04-08 00:00:00-04:00,383.169082404591,383.7796223731057,382.22978132527777,383.7232666015625,57863100,0.0,0.0,0.0
2021-04-09 00:00:00-04:00,383.60119001027016,386.6820964718389,383.47907628083203,386.51300048828125,61104600,0.0,0.0,0.0
2021-04-12 00:00:00-04:00,385.9118747455845,386.92630735264663,385.3013347445159,386.6539306640625,56704900,0.0,0.0,0.0
2021-04-13 00:00:00-04:00,386.5506077842819,388.42921011670427,386.1654908663117,387.79986572265625,56551000,0.0,0.0,0.0
2021-04-14 00:00:00-04:00,387.77161411621876,388.8330288186866,385.93059220669085,386.47540283203125,61659900,0.0,0.0,0.0
2021-04-15 00:00:00-04:00,388.6264203401687,390.8995415703954,388.57946675216493,390.62713623046875,60229800,0.0,0.0,0.0
2021-04-16 00:00:00-04:00,391.9233981087674,392.54334029694746,390.49567070474995,391.93280029296875,82037300,0.0,0.0,0.0
2021-04-19 00:00:00-04:00,390.9935466931835,391.44439294652807,388.6734714638503,390.00726318359375,78498500,0.0,0.0,0.0
2021-04-20 00:00:00-04:00,388.786108082157,389.89447646157157,385.6676216600676,387.1517333984375,81851800,0.0,0.0,0.0
2021-04-21 00:00:00-04:00,386.53182204547574,391.0216803567938,386.39090394204516,390.8150329589844,66793000,0.0,0.0,0.0
2021-04-22 00:00:00-04:00,390.6458991018156,391.4818620697647,386.17481725533787,387.24560546875,97582800,0.0,0.0,0.0
2021-04-23 00:00:00-04:00,387.8091847549569,392.86262853206887,387.7340532904559,391.44427490234375,73209200,0.0,0.0,0.0
2021-04-26 00:00:00-04:00,392.1017789876383,392.8344325598446,391.5100148206276,392.2614440917969,52182400,0.0,0.0,0.0
2021-04-27 00:00:00-04:00,392.5620883130966,392.75936217623746,391.03102298643597,392.1769714355469,51303100,0.0,0.0,0.0
2021-04-28 00:00:00-04:00,392.44935635947223,393.5765290480743,391.59458899256765,392.0642395019531,51238900,0.0,0.0,0.0
2021-04-29 00:00:00-04:00,394.8070326268462,395.18274732181203,391.1625398887709,394.56280517578125,78544300,0.0,0.0,0.0
2021-04-30 00:00:00-04:00,392.280291787345,393.1350591602017,391.0685854384391,391.9703063964844,85527000,0.0,0.0,0.0
2021-05-03 00:00:00-04:00,393.9709956658209,394.35611250011635,392.31784546480463,392.815673828125,68128300,0.0,0.0,0.0
2021-05-04 00:00:00-04:00,390.8150004114941,391.3128288285941,386.682081464695,390.3923034667969,101591200,0.0,0.0,0.0
2021-05-05 00:00:00-04:00,392.045530840871,392.2803561357189,389.95087889135687,390.51446533203125,60162200,0.0,0.0,0.0
2021-05-06 00:00:00-04:00,390.5895491108578,393.7643912958881,388.5700575548466,393.6329040527344,74321400,0.0,0.0,0.0
2021-05-07 00:00:00-04:00,394.4030884154443,397.1552333106505,393.7173884046305,396.4977111816406,67733800,0.0,0.0,0.0
2021-05-10 00:00:00-04:00,396.85468254314804,397.0801056159915,392.44935844844775,392.57147216796875,81852400,0.0,0.0,0.0
2021-05-11 00:00:00-04:00,388.025260711126,390.06352789101334,385.1697775574613,389.06787109375,116888000,0.0,0.0,0.0
2021-05-12 00:00:00-04:00,386.268802278505,387.5462380172157,379.47764499537993,380.80206298828125,134811000,0.0,0.0,0.0
2021-05-13 00:00:00-04:00,382.3613465342383,387.32085572584305,382.3143642750986,385.3764953613281,106394000,0.0,0.0,0.0
2021-05-14 00:00:00-04:00,388.12859676699367,392.1488043000285,388.10041888080025,391.2940368652344,82201600,0.0,0.0,0.0
2021-05-17 00:00:00-04:00,390.17631580899985,391.1156169526232,388.26950696885626,390.29840087890625,65129200,0.0,0.0,0.0
2021-05-18 00:00:00-04:00,390.56138796867197,390.8056154288192,386.7760056623648,386.9356994628906,59810200,0.0,0.0,0.0
2021-05-19 00:00:00-04:00,382.2204444134808,386.09973416381524,380.7269303289626,385.9212646484375,106467100,0.0,0.0,0.0
2021-05-20 00:00:00-04:00,386.8041893158944,391.3410297729131,386.68210424919545,390.0729675292969,78022200,0.0,0.0,0.0
2021-05-21 00:00:00-04:00,391.566445319186,392.81573183580736,389.2933527076713,389.75360107421875,76578700,0.0,0.0,0.0
2021-05-24 00:00:00-04:00,392.0078697849327,394.8069970407359,391.7636423558813,393.726806640625,51376700,0.0,0.0,0.0
2021-05-25 00:00:00-04:00,394.8163766164725,395.17331558281194,392.2708789333763,392.8532409667969,57451400,0.0,0.0,0.0
2021-05-26 00:00:00-04:00,393.4450323737221,394.14010598871914,392.4024219512265,393.6329040527344,43088600,0.0,0.0,0.0
2021-05-27 00:00:00-04:00,394.666128070574,395.1827321731997,393.55773106490165,393.83953857421875,56707700,0.0,0.0,0.0
2021-05-28 00:00:00-04:00,395.41754941191766,395.6805525494972,394.3091810939177,394.54400634765625,58520200,0.0,0.0,0.0
2021-06-01 00:00:00-04:00,396.92040866786937,397.0612980770994,393.75496905800964,394.1964416503906,54216600,0.0,0.0,0.0
2021-06-02 00:00:00-04:00,394.8539557985818,395.6617695624663,393.83952333379665,394.8163757324219,49097100,0.0,0.0,0.0
2021-06-03 00:00:00-04:00,392.4869942418522,394.49708381221865,391.01228454550323,393.35113525390625,58138800,0.0,0.0,0.0
2021-06-04 00:00:00-04:00,395.2109261990949,397.24922213882013,393.4168577110476,396.9486389160156,55938800,0.0,0.0,0.0
2021-06-07 00:00:00-04:00,396.9392828547992,397.117752372502,395.6242669337236,396.5635681152344,51555000,0.0,0.0,0.0
2021-06-08 00:00:00-04:00,397.42764801953655,397.5215838562783,394.8070187651546,396.6480407714844,47134300,0.0,0.0,0.0
2021-06-09 00:00:00-04:00,397.4934038464304,397.5685639814991,395.8308513392417,396.0562744140625,48436300,0.0,0.0,0.0
2021-06-10 00:00:00-04:00,397.28670745201885,398.85535259460727,395.96228972047976,397.8972473144531,51020100,0.0,0.0,0.0
2021-06-11 00:00:00-04:00,398.4515612377595,398.6675821575866,397.15532105801145,398.55487060546875,45570800,0.0,0.0,0.0
2021-06-14 00:00:00-04:00,398.6675381475228,399.55048342857026,397.4182803625306,399.4471740722656,42358500,0.0,0.0,0.0
2021-06-15 00:00:00-04:00,399.59751448067317,399.63506588835537,397.8316237029206,398.7145690917969,51508500,0.0,0.0,0.0
2021-06-16 00:00:00-04:00,398.85539921615816,399.08082228951355,394.4312994104029,396.48834228515625,80386100,0.0,0.0,0.0
2021-06-17 00:00:00-04:00,396.07503271268536,397.3430660262593,393.86766981116267,396.3568115234375,90949700,0.0,0.0,0.0
2021-06-18 00:00:00-04:00,393.0547621033666,393.75210964966317,390.80250323301783,391.00982666015625,118676300,1.376,0.0,0.0
2021-06-21 00:00:00-04:00,392.7814772345062,396.7959997339808,391.961616444382,396.6075134277344,72822000,0.0,0.0,0.0
2021-06-22 00:00:00-04:00,396.5981592907554,399.56663205540957,395.8725128032119,398.7279052734375,57700300,0.0,0.0,0.0
2021-06-23 00:00:00-04:00,398.8032811804672,399.6137090686301,398.16247372113264,398.2472839355469,49445400,0.0,0.0,0.0
2021-06-24 00:00:00-04:00,400.40525894818035,401.02720041238143,400.15079959021995,400.6031494140625,45110300,0.0,0.0,0.0
2021-06-25 00:00:00-04:00,401.35704561811707,402.47847288039884,401.02720899527486,402.026123046875,58129500,0.0,0.0,0.0
2021-06-28 00:00:00-04:00,402.55399968303385,403.0063208933047,401.34776185734773,402.8367004394531,53159600,0.0,0.0,0.0
2021-06-29 00:00:00-04:00,403.22302619406673,403.86383366669776,402.51624563364214,403.05340576171875,35970500,0.0,0.0,0.0
2021-06-30 00:00:00-04:00,402.59161545470596,404.0711496359645,402.5633453831712,403.39263916015625,64827900,0.0,0.0,0.0
2021-07-01 00:00:00-04:00,404.1559060380634,405.78622330342534,404.0899329602751,405.6260070800781,53441000,0.0,0.0,0.0
2021-07-02 00:00:00-04:00,406.7947067833421,409.08466931787336,405.7109533843107,408.7265625,57697700,0.0,0.0,0.0
2021-07-06 00:00:00-04:00,408.7829571761898,408.99971353065246,405.23021785702485,407.98193359375,68710400,0.0,0.0,0.0
2021-07-07 00:00:00-04:00,408.6699403767782,409.7065575998138,406.6438418893297,409.423828125,63549500,0.0,0.0,0.0
2021-07-08 00:00:00-04:00,404.0711049956696,406.85111967834933,402.8837046044413,406.0877990722656,97595200,0.0,0.0,0.0
2021-07-09 00:00:00-04:00,407.6050403295699,410.7242960856309,405.8899126832055,410.4227294921875,76238600,0.0,0.0,0.0
2021-07-12 00:00:00-04:00,410.33794129336883,412.1473121921227,409.9044572663973,411.8928527832031,52889600,0.0,0.0,0.0
2021-07-13 00:00:00-04:00,411.10124587606435,412.6090501060507,410.2248449127692,410.48870849609375,52911300,0.0,0.0,0.0
2021-07-14 00:00:00-04:00,412.19441470242623,412.6844676272284,409.84791245826784,411.10125732421875,64130400,0.0,0.0,0.0
2021-07-15 00:00:00-04:00,409.7536226568841,410.43213306408956,407.7840645151698,409.69708251953125,55126400,0.0,0.0,0.0
2021-07-16 00:00:00-04:00,410.88457314584525,410.9316803509929,406.0878920473257,406.4836730957031,75874700,0.0,0.0,0.0
2021-07-19 00:00:00-04:00,401.6303798104182,406.5495732707812,397.65356035580317,400.4806823730469,147987000,0.0,0.0,0.0
2021-07-20 00:00:00-04:00,401.1497499356293,407.5013701332604,400.3487262987755,406.2197265625,99608200,0.0,0.0,0.0
2021-07-21 00:00:00-04:00,407.4259978534785,409.6500155908594,406.17265300699904,409.5086364746094,64724400,0.0,0.0,0.0
2021-07-22 00:00:00-04:00,409.68770044604696,410.61123740243363,408.6982191605414,410.3662109375,47878500,0.0,0.0,0.0
2021-07-23 00:00:00-04:00,412.3074853504877,414.92728406769214,411.61957069748223,414.5880432128906,63766600,0.0,0.0,0.0
2021-07-26 00:00:00-04:00,413.9943224274407,415.61520686871586,413.9472152307123,415.60577392578125,43719200,0.0,0.0,0.0
2021-07-27 00:00:00-04:00,414.5598008745902,414.58807094771487,410.86568168544017,413.711669921875,67397100,0.0,0.0,0.0
2021-07-28 00:00:00-04:00,414.3429547293441,414.9272219533537,412.10953315932124,413.54193115234375,52472400,0.0,0.0,0.0
2021-07-29 00:00:00-04:00,414.47498326479524,416.34086557570345,414.46555032093,415.25714111328125,47435300,0.0,0.0,0.0
2021-07-30 00:00:00-04:00,412.67501782428445,414.70111625120774,412.5430716548514,413.2404479980469,68951200,0.0,0.0,0.0
2021-08-02 00:00:00-04:00,414.9650335749977,415.52103087753216,412.01539785694325,412.3735046386719,58783300,0.0,0.0,0.0
2021-08-03 00:00:00-04:00,413.1744764060181,415.85081522859116,410.9693246034538,415.7283020019531,58053900,0.0,0.0,0.0
2021-08-04 00:00:00-04:00,414.43732902670575,415.700107017343,413.44784760955065,413.6834411621094,46732200,0.0,0.0,0.0
2021-08-05 00:00:00-04:00,414.8518975591552,416.3879718329055,414.5314938393197,416.30316162109375,38969700,0.0,0.0,0.0
2021-08-06 00:00:00-04:00,416.62360842890604,417.4151992466567,416.3408789346533,416.9911193847656,46930000,0.0,0.0,0.0
2021-08-09 00:00:00-04:00,416.9627651796527,417.2831688679763,415.8790409011232,416.65179443359375,41222600,0.0,0.0,0.0
2021-08-10 00:00:00-04:00,417.10413189996603,417.8863184054206,416.4162173029195,417.17010498046875,43339300,0.0,0.0,0.0
2021-08-11 00:00:00-04:00,418.2444290861454,418.3009692245495,417.1135688001206,418.20672607421875,44034300,0.0,0.0,0.0
2021-08-12 00:00:00-04:00,418.05598534711794,419.6014926447661,417.151314281578,419.4601135253906,38909400,0.0,0.0,0.0
2021-08-13 00:00:00-04:00,419.9124501650049,420.2422868348311,419.42242601144585,420.22344970703125,39470300,0.0,0.0,0.0
2021-08-16 00:00:00-04:00,418.9135565607182,421.3448690791862,417.3492121072332,421.21295166015625,73740000,0.0,0.0,0.0
2021-08-17 00:00:00-04:00,418.6401787189895,419.31868908802227,415.4455461023969,418.45172119140625,92673900,0.0,0.0,0.0
2021-08-18 00:00:00-04:00,417.43402969177924,419.0078071168884,413.62685897579513,413.8718566894531,89351900,0.0,0.0,0.0
2021-08-19 00:00:00-04:00,411.12954517008563,415.71893127183074,410.98819480450277,414.5126647949219,92812200,0.0,0.0,0.0
2021-08-20 00:00:00-04:00,414.8613975987066,418.14084135504487,414.3713446170172,417.8110046386719,72008700,0.0,0.0,0.0
2021-08-23 00:00:00-04:00,419.50721489532515,422.400309988542,417.8863304587678,421.4862060546875,54973000,0.0,0.0,0.0
2021-08-24 00:00:00-04:00,422.1552429199219,422.6924029524374,421.6369487714052,422.1552429199219,38744700,0.0,0.0,0.0
2021-08-25 00:00:00-04:00,422.34385103662123,423.5594930284941,421.9668783555361,423.04119873046875,40529700,0.0,0.0,0.0
2021-08-26 00:00:00-04:00,422.75840977537314,422.9940032884355,420.4496106027459,420.5438537597656,57829600,0.0,0.0,0.0
2021-08-27 00:00:00-04:00,421.35425881775865,424.68083789165667,421.29771867840407,424.30389404296875,77235100,0.0,0.0,0.0
2021-08-30 00:00:00-04:00,424.9824602396445,426.9614516536512,424.737433764308,426.16986083984375,48357400,0.0,0.0,0.0
2021-08-31 00:00:00-04:00,426.0756428510807,426.4148837517675,424.9353781451355,425.5384826660156,59300200,0.0,0.0,0.0
2021-09-01 00:00:00-04:00,426.48083145737115,426.9991257222246,425.529024388811,425.7646179199219,48721400,0.0,0.0,0.0
2021-09-02 00:00:00-04:00,427.1969761084833,427.8848907026548,425.8682253562047,427.074462890625,42501000,0.0,0.0,0.0
2021-09-03 00:00:00-04:00,425.93423673953987,427.4891481821727,425.52899403811125,426.9708251953125,47170500,0.0,0.0,0.0
2021-09-07 00:00:00-04:00,426.62212031775687,426.71636346840927,424.76564240989444,425.44415283203125,51671500,0.0,0.0,0.0
2021-09-08 00:00:00-04:00,424.9070356755649,425.64208626079466,422.99398880638046,424.9258728027344,56181900,0.0,0.0,0.0
2021-09-09 00:00:00-04:00,424.72800123617645,426.4902361306357,422.8620902402333,423.10711669921875,57970400,0.0,0.0,0.0
2021-09-10 00:00:00-04:00,425.04835703263524,425.47240805731894,419.64854391322956,419.77105712890625,89948200,0.0,0.0,0.0
2021-09-13 00:00:00-04:00,422.7867149843986,423.0505785726506,418.5177328546844,420.84539794921875,83738600,0.0,0.0,0.0
2021-09-14 00:00:00-04:00,422.29660910795604,422.50393252693954,417.67898251311084,418.5742492675781,78197100,0.0,0.0,0.0
2021-09-15 00:00:00-04:00,418.99834698875156,422.569952703373,417.8863525079796,422.07049560546875,78792200,0.0,0.0,0.0
2021-09-16 00:00:00-04:00,421.542748054448,422.5227963160608,418.43289657344855,421.4013977050781,77786700,0.0,0.0,0.0
2021-09-17 00:00:00-04:00,420.624341728466,421.04975134413576,416.9372852860018,417.2965393066406,118425000,1.428,0.0,0.0
2021-09-20 00:00:00-04:00,411.1325972806954,412.7208509241173,405.4413117817673,410.3384704589844,166445500,0.0,0.0,0.0
2021-09-21 00:00:00-04:00,412.69243982428605,413.9970868901232,409.4213878476513,409.9508056640625,92526100,0.0,0.0,0.0
2021-09-22 00:00:00-04:00,412.23854824950934,416.00122224779415,410.0641561951397,413.94970703125,102350100,0.0,0.0,0.0
2021-09-23 00:00:00-04:00,415.83116273887947,420.59595206334643,415.59481446278045,418.97930908203125,76396000,0.0,0.0,0.0
2021-09-24 00:00:00-04:00,417.3343722944831,420.38800268599357,417.11692147428283,419.66949462890625,62094800,0.0,0.0,0.0
2021-09-27 00:00:00-04:00,418.6295117037704,419.80178990253705,417.769200530089,418.46881103515625,61371100,0.0,0.0,0.0
2021-09-28 00:00:00-04:00,415.6798865253601,416.01077987427567,409.2984832219723,410.035888671875,130436300,0.0,0.0,0.0
2021-09-29 00:00:00-04:00,411.4255947930306,413.1745776677283,410.1587715957046,410.72601318359375,82329200,0.0,0.0,0.0
2021-09-30 00:00:00-04:00,412.210273702846,412.91931850140327,405.3656371464608,405.70599365234375,140506000,0.0,0.0,0.0
2021-10-01 00:00:00-04:00,407.4455646953773,412.21978873259417,403.9003402565201,410.52752685546875,129240100,0.0,0.0,0.0
2021-10-04 00:00:00-04:00,409.35517606984524,410.2627452872103,403.07775259289957,405.2332763671875,128570000,0.0,0.0,0.0
2021-10-05 00:00:00-04:00,406.745928727263,411.7092426318,405.94236765217715,409.44976806640625,90682500,0.0,0.0,0.0
2021-10-06 00:00:00-04:00,405.8289210246934,411.35947691198606,404.1934092838429,411.1514892578125,113032200,0.0,0.0,0.0
2021-10-07 00:00:00-04:00,414.4509309850232,417.5612537816005,414.2713039723199,414.7061767578125,72437500,0.0,0.0,0.0
2021-10-08 00:00:00-04:00,415.4812677112146,415.8688822489433,413.31630996676955,413.94970703125,74557400,0.0,0.0,0.0
2021-10-11 00:00:00-04:00,413.2881254611167,416.2188503689476,410.8868184765066,410.9530029296875,65233300,0.0,0.0,0.0
2021-10-12 00:00:00-04:00,411.87947967495063,412.2859918380702,409.1472794018904,409.94140625,71181200,0.0,0.0,0.0
2021-10-13 00:00:00-04:00,410.9718018108781,412.2386250268791,407.97492201997215,411.4161376953125,72974000,0.0,0.0,0.0
2021-10-14 00:00:00-04:00,415.10316884682675,418.4876921318008,414.63047232052025,418.33642578125,70236800,0.0,0.0,0.0
2021-10-15 00:00:00-04:00,420.46356428916977,421.8911170450239,419.83960140616944,421.52239990234375,66260200,0.0,0.0,0.0
2021-10-18 00:00:00-04:00,419.72615790052475,423.11065236001764,419.0643712182425,422.77032470703125,62213200,0.0,0.0,0.0
2021-10-19 00:00:00-04:00,424.40593545300055,426.09816853776465,423.7914067813759,426.0320129394531,46996800,0.0,0.0,0.0
2021-10-20 00:00:00-04:00,426.4952201768842,428.0078550005876,426.3817776140506,427.705322265625,49571600,0.0,0.0,0.0
2021-10-21 00:00:00-04:00,427.1002698089574,429.04777746656447,426.6653970211421,428.8208923339844,41305400,0.0,0.0,0.0
2021-10-22 00:00:00-04:00,428.3860195607123,429.84193314740844,426.4195855745832,428.3765563964844,58845100,0.0,0.0,0.0
2021-10-25 00:00:00-04:00,429.47315880576673,431.00469094915405,427.6863809221838,430.6737976074219,45214500,0.0,0.0,0.0
2021-10-26 00:00:00-04:00,432.2337083526217,433.45324459839003,430.68324992234994,431.0614013671875,56075100,0.0,0.0,0.0
2021-10-27 00:00:00-04:00,431.5247406140812,432.19596171233337,429.07614682045744,429.15179443359375,72438000,0.0,0.0,0.0
2021-10-28 00:00:00-04:00,430.58879341027955,433.3682518207188,430.57935909671465,433.2926330566406,51437900,0.0,0.0,0.0
2021-10-29 00:00:00-04:00,430.9764107223124,434.46491407806633,430.683341126668,434.1718444824219,70162400,0.0,0.0,0.0
2021-11-01 00:00:00-04:00,435.1643921836789,435.54257246962413,433.17908993799193,434.9186096191406,48433600,0.0,0.0,0.0
2021-11-02 00:00:00-04:00,435.08880951957394,436.98905886494975,434.95644063829457,436.67706298828125,48908400,0.0,0.0,0.0
2021-11-03 00:00:00-04:00,436.10985183902073,439.7496212641547,435.66551590112994,439.3431091308594,52509800,0.0,0.0,0.0
2021-11-04 00:00:00-04:00,439.94807567762854,441.498534056894,439.59828488138334,441.4134521484375,52847100,0.0,0.0,0.0
2021-11-05 00:00:00-04:00,443.654113248998,444.94929729786503,441.42299917818394,442.945068359375,66390600,0.0,0.0,0.0
2021-11-08 00:00:00-05:00,444.05121344221453,444.55227070206814,442.6331235915595,443.3232421875,50405200,0.0,0.0,0.0
2021-11-09 00:00:00-05:00,443.6918221827663,443.9281704181166,440.43966815625726,441.8577575683594,51149100,0.0,0.0,0.0
2021-11-10 00:00:00-05:00,440.1561547381562,441.85787981414506,436.8094835724889,438.3031921386719,69429700,0.0,0.0,0.0
2021-11-11 00:00:00-05:00,439.8063146570788,439.8819622614729,438.42604881351787,438.4449462890625,34848500,0.0,0.0,0.0
2021-11-12 00:00:00-05:00,439.7212557199241,442.31162370919134,438.76639940952595,441.75384521484375,53466700,0.0,0.0,0.0
2021-11-15 00:00:00-05:00,443.0490367571835,443.20973742775345,440.77063592135255,441.90509033203125,46980500,0.0,0.0,0.0
2021-11-16 00:00:00-05:00,441.64042166446166,444.7980314478209,441.56480290396837,443.65411376953125,48857500,0.0,0.0,0.0
2021-11-17 00:00:00-05:00,443.3893486524,443.5689756433115,441.95236157621497,442.5763244628906,47858300,0.0,0.0,0.0
2021-11-18 00:00:00-05:00,443.61626655252275,444.3442377330162,440.8746322243383,444.07952880859375,50625600,0.0,0.0,0.0
2021-11-19 00:00:00-05:00,443.9660251855124,445.22341412362175,442.91665272768785,443.2853698730469,57315600,0.0,0.0,0.0
2021-11-22 00:00:00-05:00,445.176156987895,447.6814428554644,441.8294574387249,442.0374450683594,72762000,0.0,0.0,0.0
2021-11-23 00:00:00-05:00,441.7065637336886,443.4839073714183,439.08783524258723,442.62359619140625,73206500,0.0,0.0,0.0
2021-11-24 00:00:00-05:00,440.609986046293,443.9283256634148,439.7874985158197,443.805419921875,61858800,0.0,0.0,0.0
2021-11-26 00:00:00-05:00,437.09295189305215,438.5677625156083,432.77249939632327,433.906982421875,112669600,0.0,0.0,0.0
2021-11-29 00:00:00-05:00,438.7285266154922,441.0825459004556,436.51631050713434,439.2295837402344,86268800,0.0,0.0,0.0
2021-11-30 00:00:00-05:00,436.7716225911538,438.6907694757676,430.4374771300162,430.68328857421875,148559600,0.0,0.0,0.0
2021-12-01 00:00:00-05:00,436.43129028942224,439.2958302661636,425.7010726926602,425.89959716796875,131939200,0.0,0.0,0.0
2021-12-02 00:00:00-05:00,426.117034818409,434.00160967092785,425.71995702893935,432.42279052734375,127637800,0.0,0.0,0.0
2021-12-03 00:00:00-05:00,434.09619753225604,435.1644675867298,424.40591747348236,428.6601867675781,137331600,0.0,0.0,0.0
2021-12-06 00:00:00-05:00,431.22218919420794,435.627724807556,428.792521834615,433.7369384765625,98977500,0.0,0.0,0.0
2021-12-07 00:00:00-05:00,439.0500125226499,443.2759208287808,433.6045390406269,442.70867919921875,95484700,0.0,0.0,0.0
2021-12-08 00:00:00-05:00,443.1057809890792,444.33478054375655,441.3378715634733,443.8809814453125,72238800,0.0,0.0,0.0
2021-12-09 00:00:00-05:00,442.5857290699506,443.98492110232394,440.6855087505865,440.884033203125,61272600,0.0,0.0,0.0
2021-12-10 00:00:00-05:00,443.60686917300444,445.1856596872549,441.0353984711912,445.0343933105469,77159800,0.0,0.0,0.0
2021-12-13 00:00:00-05:00,444.5143899851278,444.8641808206626,440.8084362887176,441.0920715332031,87724700,0.0,0.0,0.0
2021-12-14 00:00:00-05:00,437.8021272729205,440.3074134469163,435.11721408540126,438.057373046875,97264100,0.0,0.0,0.0
2021-12-15 00:00:00-05:00,438.1140923790866,445.1477906490949,435.58041689056216,444.9020080566406,116899300,0.0,0.0,0.0
2021-12-16 00:00:00-05:00,446.7644699614581,447.0480763800699,439.4187463571933,440.9786682128906,116568600,0.0,0.0,0.0
2021-12-17 00:00:00-05:00,437.87920342104877,440.90560525161436,434.56819879707973,436.2853698730469,135511600,1.633,0.0,0.0
2021-12-20 00:00:00-05:00,431.17176093106195,432.04456202640097,428.00305808891443,431.6461181640625,107134800,0.0,0.0,0.0
2021-12-21 00:00:00-05:00,435.08994592566444,439.454038446027,432.9079141417177,439.3117370605469,69806300,0.0,0.0,0.0
2021-12-22 00:00:00-05:00,439.05555923317684,443.81809524961324,438.8563083570705,443.7042541503906,58890200,0.0,0.0,0.0
2021-12-23 00:00:00-05:00,444.7099297265655,447.9735099803831,444.60558502690833,446.4650573730469,56439700,0.0,0.0,0.0
2021-12-27 00:00:00-05:00,447.8500905819023,452.83084088422623,447.80266644572293,452.7834167480469,56808600,0.0,0.0,0.0
2021-12-28 00:00:00-05:00,453.2198652161002,454.25396048546827,451.64499576521473,452.4134521484375,47274600,0.0,0.0,0.0
2021-12-29 00:00:00-05:00,452.51779978781735,454.0167557836828,451.512164851453,452.9921569824219,54503000,0.0,0.0,0.0
2021-12-30 00:00:00-05:00,453.41905165757885,454.43418298151533,451.27497687022736,451.7398376464844,55329000,0.0,0.0,0.0
2021-12-31 00:00:00-05:00,451.2466188686037,452.4040228673207,450.3263645635402,450.6014709472656,65237400,0.0,0.0,0.0
2022-01-03 00:00:00-05:00,451.87272771395106,453.34325263510186,449.5483944424087,453.2104187011719,72668200,0.0,0.0,0.0
2022-01-04 00:00:00-05:00,454.6429290652951,455.363961294922,451.18959465231,453.0585632324219,71178700,0.0,0.0,0.0
2022-01-05 00:00:00-05:00,452.6885985815279,453.4665513931178,444.2640094815494,444.35888671875,104538900,0.0,0.0,0.0
2022-01-06 00:00:00-05:00,443.8939821123112,446.67370827806343,441.5601239077358,443.94140625,86858900,0.0,0.0,0.0
2022-01-07 00:00:00-05:00,443.95096436729705,445.1368574990053,440.82018912810577,442.18634033203125,85111600,0.0,0.0,0.0
2022-01-10 00:00:00-05:00,438.97019256239554,441.85426367724875,433.1830285614274,441.6360778808594,119362000,0.0,0.0,0.0
2022-01-11 00:00:00-05:00,441.37042108781833,445.7534770862342,438.3534872211781,445.6585998535156,74303100,0.0,0.0,0.0
2022-01-12 00:00:00-05:00,447.4042385339527,448.93168383507043,444.89015106266817,446.86346435546875,67605400,0.0,0.0,0.0
2022-01-13 00:00:00-05:00,447.97345460236807,448.62806985420025,439.6722036069976,440.706298828125,91173100,0.0,0.0,0.0
2022-01-14 00:00:00-05:00,437.5376357053383,441.2376164067843,436.31378591285176,440.8865966796875,95890900,0.0,0.0,0.0
2022-01-18 00:00:00-05:00,436.1619964519161,436.37071480072626,431.95919815118293,433.07867431640625,109709100,0.0,0.0,0.0
2022-01-19 00:00:00-05:00,434.63455946891924,436.03863833780343,428.3066212921638,428.5817565917969,109357600,0.0,0.0,0.0
2022-01-20 00:00:00-05:00,430.47919718993734,435.2132732011315,421.7035882114097,423.83819580078125,122379700,0.0,0.0,0.0
2022-01-21 00:00:00-05:00,422.70921781191396,425.08100399182297,415.4895145774554,415.5179748535156,202271200,0.0,0.0,0.0
2022-01-24 00:00:00-05:00,409.87310468129533,417.79487616805744,399.1811032003576,417.2825622558594,251783900,0.0,0.0,0.0
2022-01-25 00:00:00-05:00,410.8502669489062,417.1687084994632,405.243361217748,412.1879577636719,167997300,0.0,0.0,0.0
2022-01-26 00:00:00-05:00,418.11749222985185,421.26723159439666,406.86572221878754,411.1539306640625,186391100,0.0,0.0,0.0
2022-01-27 00:00:00-05:00,415.7835899327056,418.9427962043085,407.425418229635,409.12359619140625,149878300,0.0,0.0,0.0
2022-01-28 00:00:00-05:00,410.4898509435577,419.3318784975754,405.8791116065862,419.2844543457031,164457400,0.0,0.0,0.0
2022-01-31 00:00:00-05:00,418.6107236759828,427.18710977602035,417.2540690614675,426.8360900878906,152251400,0.0,0.0,0.0
2022-02-01 00:00:00-05:00,427.56658418243927,430.36530314745943,424.0184017128931,429.7201843261719,123155400,0.0,0.0,0.0
2022-02-02 00:00:00-05:00,432.1394646295369,434.6250920439681,429.81510247040995,433.89459228515625,117361000,0.0,0.0,0.0
2022-02-03 00:00:00-05:00,427.8228677399466,429.73926084170694,422.8515834635683,423.6959533691406,118024400,0.0,0.0,0.0
2022-02-04 00:00:00-05:00,423.4586867115732,429.5589134771575,421.0679078461123,425.68817138671875,118454400,0.0,0.0,0.0
2022-02-07 00:00:00-05:00,426.4566596041501,427.8607385195709,422.98436109694677,424.3220520019531,84472900,0.0,0.0,0.0
2022-02-08 00:00:00-05:00,423.81924398935524,428.7430746184262,422.3866758127271,427.8133239746094,81012000,0.0,0.0,0.0
2022-02-09 00:00:00-05:00,431.873804570446,434.39738854884314,431.67458263733965,434.0748291015625,92589900,0.0,0.0,0.0
2022-02-10 00:00:00-05:00,428.1927598797252,434.23606606083064,424.2650972634393,426.2763671875,140103700,0.0,0.0,0.0
2022-02-11 00:00:00-05:00,426.3618262306715,428.44898095162984,416.42878334172724,417.8708190917969,153214600,0.0,0.0,0.0
2022-02-14 00:00:00-05:00,417.3584743227841,418.95230765301676,413.01334592070134,416.5046081542969,123006300,0.0,0.0,0.0
2022-02-15 00:00:00-05:00,420.97310881351615,423.3923192839922,420.4512984505421,423.2215576171875,88482700,0.0,0.0,0.0
2022-02-16 00:00:00-05:00,421.16287260489605,425.08106860204714,419.27493978352175,423.6959533691406,84863600,0.0,0.0,0.0
2022-02-17 00:00:00-05:00,420.48919523037364,423.66739424351493,414.0379489265815,414.6451110839844,102259100,0.0,0.0,0.0
2022-02-18 00:00:00-05:00,414.90128833944823,416.16309480374946,409.6738912733188,411.9602966308594,132642900,0.0,0.0,0.0
2022-02-22 00:00:00-05:00,409.74033129363266,413.165176841679,404.0195548968385,407.539306640625,124391800,0.0,0.0,0.0
2022-02-23 00:00:00-05:00,410.4708444460045,411.04007897172494,399.7408851031858,400.31011962890625,132578000,0.0,0.0,0.0
2022-02-24 00:00:00-05:00,389.94062610412374,406.77084113993465,389.5801389116673,406.33441162109375,213942900,0.0,0.0,0.0
2022-02-25 00:00:00-05:00,407.57725415946004,415.3851855248468,405.91700365528385,415.2998046875,121804500,0.0,0.0,0.0
2022-02-28 00:00:00-05:00,409.87318107467814,415.7267630899189,408.61140335391485,414.2372741699219,145615000,0.0,0.0,0.0
2022-03-01 00:00:00-05:00,412.7287768929972,414.7495434726037,405.205448672507,407.92828369140625,137785900,0.0,0.0,0.0
2022-03-02 00:00:00-05:00,410.1956944807002,417.1687520289045,409.4367344418012,415.4326171875,117726500,0.0,0.0,0.0
2022-03-03 00:00:00-05:00,417.8802700932544,418.4874323079745,411.5523317433492,413.3643798828125,105501700,0.0,0.0,0.0
2022-03-04 00:00:00-05:00,409.60747810571974,411.1443909360492,405.935957688273,410.0059509277344,113978200,0.0,0.0,0.0
2022-03-07 00:00:00-05:00,409.41775790728286,410.1292938292298,397.8529250730409,397.9193420410156,137896600,0.0,0.0,0.0
2022-03-08 00:00:00-05:00,398.09956797048136,405.3003074447001,393.8303527836148,394.90240478515625,164772700,0.0,0.0,0.0
2022-03-09 00:00:00-05:00,403.33644951034927,407.4823267606982,401.13542517778393,405.4900207519531,116990800,0.0,0.0,0.0
2022-03-10 00:00:00-05:00,400.8509327551557,404.56041078172524,398.8776188782023,403.6591491699219,93972700,0.0,0.0,0.0
2022-03-11 00:00:00-05:00,406.16362906252124,406.78028766963047,398.01417534388236,398.5264892578125,95636300,0.0,0.0,0.0
2022-03-14 00:00:00-04:00,399.3044659961506,402.7767356418395,394.4660161806034,395.61395263671875,95729200,0.0,0.0,0.0
2022-03-15 00:00:00-04:00,398.24192399779616,404.94934328256,396.96118242797354,404.313720703125,106219100,0.0,0.0,0.0
2022-03-16 00:00:00-04:00,407.8429064461944,413.33594277285255,403.01392397187186,413.2790222167969,144954800,0.0,0.0,0.0
2022-03-17 00:00:00-04:00,411.3531288315489,418.44952392578125,410.97364881074105,418.44952392578125,102676900,0.0,0.0,0.0
2022-03-18 00:00:00-04:00,416.8278299009524,423.35621530561934,416.08553492720876,423.03265380859375,106345500,1.366,0.0,0.0
2022-03-21 00:00:00-04:00,422.8613960671078,424.87891441408925,419.3783104324007,422.90899658203125,88349800,0.0,0.0,0.0
2022-03-22 00:00:00-04:00,424.30789617875917,428.79974082442425,424.30789617875917,427.85760498046875,74650400,0.0,0.0,0.0
2022-03-23 00:00:00-04:00,425.30712555843064,426.8107382365198,422.2617965607085,422.3474426269531,79426100,0.0,0.0,0.0
2022-03-24 00:00:00-04:00,424.3841222107556,428.7236982761284,423.2611681066498,428.71417236328125,64736900,0.0,0.0,0.0
2022-03-25 00:00:00-04:00,429.3517588407497,431.0837903582013,426.75371156457226,430.80780029296875,77101300,0.0,0.0,0.0
2022-03-28 00:00:00-04:00,430.2082578975455,433.8721618652344,428.3049341784775,433.8721618652344,68529800,0.0,0.0,0.0
2022-03-29 00:00:00-04:00,437.7834301119864,439.73435413532684,435.0807142126773,439.2394714355469,86581500,0.0,0.0,0.0
2022-03-30 00:00:00-04:00,438.08802360376745,438.9064679174854,434.4050967980756,436.5273132324219,79666900,0.0,0.0,0.0
2022-03-31 00:00:00-04:00,435.7564806152251,436.5844218200778,429.3517855834808,429.80859375,121699900,0.0,0.0,0.0
2022-04-01 00:00:00-04:00,431.39783590460905,431.540579375282,427.4294222078251,431.0267028808594,89048800,0.0,0.0,0.0
2022-04-04 00:00:00-04:00,431.2264729825929,434.82375306537233,430.3985319461262,434.71905517578125,59601000,0.0,0.0,0.0
2022-04-05 00:00:00-04:00,433.21552347387393,435.6993470477597,428.0765551149529,429.2280578613281,74214500,0.0,0.0,0.0
2022-04-06 00:00:00-04:00,425.2881438904857,427.22951299784626,422.03344784652523,424.9360046386719,106898000,0.0,0.0,0.0
2022-04-07 00:00:00-04:00,424.05096254653387,428.90444335840795,422.0905416332628,427.0772399902344,78097200,0.0,0.0,0.0
2022-04-08 00:00:00-04:00,426.3159005775825,428.847324230197,424.384028453536,425.93524169921875,79272700,0.0,0.0,0.0
2022-04-11 00:00:00-04:00,422.6424959229476,423.4894888409876,418.1506802366311,418.6550598144531,89770500,0.0,0.0,0.0
2022-04-12 00:00:00-04:00,421.66222864964277,424.20317801901655,415.543051245929,417.1037902832031,84363600,0.0,0.0,0.0
2022-04-13 00:00:00-04:00,416.85639171438237,422.6424823274674,416.6755736599974,421.88116455078125,74070400,0.0,0.0,0.0
2022-04-14 00:00:00-04:00,422.10963521451754,423.23261835824854,416.52338436158425,416.6280822753906,97869500,0.0,0.0,0.0
2022-04-18 00:00:00-04:00,415.6953852419046,418.49327323513575,414.55337947398505,416.79931640625,66002500,0.0,0.0,0.0
2022-04-19 00:00:00-04:00,416.69460387093864,424.2508005610737,416.5233117244911,423.5275573730469,77821000,0.0,0.0,0.0
2022-04-20 00:00:00-04:00,425.31669441555556,425.93526876250127,422.04297557728086,423.2135009765625,65224400,0.0,0.0,0.0
2022-04-21 00:00:00-04:00,426.858436937082,428.25738109236596,415.971422473118,416.885009765625,85417300,0.0,0.0,0.0
2022-04-22 00:00:00-04:00,415.7905738552038,416.90400193315384,404.8750114975053,405.4460144042969,132471800,0.0,0.0,0.0
2022-04-25 00:00:00-04:00,403.1905607924802,407.96789249273206,398.5940181121625,407.7966003417969,119647700,0.0,0.0,0.0
2022-04-26 00:00:00-04:00,405.2461002067848,405.4459700798808,395.95790150521464,395.9864501953125,103996300,0.0,0.0,0.0
2022-04-27 00:00:00-04:00,397.07136585806654,402.47682703216395,394.9491786006419,397.09991455078125,122030000,0.0,0.0,0.0
2022-04-28 00:00:00-04:00,401.87720920320334,408.87192818953514,397.41391370918257,407.13037109375,105449100,0.0,0.0,0.0
2022-04-29 00:00:00-04:00,403.11438099832225,405.28416853943315,391.33280435997716,392.0846252441406,145491100,0.0,0.0,0.0
2022-05-02 00:00:00-04:00,392.15125493572873,395.8151583942883,385.44202233286774,394.44476318359375,158312500,0.0,0.0,0.0
2022-05-03 00:00:00-04:00,394.949188135608,398.6796862716554,393.3789228711486,396.2529602050781,100028200,0.0,0.0,0.0
2022-05-04 00:00:00-04:00,396.91908856806344,408.89101020954047,393.71199296660353,408.32000732421875,144247900,0.0,0.0,0.0
2022-05-05 00:00:00-04:00,404.0280289717598,404.45628842352716,389.6484322813437,393.80718994140625,172929100,0.0,0.0,0.0
2022-05-06 00:00:00-04:00,391.22815344103304,394.7492845104544,386.1177344614828,391.45654296875,151770800,0.0,0.0,0.0
2022-05-09 00:00:00-04:00,385.518165433874,386.76483995350577,377.3338689001923,378.92315673828125,155586100,0.0,0.0,0.0
2022-05-10 00:00:00-04:00,384.9377049207639,386.45084382634076,375.7351507959963,379.7987365722656,132497200,0.0,0.0,0.0
2022-05-11 00:00:00-04:00,378.82801491865814,384.5094369547044,373.01334629193383,373.7651672363281,142361000,0.0,0.0,0.0
2022-05-12 00:00:00-04:00,370.54853290829357,376.6677110229419,366.5325191403808,373.3749694824219,125090800,0.0,0.0,0.0
2022-05-13 00:00:00-04:00,377.53367958074386,383.6909315289105,376.4868459723986,382.301513671875,104174400,0.0,0.0,0.0
2022-05-16 00:00:00-04:00,380.64572786244787,384.44284945655585,378.38076794932533,380.7503967285156,78622400,0.0,0.0,0.0
2022-05-17 00:00:00-04:00,386.8790673085307,388.8204654969317,383.1199916115285,388.5825500488281,83029700,0.0,0.0,0.0
2022-05-18 00:00:00-04:00,383.9955711894613,384.28105813843507,371.67153814274644,372.918212890625,117674500,0.0,0.0,0.0
2022-05-19 00:00:00-04:00,369.8347933871943,375.0879849586097,368.39777481712775,370.6341857910156,98510700,0.0,0.0,0.0
2022-05-20 00:00:00-04:00,374.2409702417,377.8382503705659,362.1453579494886,370.79595947265625,131432200,0.0,0.0,0.0
2022-05-23 00:00:00-04:00,373.841289765687,378.50445579030895,371.5097357957892,377.7336120605469,76414900,0.0,0.0,0.0
2022-05-24 00:00:00-04:00,373.5843711400361,376.0491718307928,368.25505900539866,374.85009765625,91448800,0.0,0.0,0.0
2022-05-25 00:00:00-04:00,373.3464284608313,380.14130747166763,372.94674677926,378.1618347167969,91472900,0.0,0.0,0.0
2022-05-26 00:00:00-04:00,379.3990587608102,387.36446413953485,379.1896919831503,385.71807861328125,82168300,0.0,0.0,0.0
2022-05-27 00:00:00-04:00,388.1923230142516,395.30123699221343,387.99248219145227,395.1870422363281,84768700,0.0,0.0,0.0
2022-05-31 00:00:00-04:00,393.559813398238,396.3291533379149,390.20997357167255,392.96978759765625,95937000,0.0,0.0,0.0
2022-06-01 00:00:00-04:00,395.10145752548357,396.1197136185281,387.2597442421527,389.7911682128906,86585800,0.0,0.0,0.0
2022-06-02 00:00:00-04:00,389.62936602742064,397.261682798607,387.3644064181707,397.214111328125,79609600,0.0,0.0,0.0
2022-06-03 00:00:00-04:00,392.46538982023424,394.0261293882166,389.715101834593,390.6953125,71874300,0.0,0.0,0.0
2022-06-06 00:00:00-04:00,394.7302554523043,396.4717836582703,390.7047158358489,391.8847961425781,57508900,0.0,0.0,0.0
2022-06-07 00:00:00-04:00,388.37317895254336,396.1006679738038,387.9068449306309,395.64385986328125,59272400,0.0,0.0,0.0
2022-06-08 00:00:00-04:00,393.9213721220069,395.7200269110218,390.542984261338,391.3423767089844,64350000,0.0,0.0,0.0
2022-06-09 00:00:00-04:00,389.5532483489374,391.83723092273254,382.0351257324219,382.0351257324219,86289800,0.0,0.0,0.0
2022-06-10 00:00:00-04:00,375.7922219532442,376.64871177780395,370.9101921981159,370.957763671875,132893900,0.0,0.0,0.0
2022-06-13 00:00:00-04:00,361.48870349321516,363.3539522981892,355.2553019165645,356.8731384277344,170004900,0.0,0.0,0.0
2022-06-14 00:00:00-04:00,358.63375313073595,359.6710610018392,352.6763410025152,355.79779052734375,104011800,0.0,0.0,0.0
2022-06-15 00:00:00-04:00,359.1190645253872,365.34294051068093,354.132366242214,360.8701477050781,125666800,0.0,0.0,0.0
2022-06-16 00:00:00-04:00,352.60031044585145,353.0095181513756,346.4811014787665,348.9268798828125,134473300,0.0,0.0,0.0
2022-06-17 00:00:00-04:00,349.3444884854048,353.0433241630427,346.1522111714354,349.6789855957031,111113900,1.577,0.0,0.0
2022-06-21 00:00:00-04:00,355.4423391329134,359.87710948987325,355.36586097952295,358.481689453125,76811900,0.0,0.0,0.0
2022-06-22 00:00:00-04:00,354.2284748308788,361.9702395655686,353.80793250775906,357.8317565917969,90059400,0.0,0.0,0.0
2022-06-23 00:00:00-04:00,359.98229644033825,362.075412125392,356.3981482905159,361.3394775390625,79292100,0.0,0.0,0.0
2022-06-24 00:00:00-04:00,364.5316895529819,372.8373563670331,364.5030175396714,372.8277893066406,98050300,0.0,0.0,0.0
2022-06-27 00:00:00-04:00,373.7549404714028,374.05122770494137,370.30461467599525,371.40374755859375,66009600,0.0,0.0,0.0
2022-06-28 00:00:00-04:00,372.97123065680324,375.7716379636104,363.7002228194044,363.8149108886719,86548900,0.0,0.0,0.0
2022-06-29 00:00:00-04:00,364.3692980866065,365.3632808605973,361.6835786821953,363.5186462402344,65676000,0.0,0.0,0.0
2022-06-30 00:00:00-04:00,359.5999068333425,363.824434948563,356.08267034145877,360.56524658203125,112508300,0.0,0.0,0.0
2022-07-01 00:00:00-04:00,359.9057446860557,364.81843007945116,357.26780285347036,364.3787536621094,74839700,0.0,0.0,0.0
2022-07-05 00:00:00-04:00,359.25583998251113,365.08605916988233,356.4076268928465,365.0669250488281,81438000,0.0,0.0,0.0
2022-07-06 00:00:00-04:00,365.21027090818916,368.80398538246004,362.8113014064899,366.29986572265625,70426200,0.0,0.0,0.0
2022-07-07 00:00:00-04:00,368.08717508488957,372.588856304651,366.31898976819195,371.7860107421875,64525900,0.0,0.0,0.0
2022-07-08 00:00:00-04:00,370.1420585484228,373.3630368354056,368.60327860377,371.48016357421875,72397800,0.0,0.0,0.0
2022-07-11 00:00:00-04:00,368.784950091718,369.7598278720754,366.5388781210265,367.2366027832031,58366900,0.0,0.0,0.0
2022-07-12 00:00:00-04:00,366.68222474239093,369.0812237769976,362.22832004458195,363.9869384765625,62219200,0.0,0.0,0.0
2022-07-13 00:00:00-04:00,358.5103647242688,365.02874188620655,358.0898223804103,362.07537841796875,84224600,0.0,0.0,0.0
2022-07-14 00:00:00-04:00,357.0862050345725,362.28561057335287,354.62989149668186,361.196044921875,89704800,0.0,0.0,0.0
2022-07-15 00:00:00-04:00,365.63083084874444,368.21142877858375,363.7097475762236,368.09674072265625,79060400,0.0,0.0,0.0
2022-07-18 00:00:00-04:00,371.2029531162425,371.8815434697594,363.82438775459195,365.0573425292969,63203600,0.0,0.0,0.0
2022-07-19 00:00:00-04:00,369.0047239219697,375.4944289460288,368.34526757064066,374.92095947265625,78506000,0.0,0.0,0.0
2022-07-20 00:00:00-04:00,375.112067971432,378.73445423915484,373.73575311424617,377.3103332519531,71843800,0.0,0.0,0.0
2022-07-21 00:00:00-04:00,376.727385963775,381.20039537796225,374.30928210300607,381.1526184082031,64903900,0.0,0.0,0.0
2022-07-22 00:00:00-04:00,381.27683650306295,382.48109020201116,375.379706447606,377.6162109375,72197300,0.0,0.0,0.0
2022-07-25 00:00:00-04:00,378.24701376049046,378.9351712125053,375.81934314256796,378.0749816894531,53631500,0.0,0.0,0.0
2022-07-26 00:00:00-04:00,376.4215015974913,376.6317727497876,372.70356111063364,373.60198974609375,52946400,0.0,0.0,0.0
2022-07-27 00:00:00-04:00,376.9185166355963,385.0617188942185,376.622229425215,383.3031005859375,82342100,0.0,0.0,0.0
2022-07-28 00:00:00-04:00,384.1155033459912,388.8083216223466,380.5408936236829,388.1106262207031,73966600,0.0,0.0,0.0
2022-07-29 00:00:00-04:00,389.5538073856809,394.7627800425634,388.7796338655899,393.7687683105469,87003700,0.0,0.0,0.0
2022-08-01 00:00:00-04:00,391.0543751369848,395.1259759724364,390.33754564724285,392.60272216796875,69997500,0.0,0.0,0.0
2022-08-02 00:00:00-04:00,391.0257510803338,394.7341540955972,388.8274853760052,390.01263427734375,63435400,0.0,0.0,0.0
2022-08-03 00:00:00-04:00,392.1535151987035,397.2955768349463,391.8667950645836,396.1199951171875,67820600,0.0,0.0,0.0
2022-08-04 00:00:00-04:00,396.04352351122407,396.73168101234575,394.1988892262269,395.8523864746094,45656600,0.0,0.0,0.0
2022-08-05 00:00:00-04:00,391.54188809842543,395.83329862958556,391.4845440639503,395.1833801269531,56814900,0.0,0.0,0.0
2022-08-08 00:00:00-04:00,396.88460392248317,399.14978049896285,393.6158485349433,394.72454833984375,53886100,0.0,0.0,0.0
2022-08-09 00:00:00-04:00,393.9886220711849,394.4951804335551,392.0770766784118,393.1571044921875,44931800,0.0,0.0,0.0
2022-08-10 00:00:00-04:00,400.25847076574513,401.55833674211965,398.2895814324739,401.4149475097656,68665700,0.0,0.0,0.0
2022-08-11 00:00:00-04:00,404.28226547098006,406.1556008731708,400.66944600656456,401.4149475097656,59489700,0.0,0.0,0.0
2022-08-12 00:00:00-04:00,403.36479616220043,408.3156922971476,402.4090233561702,408.2105712890625,61694500,0.0,0.0,0.0
2022-08-15 00:00:00-04:00,405.9835628009623,410.4183621680162,405.92621877189424,409.8926696777344,54048300,0.0,0.0,0.0
2022-08-16 00:00:00-04:00,408.8126831825494,412.63577412947495,408.00027052275385,410.695556640625,59289000,0.0,0.0,0.0
2022-08-17 00:00:00-04:00,407.0731940094458,410.50441483821675,405.76378994911454,407.78045654296875,63563400,0.0,0.0,0.0
2022-08-18 00:00:00-04:00,407.98113277820636,409.65373505263557,406.68129586836983,408.9656066894531,49023200,0.0,0.0,0.0
2022-08-19 00:00:00-04:00,406.1843006902469,406.45191588489774,402.59058593247676,403.46990966796875,68016900,0.0,0.0,0.0
2022-08-22 00:00:00-04:00,398.6049753672203,398.7770366132457,394.1606383409212,395.0686340332031,77695600,0.0,0.0,0.0
2022-08-23 00:00:00-04:00,394.6385172888483,397.047083009488,393.5584895386079,394.11285400390625,49105200,0.0,0.0,0.0
2022-08-24 00:00:00-04:00,393.8834490469075,396.75076696965255,393.1953207466003,395.3744812011719,49177800,0.0,0.0,0.0
2022-08-25 00:00:00-04:00,396.87506946158845,401.00401476357194,395.7759366268872,400.95623779296875,50942300,0.0,0.0,0.0
2022-08-26 00:00:00-04:00,400.8415749139839,401.38634325099304,387.3269333082754,387.38427734375,103087000,0.0,0.0,0.0
2022-08-29 00:00:00-04:00,384.4118091443674,387.89080676379103,383.45603640076416,384.8227844238281,65370800,0.0,0.0,0.0
2022-08-30 00:00:00-04:00,385.9888390253207,386.22778221783756,378.48601694671703,380.5982666015625,85652400,0.0,0.0,0.0
2022-08-31 00:00:00-04:00,382.2421293275236,383.4941891014368,377.5684164758026,377.70220947265625,76029700,0.0,0.0,0.0
2022-09-01 00:00:00-04:00,375.51351399684165,379.23145427505926,372.7895562301846,378.88739013671875,78740100,0.0,0.0,0.0
2022-09-02 00:00:00-04:00,382.5766935921417,383.80008147631963,373.06674359969566,374.89227294921875,99632100,0.0,0.0,0.0
2022-09-06 00:00:00-04:00,375.7428986338187,376.6891042036381,371.2412177142992,373.47772216796875,76637400,0.0,0.0,0.0
2022-09-07 00:00:00-04:00,373.1623208208597,380.9614293975106,372.94251177167763,380.187255859375,70964200,0.0,0.0,0.0
2022-09-08 00:00:00-04:00,377.90300550827914,383.13105450337366,376.6891554358631,382.67230224609375,80821700,0.0,0.0,0.0
2022-09-09 00:00:00-04:00,384.92785946531717,389.4869135753977,384.6602442957758,388.6171569824219,76706900,0.0,0.0,0.0
2022-09-12 00:00:00-04:00,390.7007095007001,393.5202502457577,390.39485527840196,392.7938537597656,69256300,0.0,0.0,0.0
2022-09-13 00:00:00-04:00,384.0581723305881,385.27202245699795,374.58648952712116,375.71429443359375,122947100,0.0,0.0,0.0
2022-09-14 00:00:00-04:00,377.023694089042,378.67719151815356,373.8218494051375,377.14794921875,85023700,0.0,0.0,0.0
2022-09-15 00:00:00-04:00,375.5804187036109,378.44773670191057,371.58529595960147,372.86602783203125,87633800,0.0,0.0,0.0
2022-09-16 00:00:00-04:00,368.65872841605665,370.683678921136,366.7105116443199,370.021484375,103084800,1.596,0.0,0.0
2022-09-19 00:00:00-04:00,366.8545062926547,372.8909912109375,366.777713980512,372.8909912109375,73278500,0.0,0.0,0.0
2022-09-20 00:00:00-04:00,369.54162680416874,370.5589052145328,365.8372034018401,368.6107177734375,77274900,0.0,0.0,0.0
2022-09-21 00:00:00-04:00,370.5492388536138,373.62028630802774,362.17108822133537,362.1806945800781,106746600,0.0,0.0,0.0
2022-09-22 00:00:00-04:00,361.4034253163003,363.0541087165745,358.38998577942874,359.1385498046875,89472600,0.0,0.0,0.0
2022-09-23 00:00:00-04:00,355.64513781028626,355.6835339595331,348.64895524751574,353.12115478515625,122346900,0.0,0.0,0.0
2022-09-26 00:00:00-04:00,351.64321130311765,355.2900547219027,348.39942494539457,349.6278381347656,92581200,0.0,0.0,0.0
2022-09-27 00:00:00-04:00,353.18836963299145,355.4724576428084,346.32652853041117,348.7353820800781,108294100,0.0,0.0,0.0
2022-09-28 00:00:00-04:00,349.69505666919423,357.29585483449654,347.9867939608782,355.5971984863281,110802200,0.0,0.0,0.0
2022-09-29 00:00:00-04:00,352.02710696802205,352.3150048868012,345.2036627038134,348.16912841796875,112952300,0.0,0.0,0.0
2022-09-30 00:00:00-04:00,347.2189902324546,351.1633672586334,342.6508441744176,342.7851867675781,153711200,0.0,0.0,0.0
2022-10-03 00:00:00-04:00,346.52810130831574,353.69705399482245,344.7334688681012,351.8352355957031,89756500,0.0,0.0,0.0
2022-10-04 00:00:00-04:00,357.3918663111372,362.76618603587264,351.796834582404,362.7373962402344,103602800,0.0,0.0,0.0
2022-10-05 00:00:00-04:00,358.3418937900645,364.1672423500718,356.00022673576706,361.89276123046875,88065700,0.0,0.0,0.0
2022-10-06 00:00:00-04:00,360.4820923637906,363.45716478022894,357.66057528426956,358.1596374511719,82333500,0.0,0.0,0.0
2022-10-07 00:00:00-04:00,354.10005984627946,358.2459656027944,346.39367981834397,348.16912841796875,107789500,0.0,0.0,0.0
2022-10-10 00:00:00-04:00,349.29198855289724,349.5319132676691,343.25550381637066,345.5107727050781,76042800,0.0,0.0,0.0
2022-10-11 00:00:00-04:00,343.8024812254494,348.3994465775248,341.37444448602633,343.3226318359375,92482800,0.0,0.0,0.0
2022-10-12 00:00:00-04:00,343.73534642652606,345.3188436550682,341.94068499398173,342.1902160644531,76991800,0.0,0.0,0.0
2022-10-13 00:00:00-04:00,335.136445332835,352.6989528102633,334.080770683205,351.22100830078125,147254500,0.0,0.0,0.0
2022-10-14 00:00:00-04:00,353.69705991841624,355.33816631960315,342.5741518599308,343.2171630859375,123737000,0.0,0.0,0.0
2022-10-17 00:00:00-04:00,349.34005227570486,353.1500585853336,342.88126727884804,352.03680419921875,93168200,0.0,0.0,0.0
2022-10-18 00:00:00-04:00,360.0118608689949,360.3189715527156,352.7085368516379,356.1730651855469,97162900,0.0,0.0,0.0
2022-10-19 00:00:00-04:00,354.119229828446,356.8639834631826,350.81786380931635,353.64898681640625,79746900,0.0,0.0,0.0
2022-10-20 00:00:00-04:00,353.19800029085746,357.6510174377863,349.91581702413947,350.68359375,88283100,0.0,0.0,0.0
2022-10-21 00:00:00-04:00,350.40526696150266,359.6951455304752,348.88895554592915,359.2057189941406,131038400,0.0,0.0,0.0
2022-10-24 00:00:00-04:00,360.74119058174347,364.74311811664273,358.07319984156703,363.60107421875,85436900,0.0,0.0,0.0
2022-10-25 00:00:00-04:00,363.5243290667268,369.7239753258904,363.4091698928235,369.40728759765625,78846300,0.0,0.0,0.0
2022-10-26 00:00:00-04:00,366.2402718239104,371.96006879080073,365.98116367700555,366.6241455078125,104087300,0.0,0.0,0.0
2022-10-27 00:00:00-04:00,367.63187855211686,369.48409047010387,364.0425846147799,364.6664123535156,81971800,0.0,0.0,0.0
2022-10-28 00:00:00-04:00,364.56083207943925,373.821921003766,364.3784869376104,373.3420715332031,100302000,0.0,0.0,0.0
2022-10-31 00:00:00-04:00,370.8660965457025,372.74709844927213,369.7336587161435,370.6453552246094,96631300,0.0,0.0,0.0
2022-11-01 00:00:00-04:00,374.41690838728033,374.6568330901621,367.8429656707828,369.02337646484375,85407600,0.0,0.0,0.0
2022-11-02 00:00:00-04:00,368.4283779164603,372.96776396211317,359.65674576993126,359.7622985839844,126990400,0.0,0.0,0.0
2022-11-03 00:00:00-04:00,356.4993756866119,359.11936440453087,353.9273894895541,356.05792236328125,87100100,0.0,0.0,0.0
2022-11-04 00:00:00-04:00,361.8064766351798,363.6011088491708,355.0885844960651,361.18267822265625,103505200,0.0,0.0,0.0
2022-11-07 00:00:00-05:00,362.48785833767766,365.23261238356014,360.39572179346936,364.6376037597656,68286900,0.0,0.0,0.0
2022-11-08 00:00:00-05:00,365.75077349515095,369.59917482251973,362.4974099894576,366.60491943359375,84641100,0.0,0.0,0.0
2022-11-09 00:00:00-05:00,364.6184274427909,365.7796842989129,358.55312284350373,359.05218505859375,78495500,0.0,0.0,0.0
2022-11-10 00:00:00-05:00,372.4110644321962,379.11937818178154,370.0982163656045,378.7834777832031,141455800,0.0,0.0,0.0
2022-11-11 00:00:00-05:00,379.64728182249047,383.25575903465506,377.7470674695065,382.4496154785156,93839900,0.0,0.0,0.0
2022-11-14 00:00:00-05:00,380.67411127388954,384.05224034438396,378.91784615297826,379.1961669921875,71903500,0.0,0.0,0.0
2022-11-15 00:00:00-05:00,384.9831918867859,386.0964460790681,378.5915939637452,382.4303894042969,93194500,0.0,0.0,0.0
2022-11-16 00:00:00-05:00,380.7892648554877,381.7489635954116,378.87947373509724,379.51287841796875,68508500,0.0,0.0,0.0
2022-11-17 00:00:00-05:00,374.7239634536469,379.0330307306577,374.4168821141458,378.35162353515625,74496300,0.0,0.0,0.0
2022-11-18 00:00:00-05:00,381.71062645898184,381.77781241020716,377.20005925659984,380.0695495605469,92922500,0.0,0.0,0.0
2022-11-21 00:00:00-05:00,378.73553302822825,379.8679705369526,376.8353189382385,378.6875305175781,51243200,0.0,0.0,0.0
2022-11-22 00:00:00-05:00,380.64542513454796,383.94679209028254,379.2250600482981,383.78363037109375,60429000,0.0,0.0,0.0
2022-11-23 00:00:00-05:00,383.4476054500299,386.6913917554256,383.2172871331384,386.20196533203125,68261600,0.0,0.0,0.0
2022-11-25 00:00:00-05:00,385.63578167146966,386.6722728457926,385.3574900880163,386.1156311035156,30545400,0.0,0.0,0.0
2022-11-28 00:00:00-05:00,383.0062423054111,384.6569256358559,379.18663002197724,379.95440673828125,67881600,0.0,0.0,0.0
2022-11-29 00:00:00-05:00,380.088719131137,381.2883426977517,377.4495472845846,379.3017883300781,52310000,0.0,0.0,0.0
2022-11-30 00:00:00-05:00,379.55123967258356,391.2499694824219,377.6222651494603,391.2499694824219,144566700,0.0,0.0,0.0
2022-12-01 00:00:00-05:00,392.2960938761709,393.47653402180293,388.43811498859696,390.9621276855469,76398200,0.0,0.0,0.0
2022-12-02 00:00:00-05:00,386.03887754997197,391.4227742514983,385.93332473042165,390.5110778808594,85342700,0.0,0.0,0.0
2022-12-05 00:00:00-05:00,387.67035561157707,388.61084172454196,382.1232975239638,383.4860534667969,77289800,0.0,0.0,0.0
2022-12-06 00:00:00-05:00,383.3229333436655,383.8699394377877,375.85647734939226,377.95819091796875,77972200,0.0,0.0,0.0
2022-12-07 00:00:00-05:00,377.1040811388482,379.6952798360285,376.1731720515471,377.3152160644531,65927900,0.0,0.0,0.0
2022-12-08 00:00:00-05:00,379.2153814073586,381.34588453457974,377.42072012771035,380.2710266113281,60737900,0.0,0.0,0.0
2022-12-09 00:00:00-05:00,379.0234624767511,381.59544834069925,377.3055933514023,377.43035888671875,81447700,0.0,0.0,0.0
2022-12-12 00:00:00-05:00,378.2269187659114,382.87188720703125,377.55514710968646,382.87188720703125,75405800,0.0,0.0,0.0
2022-12-13 00:00:00-05:00,393.6876569846706,393.94676512636966,382.98702083958256,385.7701416015625,123782500,0.0,0.0,0.0
2022-12-14 00:00:00-05:00,385.42466786033674,389.1579107042202,380.33827531713183,383.3037414550781,108111300,0.0,0.0,0.0
2022-12-15 00:00:00-05:00,378.4092368505697,379.32096245389425,372.25759312511184,373.9274597167969,117705900,0.0,0.0,0.0
2022-12-16 00:00:00-05:00,371.35429365121104,372.70403599097625,367.36291063060696,369.5128479003906,119858000,1.781,0.0,0.0
2022-12-19 00:00:00-05:00,369.7056321640907,370.04307506014413,364.7019209808815,366.37945556640625,79878100,0.0,0.0,0.0
2022-12-20 00:00:00-05:00,365.61788302748334,368.51020066402714,364.287412207125,366.880859375,74427200,0.0,0.0,0.0
2022-12-21 00:00:00-05:00,369.4935616824767,373.5042454912828,368.9536647680389,372.3666076660156,78167400,0.0,0.0,0.0
2022-12-22 00:00:00-05:00,369.3007053164615,372.34728309588786,361.31791067696275,367.0543518066406,100120900,0.0,0.0,0.0
2022-12-23 00:00:00-05:00,366.022746766656,369.3103509467049,364.4609001393037,369.1657409667969,59857300,0.0,0.0,0.0
2022-12-27 00:00:00-05:00,369.0500209181256,369.3970848397503,366.02271496493717,367.70989990234375,51638200,0.0,0.0,0.0
2022-12-28 00:00:00-05:00,367.6424639600623,369.62854904232535,362.9087302165946,363.1401062011719,70911500,0.0,0.0,0.0
2022-12-29 00:00:00-05:00,366.00348658061273,370.5540670964372,365.4732107416271,369.6767272949219,66970900,0.0,0.0,0.0
2022-12-30 00:00:00-05:00,366.9772138469204,368.84755186749146,364.84651903067794,368.70294189453125,84022200,0.0,0.0,0.0
2023-01-03 00:00:00-05:00,370.5733204614803,372.55937594221024,364.26806065159514,367.1507568359375,74850700,0.0,0.0,0.0
2023-01-04 00:00:00-05:00,369.42603168461426,372.0291289605922,366.36018248200725,369.9852294921875,85934100,0.0,0.0,0.0
2023-01-05 00:00:00-05:00,368.01845513957085,368.1341431242466,365.1647103029351,365.762451171875,76970500,0.0,0.0,0.0
2023-01-06 00:00:00-05:00,368.87642668054553,375.2781019383711,365.7913064373715,374.15008544921875,104189600,0.0,0.0,0.0
2023-01-09 00:00:00-05:00,376.35790278073966,379.5683909428265,373.75483528349537,373.93798828125,73978100,0.0,0.0,0.0
2023-01-10 00:00:00-05:00,373.3499654843039,376.6279192710031,372.4051312224063,376.5604248046875,65358100,0.0,0.0,0.0
2023-01-11 00:00:00-05:00,378.15123318011456,381.40026505855445,377.3317373555937,381.3231201171875,68881100,0.0,0.0,0.0
2023-01-12 00:00:00-05:00,382.4318257911068,384.1864758264008,378.3343765143963,382.7113952636719,90157700,0.0,0.0,0.0
2023-01-13 00:00:00-05:00,379.49135605479535,384.7746669287201,379.2214075822402,384.1961975097656,63903900,0.0,0.0,0.0
2023-01-17 00:00:00-05:00,384.1768457939094,385.8640307507539,382.80780276888623,383.4923095703125,62677300,0.0,0.0,0.0
2023-01-18 00:00:00-05:00,384.6879002932957,385.7580437077421,377.2353511772438,377.43780517578125,99632300,0.0,0.0,0.0
2023-01-19 00:00:00-05:00,375.38422192811305,377.042485088787,373.359623276345,374.6900939941406,86958900,0.0,0.0,0.0
2023-01-20 00:00:00-05:00,376.09766636535863,381.82445698690145,374.43940326581804,381.6701965332031,91806400,0.0,0.0,0.0
2023-01-23 00:00:00-05:00,382.48009821643143,388.19723920775175,381.5159923053618,386.249755859375,84178800,0.0,0.0,0.0
2023-01-24 00:00:00-05:00,384.56254777187587,386.751057468591,383.3670659279474,385.8351745605469,59524900,0.0,0.0,0.0
2023-01-25 00:00:00-05:00,381.73773734911055,386.31724030783295,379.4335101588138,385.97979736328125,84800300,0.0,0.0,0.0
2023-01-26 00:00:00-05:00,388.659985548013,390.38574321123235,385.6712516090908,390.2218322753906,72287400,0.0,0.0,0.0
2023-01-27 00:00:00-05:00,389.17092520697304,393.5094010221229,388.9588207680121,391.118408203125,68346200,0.0,0.0,0.0
2023-01-30 00:00:00-05:00,388.34181677031853,390.5881998318813,385.91228066935525,386.2111511230469,74202000,0.0,0.0,0.0
2023-01-31 00:00:00-05:00,386.73176802559715,391.9379335118338,386.3846746346884,391.8897399902344,86811800,0.0,0.0,0.0
2023-02-01 00:00:00-05:00,390.66524880330775,398.82160392417006,387.9079207203307,396.0545959472656,101459200,0.0,0.0,0.0
2023-02-02 00:00:00-05:00,399.9689112738937,403.2950879962849,398.0600006524984,401.82000732421875,101654500,0.0,0.0,0.0
2023-02-03 00:00:00-05:00,396.81625098527127,402.00314422095505,396.3341981480839,397.5489807128906,94736800,0.0,0.0,0.0
2023-02-06 00:00:00-05:00,395.08087224021995,396.5270307506839,393.4515312979903,395.1194152832031,60295300,0.0,0.0,0.0
2023-02-07 00:00:00-05:00,394.1939533544685,401.5404352084988,392.94062752096966,400.287109375,90990700,0.0,0.0,0.0
2023-02-08 00:00:00-05:00,398.3010578170527,399.6508001337971,395.2159073026291,395.9100646972656,76227500,0.0,0.0,0.0
2023-02-09 00:00:00-05:00,399.535106072918,399.6893665385149,391.24378993568155,392.47784423828125,78694900,0.0,0.0,0.0
2023-02-10 00:00:00-05:00,391.291934439339,393.779343679984,390.47246811289244,393.3937072753906,70769700,0.0,0.0,0.0
2023-02-13 00:00:00-05:00,394.0493191164229,398.1467687182115,393.58653774588544,398.01177978515625,64913500,0.0,0.0,0.0
2023-02-14 00:00:00-05:00,396.4788416851024,400.15208226171416,393.8468518013947,397.82861328125,88389300,0.0,0.0,0.0
2023-02-15 00:00:00-05:00,395.6207750426767,399.19759890773946,394.77235732950186,399.1204833984375,61555700,0.0,0.0,0.0
2023-02-16 00:00:00-05:00,394.1168254524312,398.0889367137734,393.49016255536645,393.6251220703125,76431500,0.0,0.0,0.0
2023-02-17 00:00:00-05:00,391.48478494487125,392.8827500742858,389.5469229403303,392.6417236328125,89257800,0.0,0.0,0.0
2023-02-21 00:00:00-05:00,388.59245455177944,389.65297674295755,384.5046556572443,384.76495361328125,82655900,0.0,0.0,0.0
2023-02-22 00:00:00-05:00,385.17954608304234,386.73177175063176,382.7692815363674,384.2347412109375,83742300,0.0,0.0,0.0
2023-02-23 00:00:00-05:00,387.1463453922965,387.76338726311667,382.0269456479242,386.2786560058594,96242400,0.0,0.0,0.0
2023-02-24 00:00:00-05:00,381.22671889051696,382.99101951483533,379.5106117861291,382.1522521972656,108194400,0.0,0.0,0.0
2023-02-27 00:00:00-05:00,385.51696742365004,386.8860105552823,382.50896214532895,383.45379638671875,80444700,0.0,0.0,0.0
2023-02-28 00:00:00-05:00,382.97177442031335,384.9481796286304,381.93052363396237,382.0365905761719,96438600,0.0,0.0,0.0
2023-03-01 00:00:00-05:00,381.2171003443828,382.4511546641235,379.25996663208684,380.5711364746094,99706800,0.0,0.0,0.0
2023-03-02 00:00:00-05:00,378.5850469951666,384.37933209244466,378.24760409097087,383.5309143066406,85127800,0.0,0.0,0.0
2023-03-03 00:00:00-05:00,385.36271082218923,389.9325921996263,384.7071259569614,389.6819152832031,90120000,0.0,0.0,0.0
2023-03-06 00:00:00-05:00,390.5110421970763,392.82491965289546,389.50839334987364,389.9518737792969,72795900,0.0,0.0,0.0
2023-03-07 00:00:00-05:00,389.9037317733199,390.1447582549649,383.3574442936306,383.9744567871094,108310600,0.0,0.0,0.0
2023-03-08 00:00:00-05:00,384.0900384000722,385.3626354123171,382.354630692555,384.60101318359375,74746600,0.0,0.0,0.0
2023-03-09 00:00:00-05:00,385.3916270787408,387.06919110818103,376.51222126754647,377.5052490234375,111945300,0.0,0.0,0.0
2023-03-10 00:00:00-05:00,376.95571949761853,379.0478420414227,370.52515025100536,372.0580749511719,189253000,0.0,0.0,0.0
2023-03-13 00:00:00-04:00,368.10520741419566,376.3772510764091,366.986841233707,371.52777099609375,157790000,0.0,0.0,0.0
2023-03-14 00:00:00-04:00,376.48332868372586,379.3274526667239,373.1571517830789,377.669189453125,149752400,0.0,0.0,0.0
2023-03-15 00:00:00-04:00,372.03879508070304,375.50955236508713,369.9370221108989,375.3070983886719,172996900,0.0,0.0,0.0
2023-03-16 00:00:00-04:00,372.93538568701246,382.23900010074755,372.4244108267978,381.89190673828125,143254200,0.0,0.0,0.0
2023-03-17 00:00:00-04:00,380.55256258745186,381.69454223042266,376.03299193559013,377.4266052246094,140553400,1.506,0.0,0.0
2023-03-20 00:00:00-04:00,378.21049490172476,381.471956270632,377.5040305133461,381.0557861328125,93055800,0.0,0.0,0.0
2023-03-21 00:00:00-04:00,384.44305057513634,386.5431578212749,382.8365233182741,386.05926513671875,91524200,0.0,0.0,0.0
2023-03-22 00:00:00-04:00,385.88506587163084,389.52391872903036,379.43961185250384,379.4783020019531,111746600,0.0,0.0,0.0
2023-03-23 00:00:00-04:00,382.3623122499542,386.4270225535405,377.775019119637,380.5041809082031,119351300,0.0,0.0,0.0
2023-03-24 00:00:00-04:00,379.2169632638439,383.08810420716753,376.8555649256596,383.0010070800781,107682400,0.0,0.0,0.0
2023-03-27 00:00:00-04:00,385.29474969298764,386.0689957959025,382.81722123259794,383.7172546386719,74010400,0.0,0.0,0.0
2023-03-28 00:00:00-04:00,383.0204029687121,383.717209612336,381.0074224062795,382.85589599609375,62871700,0.0,0.0,0.0
2023-03-29 00:00:00-04:00,387.0463557015899,388.6625700966461,385.8366241148439,388.4206237792969,77497900,0.0,0.0,0.0
2023-03-30 00:00:00-04:00,391.0723977537644,391.3240314081579,388.8174707726271,390.6949768066406,69840000,0.0,0.0,0.0
2023-03-31 00:00:00-04:00,391.6239946355286,396.50164071247474,391.5175228968931,396.2016296386719,112062600,0.0,0.0,0.0
2023-04-03 00:00:00-04:00,395.6790401531173,398.11784856510405,395.2822446216,397.7113952636719,67391100,0.0,0.0,0.0
2023-04-04 00:00:00-04:00,398.35973988328044,398.65009316438295,394.120835975544,395.5047912597656,66601500,0.0,0.0,0.0
2023-04-05 00:00:00-04:00,394.7693409413385,395.5338996670793,392.8047377861813,394.4693298339844,65200200,0.0,0.0,0.0
2023-04-06 00:00:00-04:00,393.6659729570593,396.28869209911693,392.6110906391287,396.0080261230469,63743300,0.0,0.0,0.0
2023-04-10 00:00:00-04:00,393.5111643804643,396.49195962652357,392.89179714996766,396.4145202636719,63681000,0.0,0.0,0.0
2023-04-11 00:00:00-04:00,397.0436084277674,397.9339543685014,395.74677966402794,396.52099609375,59297900,0.0,0.0,0.0
2023-04-12 00:00:00-04:00,398.601701336913,398.8920546290536,394.31441981990406,394.9047546386719,86420400,0.0,0.0,0.0
2023-04-13 00:00:00-04:00,395.9984303234576,400.508313916322,394.8467633130636,400.1502380371094,85814800,0.0,0.0,0.0
2023-04-14 00:00:00-04:00,399.51146026504716,401.7180096391091,396.8500506038799,399.1727294921875,78161500,0.0,0.0,0.0
2023-04-17 00:00:00-04:00,399.08558112292343,400.6243560580641,397.8468172392244,400.6050109863281,66436400,0.0,0.0,0.0
2023-04-18 00:00:00-04:00,402.19222473589707,402.3277288621067,399.4824375563558,400.8663635253906,63560000,0.0,0.0,0.0
2023-04-19 00:00:00-04:00,398.9404841245776,401.70833609042796,398.8824193654665,400.79864501953125,55227300,0.0,0.0,0.0
2023-04-20 00:00:00-04:00,397.96299052247997,400.37279603669873,397.05326996496933,398.6114196777344,75840400,0.0,0.0,0.0
2023-04-21 00:00:00-04:00,398.9113942396915,399.38559954889513,396.95647871767505,398.92108154296875,73457400,0.0,0.0,0.0
2023-04-24 00:00:00-04:00,398.7178834626923,399.76310819720845,397.3726771619574,399.3372802734375,64332100,0.0,0.0,0.0
2023-04-25 00:00:00-04:00,397.35329455714714,397.91462659739824,392.94019574001607,392.9982604980469,97766700,0.0,0.0,0.0
2023-04-26 00:00:00-04:00,393.61766803712607,394.7015829292316,390.77237667811613,391.33367919921875,80447000,0.0,0.0,0.0
2023-04-27 00:00:00-04:00,393.88863685118326,399.3953378470688,393.637003209537,399.1243591308594,92968400,0.0,0.0,0.0
2023-04-28 00:00:00-04:00,398.23397560047187,402.5406321285379,398.17591084348595,402.53094482421875,89433100,0.0,0.0,0.0
2023-05-01 00:00:00-04:00,402.08576151935387,404.1664940165015,401.89219264472746,402.1244812011719,62122300,0.0,0.0,0.0
2023-05-02 00:00:00-04:00,401.4083702920991,401.4567772864652,394.6822789705996,397.60498046875,103998500,0.0,0.0,0.0
2023-05-03 00:00:00-04:00,398.10813165652803,400.53728211796295,394.63378610609743,394.875732421875,91531800,0.0,0.0,0.0
2023-05-04 00:00:00-04:00,393.82092042824337,394.1499639323849,390.73368252429293,392.07891845703125,94901900,0.0,0.0,0.0
2023-05-05 00:00:00-04:00,395.73711753076117,400.3921627781765,395.4758261143649,399.3372802734375,87891800,0.0,0.0,0.0
2023-05-08 00:00:00-04:00,399.66632685423826,399.92761827266156,398.0307672103537,399.4437255859375,50046800,0.0,0.0,0.0
2023-05-09 00:00:00-04:00,397.8856160128228,398.81468172667087,397.45978807429526,397.6920471191406,49220100,0.0,0.0,0.0
2023-05-10 00:00:00-04:00,400.5469273983255,401.18566914910036,395.69831428780594,399.55010986328125,96142900,0.0,0.0,0.0
2023-05-11 00:00:00-04:00,398.6791687702352,399.1436868152329,396.7629432312285,398.8533630371094,70157100,0.0,0.0,0.0
2023-05-12 00:00:00-04:00,400.1017825031055,400.3146964349357,395.8919108486453,398.3307189941406,70481500,0.0,0.0,0.0
2023-05-15 00:00:00-04:00,398.94045843149956,400.11147037744496,397.0145751312598,399.70501708984375,54289400,0.0,0.0,0.0
2023-05-16 00:00:00-04:00,398.59205576699367,399.52115095776804,397.0242482424509,397.033935546875,57705500,0.0,0.0,0.0
2023-05-17 00:00:00-04:00,399.0662285205028,402.46313444985947,397.41132411725414,401.85345458984375,87287000,0.0,0.0,0.0
2023-05-18 00:00:00-04:00,401.5340828231659,406.1504372355665,401.3115111240932,405.724609375,97177200,0.0,0.0,0.0
2023-05-19 00:00:00-04:00,406.6343622786256,407.16663237955544,403.9052006458144,405.13427734375,103793300,0.0,0.0,0.0
2023-05-22 00:00:00-04:00,405.15369673850194,406.8473211998134,403.90524529451307,405.2988586425781,60745400,0.0,0.0,0.0
2023-05-23 00:00:00-04:00,403.6439129734893,405.2310951719678,400.35344859100536,400.750244140625,86383500,0.0,0.0,0.0
2023-05-24 00:00:00-04:00,399.1340338050808,399.5211420253495,396.675850827955,397.84686279296875,89213700,0.0,0.0,0.0
2023-05-25 00:00:00-04:00,401.3792724272558,402.7535405708676,399.1243456365869,401.29217529296875,90961600,0.0,0.0,0.0
2023-05-26 00:00:00-04:00,401.9502508937604,407.21500522616986,401.87284106584104,406.4891662597656,93830000,0.0,0.0,0.0
2023-05-30 00:00:00-04:00,408.4344517806016,408.96672191153294,405.2504296961872,406.64404296875,72216000,0.0,0.0,0.0
2023-05-31 00:00:00-04:00,404.8052397175947,405.71496027497034,402.8116043346985,404.38909912109375,110811800,0.0,0.0,0.0
2023-06-01 00:00:00-04:00,404.62135138074683,409.29577090573645,403.36324230811454,408.231201171875,88865000,0.0,0.0,0.0
2023-06-02 00:00:00-04:00,410.82489609425363,414.9282966772401,410.2926259460805,414.1347351074219,91426200,0.0,0.0,0.0
2023-06-05 00:00:00-04:00,414.483074501714,415.77990322015285,412.6346010907747,413.3410949707031,65460200,0.0,0.0,0.0
2023-06-06 00:00:00-04:00,412.9249760418941,414.77342001528297,412.26685957720514,414.24114990234375,64022200,0.0,0.0,0.0
2023-06-07 00:00:00-04:00,414.6379357642491,415.7799153285168,412.3829794788346,412.8088073730469,85373300,0.0,0.0,0.0
2023-06-08 00:00:00-04:00,412.87657445833014,415.7605853860068,412.10235800492956,415.30572509765625,61952800,0.0,0.0,0.0
2023-06-09 00:00:00-04:00,416.1089985986148,418.07360176169277,415.0541160661706,416.0509338378906,85742800,0.0,0.0,0.0
2023-06-12 00:00:00-04:00,417.03812008921574,419.9027567582966,416.31228100001,419.8253173828125,76104300,0.0,0.0,0.0
2023-06-13 00:00:00-04:00,421.296280445145,423.2415087064856,420.62850626254004,422.5931091308594,95899700,0.0,0.0,0.0
2023-06-14 00:00:00-04:00,422.9318980541187,424.91584626787477,419.62205906178525,423.0964050292969,100612100,0.0,0.0,0.0
2023-06-15 00:00:00-04:00,422.273733813195,429.5998753944857,422.1769789137767,428.3417663574219,110303100,0.0,0.0,0.0
2023-06-16 00:00:00-04:00,430.34086274361755,430.9139735272386,426.4067846339422,426.88275146484375,114165800,1.638,0.0,0.0
2023-06-20 00:00:00-04:00,424.9303214367884,425.8239747064654,422.5795680820443,424.66802978515625,76160400,0.0,0.0,0.0
2023-06-21 00:00:00-04:00,423.6771809472652,424.48341344957873,421.89953862518064,422.4920959472656,76982300,0.0,0.0,0.0
2023-06-22 00:00:00-04:00,421.5304807898792,424.12404951475344,421.190491765927,424.0172119140625,70637200,0.0,0.0,0.0
2023-06-23 00:00:00-04:00,420.5396602134283,422.60870496621754,420.09283358212,420.8116455078125,92074500,0.0,0.0,0.0
2023-06-26 00:00:00-04:00,420.2385373041195,422.1715745996257,418.84947060075757,419.0923156738281,72823600,0.0,0.0,0.0
2023-06-27 00:00:00-04:00,419.97621039079377,424.30855752445046,419.51966053821275,423.6868896484375,72813700,0.0,0.0,0.0
2023-06-28 00:00:00-04:00,422.59898958838187,424.92060274519406,421.9773216085118,423.9006652832031,75636000,0.0,0.0,0.0
2023-06-29 00:00:00-04:00,423.48291903838407,425.73652829865455,423.0749559403356,425.5713806152344,67882300,0.0,0.0,0.0
2023-06-30 00:00:00-04:00,428.8060782941297,431.58421143974317,428.4855062270689,430.5934143066406,104964000,0.0,0.0,0.0
2023-07-03 00:00:00-04:00,430.2437710782913,431.37054612778695,429.9620624938304,431.0888671875,32793400,0.0,0.0,0.0
2023-07-05 00:00:00-04:00,429.26266876322654,431.18601241493894,429.2529454741625,430.44775390625,58418400,0.0,0.0,0.0
2023-07-06 00:00:00-04:00,426.84390460309635,427.50443603080225,424.55143189423796,427.0770263671875,80658300,0.0,0.0,0.0
2023-07-07 00:00:00-04:00,426.07647579127547,429.9717196410038,425.75590374416004,425.9987487792969,86134200,0.0,0.0,0.0
2023-07-10 00:00:00-04:00,425.6393729855586,427.2518676902559,425.0662622193869,427.0770263671875,62443500,0.0,0.0,0.0
2023-07-11 00:00:00-04:00,427.84445133494313,430.2923189408992,426.86334777712636,429.7969055175781,64463800,0.0,0.0,0.0
2023-07-12 00:00:00-04:00,433.6144099305762,434.67321076251943,432.1767566017201,433.2549743652344,91924500,0.0,0.0,0.0
2023-07-13 00:00:00-04:00,435.081200324676,437.49023397382445,434.64409700643694,436.6936950683594,72425200,0.0,0.0,0.0
2023-07-14 00:00:00-04:00,437.58735998371753,438.4421496523937,435.65429324174744,436.42169189453125,69815800,0.0,0.0,0.0
2023-07-17 00:00:00-04:00,436.2760512119092,438.99590427110684,436.22746440903154,437.9371032714844,52680200,0.0,0.0,0.0
2023-07-18 00:00:00-04:00,437.60682744718133,441.84203134821007,437.16969445221696,441.19122314453125,80668200,0.0,0.0,0.0
2023-07-19 00:00:00-04:00,441.9877376268143,443.3670809829132,441.11347168531273,442.17230224609375,65891700,0.0,0.0,0.0
2023-07-20 00:00:00-04:00,441.1718059778391,442.0751825465034,438.5199270744131,439.2387390136719,70591600,0.0,0.0,0.0
2023-07-21 00:00:00-04:00,440.9677947700702,441.1718059778391,439.2290453686645,439.2387390136719,71275600,0.0,0.0,0.0
2023-07-24 00:00:00-04:00,440.39469597638623,442.01691417279216,439.3553119074868,441.2009582519531,54023400,0.0,0.0,0.0
2023-07-25 00:00:00-04:00,440.928938708636,443.66820850012533,440.88035190934755,442.4054260253906,55191200,0.0,0.0,0.0
2023-07-26 00:00:00-04:00,441.46314499939,443.91101234454237,440.4043441762982,442.473388671875,71052900,0.0,0.0,0.0
2023-07-27 00:00:00-04:00,445.8829370784207,446.29092981349305,438.6267256628274,439.5398254394531,92194400,0.0,0.0,0.0
2023-07-28 00:00:00-04:00,442.8328348489528,444.678451402353,439.53984155934154,443.84307861328125,80011800,0.0,0.0,0.0
2023-07-31 00:00:00-04:00,444.319042149947,445.04757733488935,442.9979495996151,444.68817138671875,62040400,0.0,0.0,0.0
2023-08-01 00:00:00-04:00,443.2116382259376,444.1636015046727,442.4539628470819,443.4156494140625,55291500,0.0,0.0,0.0
2023-08-02 00:00:00-04:00,440.2780769783578,440.5403389612474,436.4897001157621,437.24737548828125,93933400,0.0,0.0,0.0
2023-08-03 00:00:00-04:00,435.2172008966529,437.88849649445615,434.56636310757074,435.9942932128906,64276100,0.0,0.0,0.0
2023-08-04 00:00:00-04:00,437.8205001738873,439.9381019690173,433.4978462757118,434.02239990234375,100128900,0.0,0.0,0.0
2023-08-07 00:00:00-04:00,435.8680608674377,437.9662459437654,435.1686658419951,437.8108215332031,58357500,0.0,0.0,0.0
2023-08-08 00:00:00-04:00,435.2560530527077,437.801094230308,432.52647689868775,435.9068908691406,71361300,0.0,0.0,0.0
2023-08-09 00:00:00-04:00,436.17886277984366,436.34401046211,432.2253381355895,432.99273681640625,78789600,0.0,0.0,0.0
2023-08-10 00:00:00-04:00,435.36290858516065,438.77246268587845,431.9728010613545,433.1481628417969,93005500,0.0,0.0,0.0
2023-08-11 00:00:00-04:00,431.26365726905726,433.91553581740834,430.6614063039198,432.89556884765625,68690900,0.0,0.0,0.0
2023-08-14 00:00:00-04:00,431.972806223491,435.2851867675781,431.661957430911,435.2851867675781,47867400,0.0,0.0,0.0
2023-08-15 00:00:00-04:00,433.4978398499199,433.8572754322106,429.6414591930444,430.214599609375,75707500,0.0,0.0,0.0
2023-08-16 00:00:00-04:00,429.79688689781284,431.46766207386327,426.95074994757056,427.0576171875,80107200,0.0,0.0,0.0
2023-08-17 00:00:00-04:00,428.534114386001,428.7963763814389,423.2789436794046,423.8034973144531,95711300,0.0,0.0,0.0
2023-08-18 00:00:00-04:00,420.9670518976972,425.046860783059,420.61736923881205,424.0074768066406,98852000,0.0,0.0,0.0
2023-08-21 00:00:00-04:00,425.02745624123554,427.51418754204343,422.8612970536162,426.7662353515625,68719000,0.0,0.0,0.0
2023-08-22 00:00:00-04:00,428.55357177513196,428.55357177513196,425.0469029729387,425.61029052734375,64994200,0.0,0.0,0.0
2023-08-23 00:00:00-04:00,426.6787698212197,430.9722835194303,426.53306871425866,430.3505859375,68441000,0.0,0.0,0.0
2023-08-24 00:00:00-04:00,431.9630759418828,432.4779062769333,424.35715215624055,424.3863220214844,88517300,0.0,0.0,0.0
2023-08-25 00:00:00-04:00,426.1250849933823,428.67009652943136,422.55041275410997,427.378173828125,102325100,0.0,0.0,0.0
2023-08-28 00:00:00-04:00,429.58324214533684,430.71004692345133,427.378219393752,430.08837890625,61595400,0.0,0.0,0.0
2023-08-29 00:00:00-04:00,429.98145051502803,436.58685382919015,429.7968859008097,436.3051452636719,83081900,0.0,0.0,0.0
2023-08-30 00:00:00-04:00,436.6451634523584,438.7433484351382,435.9360451690671,438.10223388671875,69053900,0.0,0.0,0.0
2023-08-31 00:00:00-04:00,438.7239031279027,439.870124758318,437.2765559783813,437.46112060546875,66084600,0.0,0.0,0.0
2023-09-01 00:00:00-04:00,440.2003820586414,440.68607216281333,436.81024497348466,438.27703857421875,58944100,0.0,0.0,0.0
2023-09-05 00:00:00-04:00,437.8302197116103,438.15076214258977,436.3148689313638,436.3828430175781,55166200,0.0,0.0,0.0
2023-09-06 00:00:00-04:00,435.56685086800223,435.6737180988661,431.1082195620165,433.4492492675781,70758500,0.0,0.0,0.0
2023-09-07 00:00:00-04:00,430.42830840165385,432.79847869361225,430.07862572456526,432.1185302734375,70355400,0.0,0.0,0.0
2023-09-08 00:00:00-04:00,432.1670970910779,434.31383929121245,431.807691116867,432.76934814453125,61659700,0.0,0.0,0.0
2023-09-11 00:00:00-04:00,435.4114978256294,435.92632820080127,433.69216536005706,435.6155090332031,60180100,0.0,0.0,0.0
2023-09-12 00:00:00-04:00,434.1583763798451,435.6931439963164,432.6430256947625,433.225830078125,67565400,0.0,0.0,0.0
2023-09-13 00:00:00-04:00,433.44927898723824,434.89662601565715,432.3418913173706,433.7309875488281,60199300,0.0,0.0,0.0
2023-09-14 00:00:00-04:00,436.21773550042235,438.170189642729,434.90636623553587,437.4707946777344,83430800,0.0,0.0,0.0
2023-09-15 00:00:00-04:00,435.8750830305015,436.2065137393471,431.76139755793423,432.2000427246094,111848900,1.583,0.0,0.0
2023-09-18 00:00:00-04:00,431.8880562008691,433.7596979795193,431.41041048207376,432.4534606933594,55752200,0.0,0.0,0.0
2023-09-19 00:00:00-04:00,431.5273976156573,432.1220451372753,428.8564369332347,431.556640625,66514600,0.0,0.0,0.0
2023-09-20 00:00:00-04:00,432.823909827221,433.2430695466763,427.3844720654377,427.5892028808594,82562600,0.0,0.0,0.0
2023-09-21 00:00:00-04:00,424.72326482320904,424.98645190638643,420.36587795373464,420.5218505859375,104095800,0.0,0.0,0.0
2023-09-22 00:00:00-04:00,421.55515026695025,423.1635752995273,419.15710447421105,419.5762939453125,100829700,0.0,0.0,0.0
2023-09-25 00:00:00-04:00,418.3577922079324,421.3796690899473,417.91911730635536,421.3406982421875,70874500,0.0,0.0,0.0
2023-09-26 00:00:00-04:00,418.279786333382,418.99140590500656,414.31231608593083,415.1506652832031,96168400,0.0,0.0,0.0
2023-09-27 00:00:00-04:00,416.3301830132182,416.8955875491146,411.6511228304859,415.3163757324219,104705800,0.0,0.0,0.0
2023-09-28 00:00:00-04:00,414.7607909972932,419.41060853342776,414.1661434042861,417.72418212890625,92258300,0.0,0.0,0.0
2023-09-29 00:00:00-04:00,420.7947690948166,420.9702271393602,415.1798736795347,416.7103271484375,115111300,0.0,0.0,0.0
2023-10-02 00:00:00-04:00,415.8720282161266,417.80215618527694,413.7664421812551,416.5446472167969,83798600,0.0,0.0,0.0
2023-10-03 00:00:00-04:00,414.35133041357295,416.60313149378044,409.59426899346283,410.96875,103760600,0.0,0.0,0.0
2023-10-04 00:00:00-04:00,411.43664961182077,414.71198567409095,409.96468205177416,413.9613952636719,87453000,0.0,0.0,0.0
2023-10-05 00:00:00-04:00,413.66893271247125,414.65349694142213,410.55932689037775,413.805419921875,70142700,0.0,0.0,0.0
2023-10-06 00:00:00-04:00,411.33915155455975,420.26838378364897,410.0036712419603,418.71844482421875,113273300,0.0,0.0,0.0
2023-10-09 00:00:00-04:00,416.80780923724586,421.97430226851634,416.252192062559,421.399169921875,80374400,0.0,0.0,0.0
2023-10-10 00:00:00-04:00,422.032771752089,426.20494280982507,421.63309747627073,423.59246826171875,78607300,0.0,0.0,0.0
2023-10-11 00:00:00-04:00,424.66477534883535,425.58106621387174,422.26672961556096,425.32763671875,62451700,0.0,0.0,0.0
2023-10-12 00:00:00-04:00,425.94180257182495,426.3219617182537,420.36590701719814,422.73468017578125,81154200,0.0,0.0,0.0
2023-10-13 00:00:00-04:00,424.2455830882872,425.4543635328608,419.04987686462397,420.6290588378906,95143100,0.0,0.0,0.0
2023-10-16 00:00:00-04:00,422.8906459728739,426.12701132779,422.64694430004124,425.0547180175781,75433200,0.0,0.0,0.0
2023-10-17 00:00:00-04:00,421.9060960293189,427.1018325299322,421.5551798879123,425.03521728515625,75324700,0.0,0.0,0.0
2023-10-18 00:00:00-04:00,423.25132340636975,424.216372519667,418.27980328716836,419.37158203125,93559800,0.0,0.0,0.0
2023-10-19 00:00:00-04:00,420.0929432509383,421.9158269506533,415.00445128095737,415.6867980957031,121323000,0.0,0.0,0.0
2023-10-20 00:00:00-04:00,415.24812835484806,415.7940176738114,410.4715521908134,410.57879638671875,123919900,0.0,0.0,0.0
2023-10-23 00:00:00-04:00,409.03859591438896,413.7566861845482,407.2741982932137,409.8671875,92035100,0.0,0.0,0.0
2023-10-24 00:00:00-04:00,412.0020152211512,414.11735869256864,410.14013099251554,412.95733642578125,78564200,0.0,0.0,0.0
2023-10-25 00:00:00-04:00,411.26120475074754,411.2904477612155,406.5138712273653,407.030517578125,94223200,0.0,0.0,0.0
2023-10-26 00:00:00-04:00,405.95817166987496,406.8159763858208,401.23035427845144,402.1564025878906,115156800,0.0,0.0,0.0
2023-10-27 00:00:00-04:00,403.75516850556505,404.1548428016782,398.90062068187893,400.3335876464844,107367700,0.0,0.0,0.0
2023-10-30 00:00:00-04:00,403.1410168304096,406.1824086755449,401.8347795507034,405.119873046875,86562700,0.0,0.0,0.0
2023-10-31 00:00:00-04:00,405.6950255751164,407.9858271586759,403.7746552793757,407.6641540527344,79665200,0.0,0.0,0.0
2023-11-01 00:00:00-04:00,408.6389571260531,412.83061379639145,408.10279562252936,412.01177978515625,98068100,0.0,0.0,0.0
2023-11-02 00:00:00-04:00,415.83300050786625,420.0636874749131,415.81351508474745,419.90771484375,94938900,0.0,0.0,0.0
2023-11-03 00:00:00-04:00,422.2278004846274,425.2984357283652,422.1010708501771,423.7387390136719,100167800,0.0,0.0,0.0
2023-11-06 00:00:00-05:00,424.49901182686875,425.16187314477696,422.75409976323414,424.7134704589844,67831700,0.0,0.0,0.0
2023-11-07 00:00:00-05:00,424.713520975765,426.56564770138766,423.56325624339013,425.9222717285156,64256100,0.0,0.0,0.0
2023-11-08 00:00:00-05:00,426.52662197918363,427.05302588029497,423.91414739383225,426.23419189453125,61746000,0.0,0.0,0.0
2023-11-09 00:00:00-05:00,427.3844848158496,427.42348541262743,422.48120841408235,422.9101257324219,83174400,0.0,0.0,0.0
2023-11-10 00:00:00-05:00,424.99616172117294,429.8214361961388,422.9003038823785,429.5094909667969,89462200,0.0,0.0,0.0
2023-11-13 00:00:00-05:00,428.1643525998736,430.2114228472126,427.37476156190246,429.10015869140625,52236100,0.0,0.0,0.0
2023-11-14 00:00:00-05:00,435.07570025554276,438.7214675155069,434.85148402212064,437.42498779296875,97176900,0.0,0.0,0.0
2023-11-15 00:00:00-05:00,438.7702034175982,440.00822689231774,437.4932090962841,438.3510437011719,77327600,0.0,0.0,0.0
2023-11-16 00:00:00-05:00,437.9026427989849,439.20888013505356,436.8303495384098,438.88720703125,66665800,0.0,0.0,0.0
2023-11-17 00:00:00-05:00,438.8969439529958,440.0472384283699,437.9708954691745,439.43310546875,83133200,0.0,0.0,0.0
2023-11-20 00:00:00-05:00,439.1796646181905,443.66378142119447,439.1699070315214,442.8157043457031,69936200,0.0,0.0,0.0
2023-11-21 00:00:00-05:00,441.76282640002967,442.68890452456174,440.57356121582086,441.8505554199219,49244600,0.0,0.0,0.0
2023-11-22 00:00:00-05:00,443.5174866773367,444.8822098725081,442.4549511272128,443.55645751953125,59394900,0.0,0.0,0.0
2023-11-24 00:00:00-05:00,443.60525077494174,444.0244104771882,443.27382009767217,443.8294372558594,29737400,0.0,0.0,0.0
2023-11-27 00:00:00-05:00,443.1958518437672,444.01468588647003,442.6402048955527,443.0301513671875,50506000,0.0,0.0,0.0
2023-11-28 00:00:00-05:00,442.6401584578128,444.7749872464689,442.0747837312387,443.46875,62115000,0.0,0.0,0.0
2023-11-29 00:00:00-05:00,445.63287770336626,446.77341463372636,442.75721578278245,443.1568603515625,63146000,0.0,0.0,0.0
2023-11-30 00:00:00-05:00,444.00492797140174,445.2526792493876,441.9188275346786,444.9017333984375,79752700,0.0,0.0,0.0
2023-12-01 00:00:00-05:00,444.2875689474155,448.06982310728114,443.6929512334986,447.53369140625,89183400,0.0,0.0,0.0
2023-12-04 00:00:00-05:00,444.12188212625665,447.55319056539764,442.89361632048383,445.1844177246094,72430900,0.0,0.0,0.0
2023-12-05 00:00:00-05:00,443.7904728995386,446.06175924267177,443.41028403700943,445.0967102050781,69793500,0.0,0.0,0.0
2023-12-06 00:00:00-05:00,447.2510557873712,447.28029879816927,442.8644256752274,443.3031005859375,69124700,0.0,0.0,0.0
2023-12-07 00:00:00-05:00,445.39888657776544,447.3387421895649,444.79451124637484,446.6856384277344,66995400,0.0,0.0,0.0
2023-12-08 00:00:00-05:00,445.93505803646815,449.1421803615345,445.6913563650837,448.6060485839844,83194400,0.0,0.0,0.0
2023-12-11 00:00:00-05:00,448.1088478352707,450.52637891012574,447.89438919355985,450.35089111328125,65002200,0.0,0.0,0.0
2023-12-12 00:00:00-05:00,450.0000022439556,452.50526249444346,448.99595257627306,452.40777587890625,68327600,0.0,0.0,0.0
2023-12-13 00:00:00-05:00,452.7878874566932,458.89994359903204,452.42721379094627,458.646484375,93278000,0.0,0.0,0.0
2023-12-14 00:00:00-05:00,460.5961454982613,461.7951683960883,457.428023862559,460.1184997558594,119026000,0.0,0.0,0.0
2023-12-15 00:00:00-05:00,459.5175058870526,460.7018256606562,457.5012649448637,459.36090087890625,141553700,1.906,0.0,0.0
2023-12-18 00:00:00-05:00,460.9758624974249,462.9333802338233,459.9090189154098,461.94482421875,70375300,0.0,0.0,0.0
2023-12-19 00:00:00-05:00,462.4929754163209,464.8322236945254,462.41468784114886,464.75390625,55761800,0.0,0.0,0.0
2023-12-20 00:00:00-05:00,463.89253667976004,465.7913312403431,457.8829728663811,458.3136291503906,102921000,0.0,0.0,0.0
2023-12-21 00:00:00-05:00,461.3184379551816,462.9334141013397,458.88133775326304,462.65936279296875,86667500,0.0,0.0,0.0
2023-12-22 00:00:00-05:00,463.7946423178867,465.28237484775894,461.68054954164,463.589111328125,67160400,0.0,0.0,0.0
2023-12-26 00:00:00-05:00,464.00023546887513,466.4568999785943,463.92191803061615,465.5466613769531,55387000,0.0,0.0,0.0
2023-12-27 00:00:00-05:00,465.34114850963823,466.53523560014366,464.80284304536906,466.388427734375,68000300,0.0,0.0,0.0
2023-12-28 00:00:00-05:00,466.7505417729767,467.40629349897097,466.1437160434832,466.5645751953125,77158100,0.0,0.0,0.0
2023-12-29 00:00:00-05:00,466.36882605664505,466.8973642343975,463.2465827268645,465.2138977050781,122283100,0.0,0.0,0.0
2024-01-02 00:00:00-05:00,462.13079978352283,463.60873526144735,460.4962592993178,462.6103820800781,123623700,0.0,0.0,0.0
2024-01-03 00:00:00-05:00,460.4375771644892,461.18144354323624,458.22560219347605,458.8324279785156,103585900,0.0,0.0,0.0
2024-01-04 00:00:00-05:00,458.35281558803797,460.95631804326615,457.12936687050706,457.3544921875,84232200,0.0,0.0,0.0
2024-01-05 00:00:00-05:00,457.5600069515087,460.44735777003535,456.5225248654525,457.98089599609375,86118900,0.0,0.0,0.0
2024-01-08 00:00:00-05:00,458.47999623098605,464.66575926813886,458.3527528026961,464.5189514160156,74879100,0.0,0.0,0.0
2024-01-09 00:00:00-05:00,461.8469550820588,464.8419549117133,461.33801120953973,463.81427001953125,65931400,0.0,0.0,0.0
2024-01-10 00:00:00-05:00,464.08833198358764,467.3084571861186,463.80448353404677,466.4373474121094,67310600,0.0,0.0,0.0
2024-01-11 00:00:00-05:00,467.44546301044596,467.96420403660454,462.2286911764114,466.2318115234375,77940700,0.0,0.0,0.0
2024-01-12 00:00:00-05:00,467.69014294589425,468.4340092581526,465.13559658829763,466.5547790527344,58026400,0.0,0.0,0.0
2024-01-16 00:00:00-05:00,465.16498716012916,466.48628784437733,463.0117055269017,464.84197998046875,85014900,0.0,0.0,0.0
2024-01-17 00:00:00-05:00,461.7979777810737,462.7473749986827,459.88938619980013,462.25799560546875,68843900,0.0,0.0,0.0
2024-01-18 00:00:00-05:00,463.94153240644374,466.9267352108962,462.3853092838849,466.36883544921875,91856200,0.0,0.0,0.0
2024-01-19 00:00:00-05:00,467.5042115854746,472.4665266846665,466.41780347643123,472.18267822265625,110834500,0.0,0.0,0.0
2024-01-22 00:00:00-05:00,473.7291023475349,474.9133922471176,472.5252181536667,473.1809997558594,75844900,0.0,0.0,0.0
2024-01-23 00:00:00-05:00,473.7291139705338,474.80572488601405,472.63290876028725,474.56103515625,49945300,0.0,0.0,0.0
2024-01-24 00:00:00-05:00,477.4483526414292,478.387952774823,474.5805963770956,475.07977294921875,81765000,0.0,0.0,0.0
2024-01-25 00:00:00-05:00,477.22327333358226,477.93777811650847,475.0798187235087,477.6637268066406,72525000,0.0,0.0,0.0
2024-01-26 00:00:00-05:00,477.23308472994535,478.73058476596105,476.20539975459565,477.0569152832031,76641600,0.0,0.0,0.0
2024-01-29 00:00:00-05:00,477.3700844183153,480.98170711382187,476.8219818291813,480.8348693847656,61322800,0.0,0.0,0.0
2024-01-30 00:00:00-05:00,480.1399140120972,481.177395949412,479.69946060484085,480.4629211425781,58618400,0.0,0.0,0.0
2024-01-31 00:00:00-05:00,478.24120538367146,478.6914261485626,472.60354413185644,472.6231384277344,126011100,0.0,0.0,0.0
2024-02-01 00:00:00-05:00,474.3359028099636,478.8381994611378,473.52351624352735,478.808837890625,91891600,0.0,0.0,0.0
2024-02-02 00:00:00-05:00,479.2492781177707,485.51332895629,478.90670653697305,483.8494567871094,99228200,0.0,0.0,0.0
2024-02-05 00:00:00-05:00,483.2132736155175,483.87882248887064,479.8169790887864,482.0876770019531,75757100,0.0,0.0,0.0
2024-02-06 00:00:00-05:00,483.0370846023235,483.82010964884154,481.59830781553234,483.4873352050781,55918600,0.0,0.0,0.0
2024-02-07 00:00:00-05:00,485.74825471838733,487.9406650595183,484.83798625590816,487.5198059082031,70556500,0.0,0.0,0.0
2024-02-08 00:00:00-05:00,487.5198097885674,488.1168383750432,486.6976559040994,487.7351379394531,52343600,0.0,0.0,0.0
2024-02-09 00:00:00-05:00,488.2440989985779,490.99440919073515,487.9015274006516,490.5539855957031,63979400,0.0,0.0,0.0
2024-02-12 00:00:00-05:00,490.52458961929625,492.80508461412273,489.6143211813686,490.338623046875,56502300,0.0,0.0,0.0
2024-02-13 00:00:00-05:00,484.02568909528304,486.53130975619183,480.2966196792683,483.5852355957031,113099200,0.0,0.0,0.0
2024-02-14 00:00:00-05:00,486.23763824813125,488.46920732678694,483.89839015930903,487.9798278808594,68387800,0.0,0.0,0.0
2024-02-15 00:00:00-05:00,488.6845761555904,491.5327683522928,488.20496394750006,491.3468017578125,61683000,0.0,0.0,0.0
2024-02-16 00:00:00-05:00,491.0433562248227,492.18848742065717,488.1560054976972,488.8998718261719,75532900,0.0,0.0,0.0
2024-02-20 00:00:00-05:00,487.1478520781103,487.823198068698,483.94732141745294,486.208251953125,71736700,0.0,0.0,0.0
2024-02-21 00:00:00-05:00,484.89675520486617,486.8053171690523,483.0762480894276,486.6487121582031,59293400,0.0,0.0,0.0
2024-02-22 00:00:00-05:00,493.30429472286124,497.6891155849243,492.3353030771788,496.72015380859375,76402500,0.0,0.0,0.0
2024-02-23 00:00:00-05:00,498.45253453500476,499.29428272154865,496.3286444476272,497.0627136230469,61321800,0.0,0.0,0.0
2024-02-26 00:00:00-05:00,497.50311808383964,497.9435715199019,495.11494406872197,495.2421875,50386700,0.0,0.0,0.0
2024-02-27 00:00:00-05:00,495.9371665232225,496.38738727191105,494.0285746437228,496.1622619628906,48854500,0.0,0.0,0.0
2024-02-28 00:00:00-05:00,494.59620128659884,496.09370114673266,494.2340652877106,495.5064697265625,56506600,0.0,0.0,0.0
2024-02-29 00:00:00-05:00,497.27807451838515,498.9125852631045,494.6158489387993,497.287841796875,83924800,0.0,0.0,0.0
2024-03-01 00:00:00-05:00,498.16871960912823,502.38713824254285,497.75762772536723,501.95648193359375,76844800,0.0,0.0,0.0
2024-03-04 00:00:00-05:00,501.15398858867036,503.27787884582466,501.124597144727,501.418212890625,49799300,0.0,0.0,0.0
2024-03-05 00:00:00-05:00,499.4019825721488,499.85223321805717,494.1852102449745,496.406982421875,72855600,0.0,0.0,0.0
2024-03-06 00:00:00-05:00,499.7052973445474,501.19302984869705,497.6205661743112,498.92230224609375,68382400,0.0,0.0,0.0
2024-03-07 00:00:00-05:00,502.24036725780826,504.9319542916225,498.98108332275257,503.8748779296875,58652100,0.0,0.0,0.0
2024-03-08 00:00:00-05:00,504.51107290066597,507.21239722419125,500.27303023090644,500.8504943847656,86532500,0.0,0.0,0.0
2024-03-11 00:00:00-04:00,499.6368656493673,501.007122167377,497.698912229313,500.41986083984375,62557200,0.0,0.0,0.0
2024-03-12 00:00:00-04:00,502.5437557737152,506.39027097966664,500.0087440051748,505.80303955078125,73114400,0.0,0.0,0.0
2024-03-13 00:00:00-04:00,506.1259617515082,506.30213117139687,503.5616184086326,505.0101623535156,55104100,0.0,0.0,0.0
2024-03-14 00:00:00-04:00,505.988954188999,506.14558906491726,500.9483817536982,504.01190185546875,110171800,0.0,0.0,0.0
2024-03-15 00:00:00-04:00,500.9241752239074,502.3870776145681,498.8722167963723,500.55108642578125,107646300,1.595,0.0,0.0
2024-03-18 00:00:00-04:00,504.64517575188347,506.09822050628367,503.11357022244954,503.5259094238281,88893300,0.0,0.0,0.0
2024-03-19 00:00:00-04:00,502.82886078971904,506.60876657056906,501.8175780927784,506.3240661621094,60755300,0.0,0.0,0.0
2024-03-20 00:00:00-04:00,506.3829931276009,511.1446990445809,505.70554874674644,511.0072326660156,69594600,0.0,0.0,0.0
2024-03-21 00:00:00-04:00,513.864267136569,514.5711343051557,512.4111625272894,512.6959228515625,60256100,0.0,0.0,0.0
2024-03-22 00:00:00-04:00,512.6074913570825,513.0983912687284,511.4882251766964,511.7239074707031,79070800,0.0,0.0,0.0
2024-03-25 00:00:00-04:00,510.3396340213424,511.46872800435733,510.1530896221743,510.3102111816406,48512100,0.0,0.0,0.0
2024-03-26 00:00:00-04:00,511.7435537767085,512.0872197037324,508.96510314507884,509.36761474609375,65463700,0.0,0.0,0.0
2024-03-27 00:00:00-04:00,512.2148648432812,513.6875647434284,510.03523783042095,513.6482543945312,82999800,0.0,0.0,0.0
2024-03-28 00:00:00-04:00,513.6875151873788,515.0619990069974,513.2653484476477,513.550048828125,96294900,0.0,0.0,0.0
2024-04-01 00:00:00-04:00,514.2962039808019,514.8361818838076,511.48821102142523,512.6565551757812,62477500,0.0,0.0,0.0
2024-04-02 00:00:00-04:00,508.80803978701164,509.5345622239305,507.0800621401136,509.39715576171875,74230300,0.0,0.0,0.0
2024-04-03 00:00:00-04:00,508.2974512119765,511.46870586053615,508.248373198387,509.9566955566406,59155800,0.0,0.0,0.0
2024-04-04 00:00:00-04:00,513.9919383481855,514.3355443672095,503.42776110615574,503.73211669921875,96858100,0.0,0.0,0.0
2024-04-05 00:00:00-04:00,505.0967294910959,510.9678729195095,504.65490761127137,508.99444580078125,74546500,0.0,0.0,0.0
2024-04-08 00:00:00-04:00,509.7014930900916,510.71271592770194,508.46441550433593,509.2792663574219,48401800,0.0,0.0,0.0
2024-04-09 00:00:00-04:00,511.0268027213603,511.27225267463666,504.98870990104007,509.8682861328125,68049200,0.0,0.0,0.0
2024-04-10 00:00:00-04:00,504.1346341197876,506.7658508730003,502.7699776912442,504.76300048828125,82652800,0.0,0.0,0.0
2024-04-11 00:00:00-04:00,506.29457417860783,510.0254018796054,502.7601184459389,508.5723571777344,70099000,0.0,0.0,0.0
2024-04-12 00:00:00-04:00,505.00844586056235,506.43206780216656,499.81471562897786,501.5525207519531,92561100,0.0,0.0,0.0
2024-04-15 00:00:00-04:00,505.7545667310452,505.92145592845725,494.4147603695129,495.2689514160156,92101400,0.0,0.0,0.0
2024-04-16 00:00:00-04:00,495.7500641672951,497.2816696769287,493.069739544358,494.36572265625,73484000,0.0,0.0,0.0
2024-04-17 00:00:00-04:00,496.8398410039947,497.00676017490997,490.0359747017538,491.43994140625,75910300,0.0,0.0,0.0
2024-04-18 00:00:00-04:00,492.84392977207705,494.9547935868479,489.48616089541196,490.4286804199219,74548100,0.0,0.0,0.0
2024-04-19 00:00:00-04:00,490.35020469641637,491.3516299310736,484.87174380253674,486.1481018066406,102212600,0.0,0.0,0.0
2024-04-22 00:00:00-04:00,488.76944479009535,493.23665243811826,486.4131309562078,490.62506103515625,67961000,0.0,0.0,0.0
2024-04-23 00:00:00-04:00,492.6475522211574,496.879107389729,490.4385024479616,496.4471130371094,64633600,0.0,0.0,0.0
2024-04-24 00:00:00-04:00,497.34058128634894,498.13583685049355,493.9730146419187,496.2115173339844,55928100,0.0,0.0,0.0
2024-04-25 00:00:00-04:00,490.09489115170555,495.0922492946256,488.4356468415974,494.3264465332031,69122400,0.0,0.0,0.0
2024-04-26 00:00:00-04:00,497.1344020871228,500.60015465226695,496.4962381230782,499.0096435546875,64306100,0.0,0.0,0.0
2024-04-29 00:00:00-04:00,500.8063082673151,501.4542997979017,498.01800014191997,500.77685546875,46415400,0.0,0.0,0.0
2024-04-30 00:00:00-04:00,499.3042252109721,500.28602524952794,492.843994140625,492.843994140625,77483600,0.0,0.0,0.0
2024-05-01 00:00:00-04:00,492.2548440181232,498.94089901298264,490.7723165650843,491.24359130859375,80242800,0.0,0.0,0.0
2024-05-02 00:00:00-04:00,494.9744511698694,496.682803499829,490.45816529457255,495.83843994140625,62550200,0.0,0.0,0.0
2024-05-03 00:00:00-04:00,501.85688879465766,503.22157520671925,499.30420281647224,501.9845275878906,72756700,0.0,0.0,0.0
2024-05-06 00:00:00-04:00,504.39971300822606,507.2076464204613,503.9578910557652,507.16839599609375,47264700,0.0,0.0,0.0
2024-05-07 00:00:00-04:00,508.1403970755998,509.1320246468493,507.0506134757241,507.7280578613281,52561300,0.0,0.0,0.0
2024-05-08 00:00:00-04:00,505.8822025637304,508.3170470268529,505.7643913751475,507.7770690917969,42047200,0.0,0.0,0.0
2024-05-09 00:00:00-04:00,507.96361976918945,510.7421301704395,507.3058306373819,510.70281982421875,43643700,0.0,0.0,0.0
2024-05-10 00:00:00-04:00,512.3130349714144,513.1279457174053,510.1334678228607,511.3607177734375,52233200,0.0,0.0,0.0
2024-05-13 00:00:00-04:00,513.0493762011064,513.1573598130822,510.2806931688566,511.42938232421875,36716400,0.0,0.0,0.0
2024-05-14 00:00:00-04:00,511.62573471479726,514.2962616201814,511.08575675127395,513.77587890625,57535900,0.0,0.0,0.0
2024-05-15 00:00:00-04:00,516.2598787440616,520.432528485142,515.621684813936,520.1380004882812,59504900,0.0,0.0,0.0
2024-05-16 00:00:00-04:00,520.2360932057385,521.8462592917225,518.9204550807748,519.0677490234375,50244800,0.0,0.0,0.0
2024-05-17 00:00:00-04:00,519.1855985309879,519.8826980271124,517.7227262796864,519.81396484375,59187600,0.0,0.0,0.0
2024-05-20 00:00:00-04:00,519.9318304224834,521.8856028241897,519.5390864548481,520.4129028320312,37764200,0.0,0.0,0.0
2024-05-21 00:00:00-04:00,519.6470474300692,521.8462694810344,519.4408478911762,521.6891479492188,33437000,0.0,0.0,0.0
2024-05-22 00:00:00-04:00,520.9921558859738,521.7088506578033,517.997618165417,520.1870727539062,48390000,0.0,0.0,0.0
2024-05-23 00:00:00-04:00,523.260111709731,523.3680953200814,515.1700299587022,516.3875122070312,57211200,0.0,0.0,0.0
2024-05-24 00:00:00-04:00,518.2431108375699,520.6191100051178,517.2907935924079,519.80419921875,41291100,0.0,0.0,0.0
2024-05-28 00:00:00-04:00,520.6190689749426,520.8546913706681,517.5165476330567,520.1674194335938,36269600,0.0,0.0,0.0
2024-05-29 00:00:00-04:00,516.1125631654163,517.7129017930257,515.808207594023,516.52490234375,45190300,0.0,0.0,0.0
2024-05-30 00:00:00-04:00,514.9737211407102,515.6413379056687,511.84177695073043,513.0984497070312,46377600,0.0,0.0,0.0
2024-05-31 00:00:00-04:00,514.0607384203843,517.8995504274671,508.9258831718724,517.7719116210938,90785800,0.0,0.0,0.0
2024-06-03 00:00:00-04:00,519.391857928712,519.6765583574672,513.0886587497955,518.1940307617188,46835700,0.0,0.0,0.0
2024-06-04 00:00:00-04:00,516.8783878118635,519.5194318932624,515.4056879878339,518.7732543945312,34632700,0.0,0.0,0.0
2024-06-05 00:00:00-04:00,521.1098597962393,524.9584979437353,519.1069500034498,524.9388427734375,47610400,0.0,0.0,0.0
2024-06-06 00:00:00-04:00,525.2433824321638,525.6753768600677,522.9852542553429,524.92919921875,30808500,0.0,0.0,0.0
2024-06-07 00:00:00-04:00,523.9472886831032,527.1185429900985,522.8476776301495,524.2909545898438,43224500,0.0,0.0,0.0
2024-06-10 00:00:00-04:00,523.4759834328729,526.2348383329728,522.877099967298,525.9108276367188,35686100,0.0,0.0,0.0
2024-06-11 00:00:00-04:00,524.3499016107278,527.2363958338547,522.3666465543927,527.177490234375,36383400,0.0,0.0,0.0
2024-06-12 00:00:00-04:00,531.7723073085223,534.2169795758864,530.4664966070287,531.5072021484375,63251300,0.0,0.0,0.0
2024-06-13 00:00:00-04:00,533.26466452504,533.4413813243644,529.7694591150035,532.577392578125,44760900,0.0,0.0,0.0
2024-06-14 00:00:00-04:00,531.0359842688257,532.930851061761,530.0247015137712,532.9014282226562,40089900,0.0,0.0,0.0
2024-06-17 00:00:00-04:00,532.2141054561657,538.5467267827651,531.7526283434909,537.1427001953125,55839500,0.0,0.0,0.0
2024-06-18 00:00:00-04:00,537.2016964607528,538.635146126439,536.7795296243012,538.5075073242188,41376400,0.0,0.0,0.0
2024-06-20 00:00:00-04:00,539.4401498632659,540.1077666172325,535.2576726206614,537.0445556640625,70328200,0.0,0.0,0.0
2024-06-21 00:00:00-04:00,536.2162529799443,537.447462175694,534.8569932184257,536.3245849609375,64338600,1.759,0.0,0.0
2024-06-24 00:00:00-04:00,536.1472401021375,538.7278494880962,534.4629244620497,534.5811157226562,45528700,0.0,0.0,0.0
2024-06-25 00:00:00-04:00,535.8123714938099,537.004203612723,534.2856841465313,536.6397705078125,37936200,0.0,0.0,0.0
2024-06-26 00:00:00-04:00,535.5169224493349,538.0285772692542,534.8668704239683,537.3095703125,38550600,0.0,0.0,0.0
2024-06-27 00:00:00-04:00,537.1715879191873,538.7377123089291,536.4230031853552,538.1565551757812,35041500,0.0,0.0,0.0
2024-06-28 00:00:00-04:00,538.934685684169,542.0078389927284,534.7880117936159,536.0388793945312,76144500,0.0,0.0,0.0
2024-07-01 00:00:00-04:00,537.4277087162804,537.6739505394513,534.3644748642668,537.14208984375,40297800,0.0,0.0,0.0
2024-07-02 00:00:00-04:00,535.5267231112665,540.7568969726562,535.4774867707054,540.7568969726562,40434800,0.0,0.0,0.0
2024-07-03 00:00:00-04:00,540.4416655124819,543.5344770067398,540.4022884660889,543.1700439453125,32789900,0.0,0.0,0.0
2024-07-05 00:00:00-04:00,543.4754556350376,546.7061172919005,542.8352028084947,546.3023071289062,41488400,0.0,0.0,0.0
2024-07-08 00:00:00-04:00,547.0902465409208,547.8880676594589,545.859037400113,546.9326782226562,36110500,0.0,0.0,0.0
2024-07-09 00:00:00-04:00,547.8979265962074,548.804079690317,547.1690604041432,547.4645385742188,27289700,0.0,0.0,0.0
2024-07-10 00:00:00-04:00,548.6957250344957,553.2265504354008,548.4002468766333,552.8818359375,38701200,0.0,0.0,0.0
2024-07-11 00:00:00-04:00,553.0000838317138,553.8767192211716,547.4744313021142,548.1146240234375,53054200,0.0,0.0,0.0
2024-07-12 00:00:00-04:00,549.2473299383824,555.1965108923417,548.774564863736,551.5718383789062,53084400,0.0,0.0,0.0
2024-07-15 00:00:00-04:00,553.5812287923791,556.3489846422507,551.2172831044048,553.0887451171875,40584300,0.0,0.0,0.0
2024-07-16 00:00:00-04:00,554.4085769027762,556.664130530242,553.650132792749,556.36865234375,36475300,0.0,0.0,0.0
2024-07-17 00:00:00-04:00,550.3997739687646,552.0840898739044,548.2426929468022,548.5677490234375,57119000,0.0,0.0,0.0
2024-07-18 00:00:00-04:00,550.1140843965545,551.108910966774,542.1555319524306,544.3519897460938,56270400,0.0,0.0,0.0
2024-07-19 00:00:00-04:00,544.1156746223836,545.7507541733052,539.6734620267257,540.7372436523438,65509100,0.0,0.0,0.0
2024-07-22 00:00:00-04:00,544.6869137065378,546.9228087020715,542.7366977016144,546.3121337890625,43346700,0.0,0.0,0.0
2024-07-23 00:00:00-04:00,546.2037859358935,548.3707261822221,544.9627775434685,545.4552612304688,34439600,0.0,0.0,0.0
2024-07-24 00:00:00-04:00,540.6091160403827,540.9144534863593,532.1679394058027,533.0938110351562,74515300,0.0,0.0,0.0
2024-07-25 00:00:00-04:00,533.2120294418335,539.2302253978226,529.370693001826,530.3162231445312,61158300,0.0,0.0,0.0
2024-07-26 00:00:00-04:00,534.1280514615765,538.9642140468326,533.3498888846163,536.2555541992188,53763800,0.0,0.0,0.0
2024-07-29 00:00:00-04:00,537.8118692092069,538.8263542761403,534.5614289959356,536.57080078125,39515800,0.0,0.0,0.0
2024-07-30 00:00:00-04:00,538.0482653827025,539.1120469361489,530.4246278378796,533.852294921875,46853600,0.0,0.0,0.0
2024-07-31 00:00:00-04:00,540.7273391659687,545.1794106823547,539.3484209909209,542.5298461914062,65663400,0.0,0.0,0.0
2024-08-01 00:00:00-04:00,544.2633298730499,546.5287423968499,531.3208465092305,534.8470458984375,76428700,0.0,0.0,0.0
2024-08-02 00:00:00-04:00,527.6962932454506,528.9176432227539,520.653752172347,524.88916015625,82789100,0.0,0.0,0.0
2024-08-05 00:00:00-04:00,503.9487441495397,515.7092575246003,502.59931353753564,509.6024475097656,146267400,0.0,0.0,0.0
2024-08-06 00:00:00-04:00,511.41477370009966,521.7865098693077,510.08509168142086,514.30078125,84826300,0.0,0.0,0.0
2024-08-07 00:00:00-04:00,520.5256868545033,523.5988404143214,510.2623435010392,510.8631591796875,70698300,0.0,0.0,0.0
2024-08-08 00:00:00-04:00,516.0341826136271,523.3032459691668,513.9953532420095,522.6729125976562,63276600,0.0,0.0,0.0
2024-08-09 00:00:00-04:00,521.845472634081,526.4748305225058,520.6142636274589,524.9776611328125,45619600,0.0,0.0,0.0
2024-08-12 00:00:00-04:00,526.1794728639009,527.6765824787605,522.9684694205855,525.2536010742188,42542100,0.0,0.0,0.0
2024-08-13 00:00:00-04:00,528.4644827677885,534.1280441902442,528.2182409668121,533.8916015625,52333100,0.0,0.0,0.0
2024-08-14 00:00:00-04:00,534.6894941203759,536.7678208880384,532.0005525316452,535.5759887695312,42446900,0.0,0.0,0.0
2024-08-15 00:00:00-04:00,541.2395796214291,545.0415393102818,540.6289046503756,544.7559204101562,60846800,0.0,0.0,0.0
2024-08-16 00:00:00-04:00,543.1306638977313,546.6765823277302,542.9730955779607,545.9772338867188,44430700,0.0,0.0,0.0
2024-08-19 00:00:00-04:00,546.3909857696343,551.1976318359375,545.534068879559,551.1976318359375,39121800,0.0,0.0,0.0
2024-08-20 00:00:00-04:00,550.7444557772045,552.4090528159505,548.951808187968,550.3012084960938,33732300,0.0,0.0,0.0
2024-08-21 00:00:00-04:00,551.3551846243884,553.6599745235571,546.3909107782366,552.1923828125,41514600,0.0,0.0,0.0
2024-08-22 00:00:00-04:00,554.1031166102348,554.7137914328451,546.6370487922794,547.8583984375,56121500,0.0,0.0,0.0
2024-08-23 00:00:00-04:00,551.1187965007202,554.6252777748409,548.9124191927582,553.6796875,50639400,0.0,0.0,0.0
2024-08-26 00:00:00-04:00,554.7139498665612,555.4329568526259,550.6460295723259,552.35986328125,35788600,0.0,0.0,0.0
2024-08-27 00:00:00-04:00,551.079335607506,553.6107087392104,549.9269407192061,553.1182250976562,32693900,0.0,0.0,0.0
2024-08-28 00:00:00-04:00,552.7734536920017,553.2068416566608,546.6961628961363,549.9071655273438,41066000,0.0,0.0,0.0
2024-08-29 00:00:00-04:00,551.88710078259,555.2064362272188,548.8041479034026,549.95654296875,38715200,0.0,0.0,0.0
2024-08-30 00:00:00-04:00,552.340192195133,555.7186231878466,548.7647556974438,555.2064208984375,62700100,0.0,0.0,0.0
2024-09-03 00:00:00-04:00,552.0445916444628,552.3795069769291,541.2493885534014,543.78076171875,60600100,0.0,0.0,0.0
2024-09-04 00:00:00-04:00,541.9289991634373,546.0953914408842,541.200133008933,542.667724609375,47224900,0.0,0.0,0.0
2024-09-05 00:00:00-04:00,542.6087486547202,545.4749775653687,538.8756834359432,541.3479614257812,44264300,0.0,0.0,0.0
2024-09-06 00:00:00-04:00,541.6729424455356,543.3079617814396,531.3307853548916,532.2369384765625,68493800,0.0,0.0,0.0
2024-09-09 00:00:00-04:00,536.4624310089539,539.4764283569401,534.5220142860865,538.1959228515625,40445800,0.0,0.0,0.0
2024-09-10 00:00:00-04:00,540.116632425003,540.8947950359166,535.2115147063951,540.5401611328125,36394600,0.0,0.0,0.0
2024-09-11 00:00:00-04:00,540.4515870073689,547.0114429857031,531.8429821458573,546.0855712890625,75248600,0.0,0.0,0.0
2024-09-12 00:00:00-04:00,546.6667411644733,550.9907622799467,544.430846031605,550.6854248046875,51819600,0.0,0.0,0.0
2024-09-13 00:00:00-04:00,551.2960497156297,554.5661482506139,551.0399486078251,553.5614624023438,39310500,0.0,0.0,0.0
2024-09-16 00:00:00-04:00,553.2955891224333,554.6449896789841,551.483282734757,554.3790893554688,36656100,0.0,0.0,0.0
2024-09-17 00:00:00-04:00,556.6050433439642,558.0628359488541,552.3598363336012,554.6055908203125,49321000,0.0,0.0,0.0
2024-09-18 00:00:00-04:00,555.2654832884236,560.1410836858305,552.3992547567514,552.960693359375,59044900,0.0,0.0,0.0
2024-09-19 00:00:00-04:00,562.4262453589706,564.268129589741,559.5402980876692,562.3966674804688,75315500,0.0,0.0,0.0
2024-09-20 00:00:00-04:00,561.0194507348042,562.4717649737814,558.3814778607674,561.4244995117188,77503100,1.746,0.0,0.0
2024-09-23 00:00:00-04:00,562.5013387903973,563.4794376521637,561.2761825280973,562.8273315429688,44116900,0.0,0.0,0.0
2024-09-24 00:00:00-04:00,563.6276473879294,564.4970820723543,560.7822357483631,564.4378051757812,46805700,0.0,0.0,0.0
2024-09-25 00:00:00-04:00,564.2797556394728,565.0207470003917,562.0765003209592,563.1929321289062,38428600,0.0,0.0,0.0
2024-09-26 00:00:00-04:00,567.4808141228361,567.8068671978508,563.0546451370627,565.42578125,48336000,0.0,0.0,0.0
2024-09-27 00:00:00-04:00,566.5027553128888,567.3227423718845,563.5683980340395,564.6057739257812,42100900,0.0,0.0,0.0
2024-09-30 00:00:00-04:00,563.5683780406285,567.4808341729492,561.2565187412819,566.8682861328125,63557400,0.0,0.0,0.0
2024-10-01 00:00:00-04:00,566.5127147792024,567.1647607538636,559.2015746645385,561.7901000976562,72668800,0.0,0.0,0.0
2024-10-02 00:00:00-04:00,560.8910099759402,563.0547073454915,558.4803154651253,562.0271606445312,38097800,0.0,0.0,0.0
2024-10-03 00:00:00-04:00,560.5451373731803,562.9558317101478,558.6976037139259,560.9996337890625,40846500,0.0,0.0,0.0
2024-10-04 00:00:00-04:00,565.475218643551,566.4730967206212,561.2762673344769,566.09765625,42939100,0.0,0.0,0.0
2024-10-07 00:00:00-04:00,564.4378181494166,565.0899243287395,559.8239287376792,560.9798583984375,49964700,0.0,0.0,0.0
2024-10-08 00:00:00-04:00,563.5683710395065,566.8880581569168,562.6891071231569,566.2853393554688,37398700,0.0,0.0,0.0
2024-10-09 00:00:00-04:00,566.2754673649648,570.7708633231716,565.6728088468782,570.2077026367188,37912200,0.0,0.0,0.0
2024-10-10 00:00:00-04:00,568.8541774674673,570.6424343017676,567.5895231990827,569.2098388671875,44138100,0.0,0.0,0.0
2024-10-11 00:00:00-04:00,569.1307190893117,573.3593384853236,568.9923862375855,572.6183471679688,42268000,0.0,0.0,0.0
2024-10-14 00:00:00-04:00,574.2386520785454,578.2400537803853,573.7545473576104,577.3014526367188,36217200,0.0,0.0,0.0
2024-10-15 00:00:00-04:00,577.5682626319184,577.8745366754565,571.5908835628732,572.8160400390625,54203600,0.0,0.0,0.0
2024-10-16 00:00:00-04:00,572.8160349375962,575.829387978223,572.0058770840247,575.3057250976562,30725400,0.0,0.0,0.0
2024-10-17 00:00:00-04:00,578.8723393317706,579.0798386340441,575.1673823042536,575.3551025390625,34393700,0.0,0.0,0.0
2024-10-18 00:00:00-04:00,577.0544639759777,578.3586160628329,575.5823707247497,577.5682373046875,37416800,0.0,0.0,0.0
2024-10-21 00:00:00-04:00,576.8370795083325,577.8250680389981,573.6261167836691,576.6197509765625,36439000,0.0,0.0,0.0
2024-10-22 00:00:00-04:00,574.0707233027231,577.4792957916693,573.408787872185,576.3134765625,34183800,0.0,0.0,0.0
2024-10-23 00:00:00-04:00,574.2781657865612,574.722772641486,567.5202983769775,571.0474243164062,49314600,0.0,0.0,0.0
2024-10-24 00:00:00-04:00,573.0135725724089,573.0926285399634,569.644558193077,572.282470703125,34979900,0.0,0.0,0.0
2024-10-25 00:00:00-04:00,574.5252018172647,577.4397799503068,571.1364085012576,572.0848388671875,47268200,0.0,0.0,0.0
2024-10-28 00:00:00-04:00,575.5823734785425,575.7108168113346,573.5471195231146,573.8533935546875,30174700,0.0,0.0,0.0
2024-10-29 00:00:00-04:00,572.885062269683,575.9083044283614,571.4821355952707,574.7820434570312,42899700,0.0,0.0,0.0
2024-10-30 00:00:00-04:00,574.3078067989089,576.3134523756352,572.3318298218145,573.043212890625,41435800,0.0,0.0,0.0
2024-10-31 00:00:00-04:00,568.6467400018338,568.715906442973,561.6122656996035,561.8098754882812,60182500,0.0,0.0,0.0
2024-11-01 00:00:00-04:00,564.4575739167589,568.6367458037868,563.7659699347041,564.180908203125,45667500,0.0,0.0,0.0
2024-11-04 00:00:00-05:00,564.319237599237,565.6233895940205,561.0687772961523,562.9656982421875,38217000,0.0,0.0,0.0
2024-11-05 00:00:00-05:00,563.8845163682408,569.8124470478838,563.6671878549613,569.77294921875,39478300,0.0,0.0,0.0
2024-11-06 00:00:00-05:00,582.1228088428832,584.8199980241973,578.3585752472569,583.940673828125,68182000,0.0,0.0,0.0
2024-11-07 00:00:00-05:00,585.9562310221482,589.4833571706318,585.8771750583134,588.455810546875,47233200,0.0,0.0,0.0
2024-11-08 00:00:00-05:00,589.0091874412216,592.4375394769669,589.0091874412216,591.0049438476562,46444900,0.0,0.0,0.0
2024-11-11 00:00:00-05:00,592.6053690098148,592.9610303908673,589.8291237873193,591.5679931640625,37586800,0.0,0.0,0.0
2024-11-12 00:00:00-05:00,591.4889348135927,592.0915933127267,587.2307068852001,589.7303466796875,43006100,0.0,0.0,0.0
2024-11-13 00:00:00-05:00,590.1946763941613,592.0323205035678,587.813650678472,590.016845703125,47388600,0.0,0.0,0.0
2024-11-14 00:00:00-05:00,590.1453071885351,590.6294119127012,585.5314177067058,586.2229614257812,38904100,0.0,0.0,0.0
2024-11-15 00:00:00-05:00,582.6365185919044,583.1107940523099,576.8469207592872,578.7142333984375,75988800,0.0,0.0,0.0
2024-11-18 00:00:00-05:00,579.1785783846396,582.4093200141474,578.3092039992318,581.08544921875,37001700,0.0,0.0,0.0
2024-11-19 00:00:00-05:00,577.6868332829765,583.9407576739353,577.0150082743982,583.2096557617188,49412000,0.0,0.0,0.0
2024-11-20 00:00:00-05:00,583.2886727631445,583.69372152727,577.6077387195638,583.4072265625,50032600,0.0,0.0,0.0
2024-11-21 00:00:00-05:00,586.2723466346692,587.9716577549539,580.3938035345648,586.5390625,46750300,0.0,0.0,0.0
2024-11-22 00:00:00-05:00,586.5292407131672,588.9893827920057,586.0254172195599,588.3570556640625,38226400,0.0,0.0,0.0
2024-11-25 00:00:00-05:00,592.318931861111,593.6428027871202,588.0508139658752,590.3528442382812,42441400,0.0,0.0,0.0
2024-11-26 00:00:00-05:00,591.607548718168,594.1071887666359,590.8863363525481,593.4353637695312,45621300,0.0,0.0,0.0
2024-11-27 00:00:00-05:00,593.2476332102867,593.6329029196354,590.1058368216852,591.63720703125,34000200,0.0,0.0,0.0
2024-11-29 00:00:00-05:00,592.4571985640151,596.1028787945397,592.1805931218427,595.3125,30177400,0.0,0.0,0.0
2024-12-02 00:00:00-05:00,595.7273494392206,597.0611699891763,595.2333552285763,596.3794555664062,31746000,0.0,0.0,0.0
2024-12-03 00:00:00-05:00,596.1423539157369,596.903064002307,595.1049781234844,596.6560668945312,26906600,0.0,0.0,0.0
2024-12-04 00:00:00-05:00,598.3554986242718,600.6080811170303,597.6836736596936,600.361083984375,42787600,0.0,0.0,0.0
2024-12-05 00:00:00-05:00,600.3610353255455,601.1711930912362,599.0173855052907,599.373046875,28762200,0.0,0.0,0.0
2024-12-06 00:00:00-05:00,600.1437264292612,601.7541524804552,599.7287881510366,600.50927734375,31241500,0.0,0.0,0.0
2024-12-09 00:00:00-05:00,600.3907251065754,600.558666264525,596.8241011467584,597.4168701171875,34742700,0.0,0.0,0.0
2024-12-10 00:00:00-05:00,598.0986471868431,598.5234750437891,594.8975738074082,595.5595092773438,37234500,0.0,0.0,0.0
2024-12-11 00:00:00-05:00,598.5037606137593,601.1218942118659,598.2270948619083,600.16357421875,28677700,0.0,0.0,0.0
2024-12-12 00:00:00-05:00,599.2940800778147,599.8670699892645,597.0711059570312,597.0711059570312,31543800,0.0,0.0,0.0
2024-12-13 00:00:00-05:00,599.1162729918287,599.8374853272288,595.5693676109008,596.9525756835938,35904700,0.0,0.0,0.0
2024-12-16 00:00:00-05:00,598.7210366652528,600.4796851568691,597.9405474515993,599.5015258789062,43695200,0.0,0.0,0.0
2024-12-17 00:00:00-05:00,596.9327804455652,597.900989889001,595.6484074425919,597.0315551757812,55773500,0.0,0.0,0.0
2024-12-18 00:00:00-05:00,596.7252628946356,599.1260676649564,578.8525850593486,579.2379150390625,108248700,0.0,0.0,0.0
2024-12-19 00:00:00-05:00,584.2568263743534,585.8771418800329,578.8130004498754,579.0599975585938,85919500,0.0,0.0,0.0
2024-12-20 00:00:00-05:00,576.716609074651,590.5751556827481,575.8640332815654,586.01513671875,125716700,1.966,0.0,0.0
2024-12-23 00:00:00-05:00,585.7574336728889,590.1291009674258,582.555448912475,589.5244140625,57635800,0.0,0.0,0.0
2024-12-24 00:00:00-05:00,590.8824302891231,596.1165955673065,590.2975285951272,596.076904296875,33160100,0.0,0.0,0.0
2024-12-26 00:00:00-05:00,594.2925942579211,597.2466898769559,592.8849456716348,596.1166381835938,41219100,0.0,0.0,0.0
2024-12-27 00:00:00-05:00,592.3495448410098,592.5875109444909,585.6284696635397,589.841552734375,64969300,0.0,0.0,0.0
2024-12-30 00:00:00-05:00,582.7834446998471,586.5999783678407,579.3336317674779,583.1105346679688,56578800,0.0,0.0,0.0
2024-12-31 00:00:00-05:00,584.7858235548729,585.5095236812081,579.3435211584518,580.9891357421875,57052700,0.0,0.0,0.0
2025-01-02 00:00:00-05:00,584.2703854968423,585.9952616225524,575.4575923435457,579.5616455078125,50204000,0.0,0.0,0.0
2025-01-03 00:00:00-05:00,582.4265768189647,587.4524841165517,581.3360954279694,586.8081665039062,37888500,0.0,0.0,0.0
2025-01-06 00:00:00-05:00,591.0906669897693,594.4908658796807,588.4438157230102,590.1885375976562,47679400,0.0,0.0,0.0
2025-01-07 00:00:00-05:00,592.2306550581247,592.5578055433604,581.6831225375574,583.5170288085938,60393100,0.0,0.0,0.0
2025-01-08 00:00:00-05:00,583.5864517434001,585.4501265456269,580.116853410211,584.3695678710938,47304700,0.0,0.0,0.0
2025-01-10 00:00:00-05:00,580.7908883545033,580.8602875756501,573.5245418299866,575.4476928710938,73105000,0.0,0.0,0.0
2025-01-13 00:00:00-05:00,570.7687264554227,576.6967632072416,570.352331124668,576.3399047851562,47910100,0.0,0.0,0.0
2025-01-14 00:00:00-05:00,579.2840683920101,579.9185236912625,573.3262632797856,577.1329345703125,48420600,0.0,0.0,0.0
2025-01-15 00:00:00-05:00,585.2022507077428,588.7808787490047,584.082061353333,587.6309814453125,56900200,0.0,0.0,0.0
2025-01-16 00:00:00-05:00,589.0088467012978,589.1872759074608,585.7969999803885,586.5008544921875,43319700,0.0,0.0,0.0
2025-01-17 00:00:00-05:00,591.7746725476055,594.1537892227647,590.4363626944013,592.3892822265625,58070600,0.0,0.0,0.0
2025-01-21 00:00:00-05:00,595.4523751286994,597.8216293606315,593.4697477556989,597.8117065429688,42532900,0.0,0.0,0.0
2025-01-22 00:00:00-05:00,600.656799743693,602.5403200370894,600.1016664737954,601.1723022460938,48196000,0.0,0.0,0.0
2025-01-23 00:00:00-05:00,600.537850876753,604.4535522460938,600.2603144924775,604.4535522460938,41152100,0.0,0.0,0.0
2025-01-24 00:00:00-05:00,604.5130086851335,605.4746144426255,601.5291447490314,602.68896484375,34604700,0.0,0.0,0.0
2025-01-27 00:00:00-05:00,589.6433687414142,594.4809850060814,589.4748623340163,594.1637573242188,70361100,0.0,0.0,0.0
2025-01-28 00:00:00-05:00,595.4028342716128,600.1115743831343,592.0621119171008,599.2689819335938,44433300,0.0,0.0,0.0
2025-01-29 00:00:00-05:00,598.4759021527152,598.882374668965,594.0149903221018,596.58251953125,37177400,0.0,0.0,0.0
2025-01-30 00:00:00-05:00,598.7139095137852,601.3309319842132,595.5020019503173,599.7844848632812,39281300,0.0,0.0,0.0
2025-01-31 00:00:00-05:00,602.2231232896551,604.6617769781066,595.8291372870628,596.5924682617188,66566900,0.0,0.0,0.0
2025-02-03 00:00:00-05:00,587.5219003161839,595.0757062127931,585.3608436126516,592.57763671875,65857200,0.0,0.0,0.0
2025-02-04 00:00:00-05:00,592.6370941417676,597.0682373976618,592.0918837004701,596.5527954101562,33457800,0.0,0.0,0.0
2025-02-05 00:00:00-05:00,595.4226979994195,599.1202788798545,593.3805941197304,598.9715576171875,30653100,0.0,0.0,0.0
2025-02-06 00:00:00-05:00,600.726194256066,601.1822203511523,597.3953946627929,601.0533447265625,35771500,0.0,0.0,0.0
2025-02-07 00:00:00-05:00,601.6184099530446,602.8476293093627,594.8377973519179,595.5515747070312,50788500,0.0,0.0,0.0
2025-02-10 00:00:00-05:00,598.7832453434885,600.2404474451814,597.5044119428333,599.5960693359375,26048700,0.0,0.0,0.0
2025-02-11 00:00:00-05:00,597.3161491475298,600.5973955759445,597.197196325744,600.0521850585938,30056700,0.0,0.0,0.0
2025-02-12 00:00:00-05:00,593.9951801914737,599.2986842760012,593.3111713193676,598.1190185546875,45076100,0.0,0.0,0.0
2025-02-13 00:00:00-05:00,599.2293186121958,604.6419134904336,597.9604684697639,604.4337158203125,40921300,0.0,0.0,0.0
2025-02-14 00:00:00-05:00,604.6418973129976,605.6827646257742,603.7794592105552,604.4039916992188,26910400,0.0,0.0,0.0
2025-02-18 00:00:00-05:00,605.5737189248886,606.1784057617188,603.0954346706795,606.1784057617188,26749000,0.0,0.0,0.0
2025-02-19 00:00:00-05:00,604.7806761664997,607.9032780036847,604.2651736833511,607.6058959960938,31011100,0.0,0.0,0.0
2025-02-20 00:00:00-05:00,606.2279612401959,606.3667596800622,601.7472644379752,605.0780639648438,36554000,0.0,0.0,0.0
2025-02-21 00:00:00-05:00,604.8599570126433,604.9987554556133,594.2628108513653,594.728759765625,76519800,0.0,0.0,0.0
2025-02-24 00:00:00-05:00,596.7906772884849,597.7919137798638,591.3086836297409,592.0224609375,50737200,0.0,0.0,0.0
2025-02-25 00:00:00-05:00,591.9630038380435,592.6965662998072,584.4389061860617,589.0782470703125,58266500,0.0,0.0,0.0
2025-02-26 00:00:00-05:00,590.7536120583931,594.3719315476118,586.718957724097,589.3756713867188,43321600,0.0,0.0,0.0
2025-02-27 00:00:00-05:00,591.665568384651,592.8254489982988,579.571589429075,579.9680786132812,74196700,0.0,0.0,0.0
2025-02-28 00:00:00-05:00,580.4736791128596,589.5540864732496,577.3807850421597,589.018798828125,88744100,0.0,0.0,0.0
2025-03-03 00:00:00-05:00,591.0013951605243,592.1513529367862,574.8628395664972,578.69921875,74249200,0.0,0.0,0.0
2025-03-04 00:00:00-05:00,574.6745236933907,580.3051786101872,567.2793012349447,571.8492431640625,109648200,0.0,0.0,0.0
2025-03-05 00:00:00-05:00,571.6806979232716,579.7995595159383,568.1020700009266,577.995361328125,71230500,0.0,0.0,0.0
2025-03-06 00:00:00-05:00,570.4812496614657,575.1305138313668,565.1678221830052,567.7353515625,80094900,0.0,0.0,0.0
2025-03-07 00:00:00-05:00,565.9410048616534,572.374620972555,560.7167623995564,570.9173583984375,81158800,0.0,0.0,0.0
2025-03-10 00:00:00-04:00,562.6598126082816,564.5928260670291,550.7640472991095,555.710693359375,99326600,0.0,0.0,0.0
2025-03-11 00:00:00-04:00,554.5409384975098,559.1208032031337,547.2250381485285,551.0911254882812,88102100,0.0,0.0,0.0
2025-03-12 00:00:00-04:00,557.2868875538214,558.2187249887419,548.8805655060252,554.0155639648438,69588200,0.0,0.0,0.0
2025-03-13 00:00:00-04:00,553.6387831652644,554.2533928238977,544.9053118169562,546.6301879882812,74079400,0.0,0.0,0.0
2025-03-14 00:00:00-04:00,551.2794507149214,558.9324239905063,546.6995862320014,557.9212646484375,62660300,0.0,0.0,0.0
2025-03-17 00:00:00-04:00,557.9014587611023,564.7613936613525,557.4652782790344,562.2236328125,49008700,0.0,0.0,0.0
2025-03-18 00:00:00-04:00,559.8939850390469,560.1121055231899,554.203853884888,556.1468505859375,66041400,0.0,0.0,0.0
2025-03-19 00:00:00-04:00,557.9411591768904,565.9906223374012,556.7515705240334,562.2037963867188,66556000,0.0,0.0,0.0
2025-03-20 00:00:00-04:00,558.4367918514132,565.6138937221895,557.7130916703615,560.5780029296875,62958200,0.0,0.0,0.0
2025-03-21 00:00:00-04:00,556.0897976294804,561.6677826377718,554.8469278493619,560.762939453125,83763000,1.696,0.0,0.0
2025-03-24 00:00:00-04:00,567.5440394813636,571.86926269199,566.9474862667257,570.8053588867188,58766800,0.0,0.0,0.0
2025-03-25 00:00:00-04:00,572.0183689196199,573.1220227068575,570.4175672260229,572.177490234375,38355700,0.0,0.0,0.0
2025-03-26 00:00:00-04:00,571.9090077398645,573.0425195248911,563.9546412826954,565.3466796875,51848300,0.0,0.0,0.0
2025-03-27 00:00:00-04:00,563.944681183511,567.6434930945948,561.717468314772,563.8452758789062,42164200,0.0,0.0,0.0
2025-03-28 00:00:00-04:00,562.304173568215,563.0399428035041,551.903816900767,552.4904174804688,71662700,0.0,0.0,0.0
2025-03-31 00:00:00-04:00,546.6936920279248,557.5116354900671,543.750554530121,556.1991577148438,95328200,0.0,0.0,0.0
2025-04-01 00:00:00-04:00,554.270200650382,559.7288748312798,550.5216860996894,557.7700805664062,54609600,0.0,0.0,0.0
2025-04-02 00:00:00-04:00,551.883913264606,564.1833483830226,551.645291964534,561.2999267578125,76014500,0.0,0.0,0.0
2025-04-03 00:00:00-04:00,542.0005504953318,544.844221821506,533.6385498046875,533.6385498046875,125986000,0.0,0.0,0.0
2025-04-04 00:00:00-04:00,520.6828811973194,522.8703441644736,502.17905033414394,502.3977966308594,217965100,0.0,0.0,0.0
2025-04-07 00:00:00-04:00,486.3995737800916,520.1857262659767,479.0517131179981,501.5029296875,256611400,0.0,0.0,0.0
2025-04-08 00:00:00-04:00,518.8832132196871,521.9854113898446,486.36975741253633,493.64801025390625,165816600,0.0,0.0,0.0
2025-04-09 00:00:00-04:00,490.62536123459006,545.4906005859375,490.23757127668296,545.4906005859375,241867300,0.0,0.0,0.0
2025-04-10 00:00:00-04:00,529.1343786533849,530.4568090591443,506.41474390850067,521.5877075195312,162331200,0.0,0.0,0.0
2025-04-11 00:00:00-04:00,520.0266416001656,533.3700738725757,517.1034096020134,530.894287109375,97866300,0.0,0.0,0.0
2025-04-14 00:00:00-04:00,540.9466097072813,541.1753390049968,530.8147332303623,536.0447387695312,68034000,0.0,0.0,0.0
2025-04-15 00:00:00-04:00,536.5915818220184,540.1312723398183,533.7479104814203,534.5433349609375,56892900,0.0,0.0,0.0
2025-04-16 00:00:00-04:00,528.6471791077158,534.8217778198467,517.3221354783915,522.6614990234375,83484800,0.0,0.0,0.0
2025-04-17 00:00:00-04:00,524.6302516664327,528.1400842911512,520.9214870568637,523.4072265625,79868100,0.0,0.0,0.0
2025-04-21 00:00:00-04:00,518.1871723342323,518.7241309058172,505.55963388256157,510.94873046875,69368100,0.0,0.0,0.0
2025-04-22 00:00:00-04:00,517.1730636694438,526.2807870532888,516.2284704641588,524.2424926757812,75948100,0.0,0.0,0.0
2025-04-23 00:00:00-04:00,537.3472764364299,542.3187554782935,530.8346510289886,532.3658447265625,90590700,0.0,0.0,0.0
2025-04-24 00:00:00-04:00,533.6584331737259,544.3073634486632,532.3957187263146,543.5715942382812,64150400,0.0,0.0,0.0
2025-04-25 00:00:00-04:00,543.5318537188763,547.9067190711562,540.5887161390857,547.4990844726562,61119600,0.0,0.0,0.0
2025-04-28 00:00:00-04:00,548.2447832861145,550.3924355414467,541.9111238077456,547.7078247070312,47613800,0.0,0.0,0.0
2025-04-29 00:00:00-04:00,545.7789065390313,552.2816402164788,545.4209745990806,551.1580810546875,47775100,0.0,0.0,0.0
2025-04-30 00:00:00-04:00,544.4466177046888,553.3455782199762,538.4311395978207,551.3768310546875,93101500,0.0,0.0,0.0
2025-05-01 00:00:00-04:00,557.1735491438936,560.8524558505887,554.6778569018302,555.2843627929688,63186100,0.0,0.0,0.0
2025-05-02 00:00:00-04:00,561.5086499974077,565.1378539569648,559.1720791327064,563.527099609375,60717300,0.0,0.0,0.0
2025-05-05 00:00:00-04:00,559.3609528534779,563.4176964006293,558.4959204283713,560.2955932617188,38659200,0.0,0.0,0.0
2025-05-06 00:00:00-04:00,554.747455291201,560.1365216016732,553.7830174830004,555.6124877929688,48264700,0.0,0.0,0.0
2025-05-07 00:00:00-04:00,556.9548009077818,560.6038493983164,552.8681991631311,557.9490966796875,55588000,0.0,0.0,0.0
2025-05-08 00:00:00-04:00,562.0157579568283,567.0568450320475,558.4959726115572,561.8367919921875,65130800,0.0,0.0,0.0
2025-05-09 00:00:00-04:00,563.2486575047216,564.2628586264095,559.5499063100929,561.1209106445312,37603400,0.0,0.0,0.0
2025-05-12 00:00:00-04:00,578.1532016097033,579.6745034500635,573.7484781026347,579.66455078125,78993600,0.0,0.0,0.0
2025-05-13 00:00:00-04:00,580.0821265092247,585.7198277838014,579.5154312681863,583.4926147460938,67947200,0.0,0.0,0.0
2025-05-14 00:00:00-04:00,584.4570582487896,585.6203674349406,582.1999871834588,584.2383422851562,66283500,0.0,0.0,0.0
2025-05-15 00:00:00-04:00,582.2198452585625,587.5989588253952,581.7624473439984,587.0919189453125,71268100,0.0,0.0,0.0
2025-05-16 00:00:00-04:00,587.8773622746659,591.108823462645,585.9186287766337,590.810546875,76052100,0.0,0.0,0.0
2025-05-19 00:00:00-04:00,584.7453513153635,592.1429146923263,584.7453513153635,591.4568481445312,68168500,0.0,0.0,0.0
2025-05-20 00:00:00-04:00,589.7069436963179,590.661428858583,586.2368002538279,589.46826171875,60614500,0.0,0.0,0.0
2025-05-21 00:00:00-04:00,585.0834662873492,589.1998657689248,578.5012324590923,579.5352783203125,95197700,0.0,0.0,0.0
2025-05-22 00:00:00-04:00,579.3363764431303,583.2738097421649,578.0935066667054,579.7639770507812,70860400,0.0,0.0,0.0
2025-05-23 00:00:00-04:00,572.6944898379297,578.4912514897796,572.3166525694867,575.806640625,76029000,0.0,0.0,0.0
2025-05-27 00:00:00-04:00,582.7269752337963,587.9370757702034,575.1305403861026,587.7780151367188,72588500,0.0,0.0,0.0
2025-05-28 00:00:00-04:00,588.1856726822466,589.3887925532393,583.6417331947018,584.3775024414062,68445500,0.0,0.0,0.0
2025-05-29 00:00:00-04:00,589.6771054111595,589.8163213976459,582.7269869994868,586.6842651367188,69973300,0.0,0.0,0.0
2025-05-30 00:00:00-04:00,585.5706782096897,587.7581413312192,579.9131321005323,586.028076171875,90601200,0.0,0.0,0.0
2025-06-02 00:00:00-04:00,584.4073250806647,589.4086015340318,581.7227142099362,589.3291015625,61630500,0.0,0.0,0.0
2025-06-03 00:00:00-04:00,588.961210027987,593.6741624833163,588.4739541013344,592.6898193359375,63606200,0.0,0.0,0.0
2025-06-04 00:00:00-04:00,593.5548545078736,594.5391976596761,592.0932080953481,592.5307006835938,57314200,0.0,0.0,0.0
2025-06-05 00:00:00-04:00,594.2210060312028,595.5831864273371,587.6785226503756,589.6671142578125,92278700,0.0,0.0,0.0
2025-06-06 00:00:00-04:00,595.2451088486548,597.4027744725131,593.455388510206,595.722412109375,66588700,0.0,0.0,0.0
2025-06-09 00:00:00-04:00,596.2990883662742,597.8203901729,595.0761238694207,596.2593383789062,53016400,0.0,0.0,0.0
2025-06-10 00:00:00-04:00,596.7961606362574,600.027621795065,595.6726622807697,599.639892578125,66247000,0.0,0.0,0.0
2025-06-11 00:00:00-04:00,600.7436228335788,601.608655383662,595.851704156038,597.9297485351562,73658200,0.0,0.0,0.0
2025-06-12 00:00:00-04:00,596.5874347137615,600.3060913085938,596.1002394800107,600.3060913085938,64129000,0.0,0.0,0.0
2025-06-13 00:00:00-04:00,595.0860482220673,598.4169149439988,592.083255426069,593.5946044921875,89506000,0.0,0.0,0.0
2025-06-16 00:00:00-04:00,596.9752246255282,601.0021104918266,596.7961979763596,599.2421875,79984100,0.0,0.0,0.0
2025-06-17 00:00:00-04:00,596.786348727835,598.3175425273638,593.3560158231398,594.1216430664062,82209400,0.0,0.0,0.0
2025-06-18 00:00:00-04:00,595.0264003245132,597.7905111811382,593.0676059775907,594.0321044921875,76605000,0.0,0.0,0.0
2025-06-20 00:00:00-04:00,596.7256028572928,597.8026339141032,591.2208450851572,592.636962890625,94051400,1.761,0.0,0.0
2025-06-23 00:00:00-04:00,593.3948045851308,598.8795981212522,590.2535502615591,598.49072265625,87426000,0.0,0.0,0.0
2025-06-24 00:00:00-04:00,602.65917852593,606.1694051168853,601.7416782982235,605.1024169921875,67735300,0.0,0.0,0.0
2025-06-25 00:00:00-04:00,606.2292612300843,606.9273380866383,603.8658185288903,605.4414672851562,62114800,0.0,0.0,0.0
2025-06-26 00:00:00-04:00,607.306302256393,610.617130683572,606.6880212532993,610.1783447265625,78548400,0.0,0.0,0.0
2025-06-27 00:00:00-04:00,611.1855439983277,614.6858494593505,609.1412239120898,613.2098999023438,86258400,0.0,0.0,0.0
2025-06-30 00:00:00-04:00,615.6731133088892,617.5079921128906,613.3395560055452,616.1417846679688,92502500,0.0,0.0,0.0
2025-07-01 00:00:00-04:00,614.6559103723325,617.1191131155733,613.8182668389494,615.9423828125,70030100,0.0,0.0,0.0
2025-07-02 00:00:00-04:00,615.53347209637,618.7744866384667,614.9052090235124,618.734619140625,66510400,0.0,0.0,0.0
2025-07-03 00:00:00-04:00,620.7290596612153,624.5484875028751,620.7090954800537,623.611083984375,51065800,0.0,0.0,0.0
2025-07-07 00:00:00-04:00,621.6365725170731,622.3047639816969,616.1617605422166,618.9639892578125,74814500,0.0,0.0,0.0
2025-07-08 00:00:00-04:00,619.6320954349991,620.3900039601925,617.8071987595777,618.6249389648438,59024600,0.0,0.0,0.0
2025-07-09 00:00:00-04:00,621.0481832340878,622.9927431754923,619.1932795088373,622.3345947265625,66113300,0.0,0.0,0.0
2025-07-10 00:00:00-04:00,622.4742664500196,625.1368675729468,621.2875540464601,624.0897827148438,57529000,0.0,0.0,0.0
2025-07-11 00:00:00-04:00,621.0182411395347,623.1323749024951,619.8116254973129,621.8958129882812,63670200,0.0,0.0,0.0
2025-07-14 00:00:00-04:00,621.437057113524,623.4315275028133,620.0808318567448,623.08251953125,51898500,0.0,0.0,0.0
2025-07-15 00:00:00-04:00,625.7850521197855,626.1240780025647,620.340126016414,620.419921875,74317300,0.0,0.0,0.0
2025-07-16 00:00:00-04:00,622.0154871960257,623.0027403264891,616.3412163521633,622.494140625,88987500,0.0,0.0,0.0
2025-07-17 00:00:00-04:00,622.6736989062512,626.6626398066976,622.4542755061946,626.3035888671875,68885700,0.0,0.0,0.0
2025-07-18 00:00:00-04:00,627.5601250668279,627.7296380152247,624.7280110672211,625.8449096679688,65621600,0.0,0.0,0.0
2025-07-21 00:00:00-04:00,627.0316162109375,629.7939164140192,626.6028123652087,627.0316162109375,63375000,0.0,0.0,0.0
2025-07-22 00:00:00-04:00,627.3606646093982,627.9889276793821,624.4587368446605,627.121337890625,60046300,0.0,0.0,0.0
2025-07-23 00:00:00-04:00,629.8039240942028,632.4566040039062,627.9889485945137,632.4566040039062,70511000,0.0,0.0,0.0
2025-07-24 00:00:00-04:00,632.8454496264281,634.3912129187636,632.2371507469353,632.6659545898438,71307100,0.0,0.0,0.0
2025-07-25 00:00:00-04:00,633.3341702599237,635.8172763273444,633.0848614440556,635.3385620117188,56865400,0.0,0.0,0.0
2025-07-28 00:00:00-04:00,635.7175012309004,636.2759505305676,633.782862430909,635.1790161132812,54917100,0.0,0.0,0.0
2025-07-29 00:00:00-04:00,636.5850848856694,636.9042074633194,632.5862227401361,633.503662109375,60556300,0.0,0.0,0.0
2025-07-30 00:00:00-04:00,634.1617960302962,635.9169397338984,629.7939009526881,632.7058715820312,80418900,0.0,0.0,0.0
2025-07-31 00:00:00-04:00,637.6920593309911,638.0809348105399,629.0260827850975,630.3324584960938,103385200,0.0,0.0,0.0
2025-08-01 00:00:00-04:00,624.5683918435021,624.6083202058907,617.5777633723885,620.0010375976562,140103600,0.0,0.0,0.0
2025-08-04 00:00:00-04:00,623.9401331350132,629.4747763447384,623.8504160518278,629.4249267578125,73218000,0.0,0.0,0.0
2025-08-05 00:00:00-04:00,630.0432104487703,630.8609506236863,625.3063432085271,626.2337646484375,68051400,0.0,0.0,0.0
2025-08-06 00:00:00-04:00,627.310788901774,631.6886660273483,626.3933495625395,631.030517578125,64357500,0.0,0.0,0.0
2025-08-07 00:00:00-04:00,634.4809118212801,635.2188561282265,627.3706199993678,630.501953125,74205800,0.0,0.0,0.0
2025-08-08 00:00:00-04:00,632.3069659204185,635.8870671683993,631.9878433436463,635.4183349609375,64051600,0.0,0.0,0.0
2025-08-11 00:00:00-04:00,635.6975853928571,637.1834561323586,632.9052780831173,634.1618041992188,58742300,0.0,0.0,0.0
2025-08-12 00:00:00-04:00,636.5252873774225,641.0726778368414,635.0294344517399,640.9131469726562,64730800,0.0,0.0,0.0
2025-08-13 00:00:00-04:00,643.1269589799253,644.4034493171588,640.9031438473124,643.1070556640625,60092800,0.0,0.0,0.0
2025-08-14 00:00:00-04:00,641.0128079474052,643.8350006749072,640.5641007895744,643.1668701171875,59327500,0.0,0.0,0.0
2025-08-15 00:00:00-04:00,644.2040095711507,644.3037696191185,640.7436323612244,641.6610717773438,68592500,0.0,0.0,0.0
2025-08-18 00:00:00-04:00,641.0826373957427,642.2195001872421,640.40452473057,641.5214233398438,43804900,0.0,0.0,0.0
2025-08-19 00:00:00-04:00,641.341922870885,642.3291760201543,636.714736747966,638.0410766601562,69750700,0.0,0.0,0.0
2025-08-20 00:00:00-04:00,637.6322365737963,637.89146660832,631.2000571048222,636.3457641601562,88890300,0.0,0.0,0.0
2025-08-21 00:00:00-04:00,634.5208697964243,636.2061389257788,632.057667095043,633.7928466796875,54805800,0.0,0.0,0.0
2025-08-22 00:00:00-04:00,635.9967649167205,644.7125912923959,635.4881651988852,643.52587890625,84083200,0.0,0.0,0.0
2025-08-25 00:00:00-04:00,642.2593311060981,643.505875096025,640.5740011970607,640.6936645507812,51274300,0.0,0.0,0.0
2025-08-26 00:00:00-04:00,640.4245042856638,643.7253506035642,639.7962411945653,643.3762817382812,51581600,0.0,0.0,0.0
2025-08-27 00:00:00-04:00,642.7879219740594,645.580168455503,642.6383123424215,644.8422241210938,48341100,0.0,0.0,0.0
2025-08-28 00:00:00-04:00,645.4505066457858,647.6843037743214,643.5557962693775,647.1258544921875,61519500,0.0,0.0,0.0
2025-08-29 00:00:00-04:00,645.6798938838932,646.04892693251,641.361908969664,643.2666015625,74522200,0.0,0.0,0.0
2025-09-02 00:00:00-04:00,635.7374558444352,638.7191794281234,633.1645719217177,638.4998168945312,81983500,0.0,0.0,0.0
2025-09-03 00:00:00-04:00,640.8931560649971,642.4289372924937,638.6893051342267,641.960205078125,70820900,0.0,0.0,0.0
2025-09-04 00:00:00-04:00,642.6382997027142,647.3552636551144,641.7308424389964,647.3253173828125,65219200,0.0,0.0,0.0
2025-09-05 00:00:00-04:00,649.6787679935875,650.4067910780432,641.551337641252,645.4505004882812,85178900,0.0,0.0,0.0
2025-09-08 00:00:00-04:00,646.826691508285,648.0433501046099,645.4405199703039,647.0361328125,63133100,0.0,0.0,0.0
2025-09-09 00:00:00-04:00,647.1756962960839,649.0604854255209,645.4305347021028,648.531982421875,66133900,0.0,0.0,0.0
2025-09-10 00:00:00-04:00,651.8128741836446,652.7402956265305,648.8311506393708,650.4067993164062,78034500,0.0,0.0,0.0
2025-09-11 00:00:00-04:00,652.3713547945198,656.5099054682547,651.7830200765693,655.8118286132812,69934400,0.0,0.0,0.0
2025-09-12 00:00:00-04:00,655.7818843611192,657.2877193463212,655.0838683704039,655.5924072265625,72780100,0.0,0.0,0.0
2025-09-15 00:00:00-04:00,657.8162552961535,659.2123480846643,657.5170969033588,659.0827026367188,63772400,0.0,0.0,0.0
2025-09-16 00:00:00-04:00,659.6411384615709,659.9503398052897,657.3874380375795,658.1752319335938,61169000,0.0,0.0,0.0
2025-09-17 00:00:00-04:00,658.1852662695255,659.8904996422112,652.4910309141978,657.3575439453125,101952200,0.0,0.0,0.0
2025-09-18 00:00:00-04:00,660.0600439458431,663.0517496492283,658.4445277353276,660.4290161132812,90459200,0.0,0.0,0.0
2025-09-19 00:00:00-04:00,662.3300170898438,664.5499877929688,660.3699951171875,663.7000122070312,97945600,1.831,0.0,0.0
2025-09-22 00:00:00-04:00,662.2000122070312,667.2899780273438,662.1699829101562,666.8400268554688,69452200,0.0,0.0,0.0
2025-09-23 00:00:00-04:00,666.719970703125,667.3400268554688,661.97998046875,663.2100219726562,81708900,0.0,0.0,0.0
2025-09-24 00:00:00-04:00,664.510009765625,664.6099853515625,659.6699829101562,661.0999755859375,68082200,0.0,0.0,0.0
2025-09-25 00:00:00-04:00,657.9400024414062,659.4099731445312,654.4099731445312,658.0499877929688,89622100,0.0,0.0,0.0
2025-09-26 00:00:00-04:00,659.510009765625,662.3699951171875,657.8800048828125,661.8200073242188,69179200,0.0,0.0,0.0
2025-09-29 00:00:00-04:00,664.3599853515625,665.280029296875,661.8599853515625,663.6799926757812,73499000,0.0,0.0,0.0
2025-09-30 00:00:00-04:00,662.9299926757812,666.6500244140625,661.6099853515625,666.1799926757812,86288000,0.0,0.0,0.0
2025-10-01 00:00:00-04:00,663.1699829101562,669.3699951171875,663.0599975585938,668.4500122070312,72545400,0.0,0.0,0.0
2025-10-02 00:00:00-04:00,670.4500122070312,670.5700073242188,666.780029296875,669.219970703125,56896000,0.0,0.0,0.0
2025-10-03 00:00:00-04:00,669.989990234375,672.6799926757812,668.1599731445312,669.2100219726562,70419500,0.0,0.0,0.0
